[2026-08-24T08:11:56.276Z] [INFO] 🚀 Launching Antigravity E2E Sentinel engine...
[2026-08-24T08:13:03.310Z] [INFO] 🚀 Launching Antigravity E2E Sentinel engine...
[2026-08-24T08:13:06.145Z] [INFO] 
================================================================================
[2026-08-24T08:13:06.145Z] [INFO] 🌟 STARTING CONTINUOUS DIAGNOSTIC CYCLE #1 (Run Time: 0 mins)
[2026-08-24T08:13:06.146Z] [INFO] ================================================================================
[2026-08-24T08:13:06.146Z] [INFO] Checking FastAPI Port 8000 state...
[2026-08-24T08:13:08.720Z] [CRITICAL] ❌ FastAPI backend unreachable on Port 8000!
[2026-08-24T08:13:08.720Z] [WARNING] ⚠️ INITIATING AUTOMATED SELF-HEALING ACTION FOR: FASTAPI_DOWN
[2026-08-24T08:13:08.984Z] [SYSTEM] Targeting FastAPI Core... Wiping stagnant uvicorn sockets & rebooting server...
[2026-08-24T08:13:09.112Z] [CRITICAL] ❌ Critical Fail: Self-healing operation failed to run: Command failed: pkill -f uvicorn || true
[2026-08-24T08:13:19.125Z] [INFO] 
================================================================================
[2026-08-24T08:13:19.127Z] [INFO] 🌟 STARTING CONTINUOUS DIAGNOSTIC CYCLE #2 (Run Time: 0 mins)
[2026-08-24T08:13:19.128Z] [INFO] ================================================================================
[2026-08-24T08:13:19.128Z] [INFO] Checking FastAPI Port 8000 state...
[2026-08-24T08:13:21.484Z] [CRITICAL] ❌ FastAPI backend unreachable on Port 8000!
[2026-08-24T08:13:21.484Z] [WARNING] ⚠️ INITIATING AUTOMATED SELF-HEALING ACTION FOR: FASTAPI_DOWN
[2026-08-24T08:13:21.484Z] [SYSTEM] Targeting FastAPI Core... Wiping stagnant uvicorn sockets & rebooting server...
[2026-08-24T08:13:21.566Z] [CRITICAL] ❌ Critical Fail: Self-healing operation failed to run: Command failed: pkill -f uvicorn || true
[2026-08-24T08:13:31.580Z] [INFO] 
================================================================================
[2026-08-24T08:13:31.581Z] [INFO] 🌟 STARTING CONTINUOUS DIAGNOSTIC CYCLE #3 (Run Time: 0 mins)
[2026-08-24T08:13:31.582Z] [INFO] ================================================================================
[2026-08-24T08:13:31.582Z] [INFO] Checking FastAPI Port 8000 state...
[2026-08-24T08:13:33.943Z] [CRITICAL] ❌ FastAPI backend unreachable on Port 8000!
[2026-08-24T08:13:33.943Z] [WARNING] ⚠️ INITIATING AUTOMATED SELF-HEALING ACTION FOR: FASTAPI_DOWN
[2026-08-24T08:13:33.944Z] [SYSTEM] Targeting FastAPI Core... Wiping stagnant uvicorn sockets & rebooting server...
[2026-08-24T08:13:34.067Z] [CRITICAL] ❌ Critical Fail: Self-healing operation failed to run: Command failed: pkill -f uvicorn || true
[2026-08-24T08:13:44.082Z] [INFO] 
================================================================================
[2026-08-24T08:13:44.083Z] [INFO] 🌟 STARTING CONTINUOUS DIAGNOSTIC CYCLE #4 (Run Time: 1 mins)
[2026-08-24T08:13:44.083Z] [INFO] ================================================================================
[2026-08-24T08:13:44.083Z] [INFO] Checking FastAPI Port 8000 state...
[2026-08-24T08:13:46.424Z] [CRITICAL] ❌ FastAPI backend unreachable on Port 8000!
[2026-08-24T08:13:46.424Z] [WARNING] ⚠️ INITIATING AUTOMATED SELF-HEALING ACTION FOR: FASTAPI_DOWN
[2026-08-24T08:13:46.425Z] [SYSTEM] Targeting FastAPI Core... Wiping stagnant uvicorn sockets & rebooting server...
[2026-08-24T08:13:46.487Z] [CRITICAL] ❌ Critical Fail: Self-healing operation failed to run: Command failed: pkill -f uvicorn || true
[2026-08-24T08:13:56.488Z] [INFO] 
================================================================================
[2026-08-24T08:13:56.607Z] [INFO] 🌟 STARTING CONTINUOUS DIAGNOSTIC CYCLE #5 (Run Time: 1 mins)
[2026-08-24T08:13:56.607Z] [INFO] ================================================================================
[2026-08-24T08:13:56.607Z] [INFO] Checking FastAPI Port 8000 state...
[2026-08-24T08:13:58.954Z] [CRITICAL] ❌ FastAPI backend unreachable on Port 8000!
[2026-08-24T08:13:58.954Z] [WARNING] ⚠️ INITIATING AUTOMATED SELF-HEALING ACTION FOR: FASTAPI_DOWN
[2026-08-24T08:13:58.954Z] [SYSTEM] Targeting FastAPI Core... Wiping stagnant uvicorn sockets & rebooting server...
[2026-08-24T08:13:58.982Z] [CRITICAL] ❌ Critical Fail: Self-healing operation failed to run: Command failed: pkill -f uvicorn || true
[2026-08-24T08:14:15.083Z] [INFO] 🚀 Launching Antigravity E2E Sentinel engine...
[2026-08-24T08:14:15.689Z] [INFO] 
================================================================================
[2026-08-24T08:14:15.690Z] [INFO] 🌟 STARTING CONTINUOUS DIAGNOSTIC CYCLE #1 (Run Time: 0 mins)
[2026-08-24T08:14:15.690Z] [INFO] ================================================================================
[2026-08-24T08:14:15.690Z] [INFO] Checking FastAPI Port 8000 state...
[2026-08-24T08:14:18.067Z] [CRITICAL] ❌ FastAPI backend unreachable on Port 8000!
[2026-08-24T08:14:18.067Z] [WARNING] ⚠️ INITIATING AUTOMATED SELF-HEALING ACTION FOR: FASTAPI_DOWN
[2026-08-24T08:14:18.068Z] [SYSTEM] Targeting FastAPI Core... Wiping stagnant uvicorn sockets & rebooting server...
[2026-08-24T08:14:18.668Z] [INFO] ✅ Self-healing protocols dispatched and verified successfully.
[2026-08-24T08:14:28.677Z] [INFO] 
================================================================================
[2026-08-24T08:14:28.678Z] [INFO] 🌟 STARTING CONTINUOUS DIAGNOSTIC CYCLE #2 (Run Time: 0 mins)
[2026-08-24T08:14:28.678Z] [INFO] ================================================================================
[2026-08-24T08:14:28.678Z] [INFO] Checking FastAPI Port 8000 state...
[2026-08-24T08:14:31.024Z] [CRITICAL] ❌ FastAPI backend unreachable on Port 8000!
[2026-08-24T08:14:31.024Z] [WARNING] ⚠️ INITIATING AUTOMATED SELF-HEALING ACTION FOR: FASTAPI_DOWN
[2026-08-24T08:14:31.024Z] [SYSTEM] Targeting FastAPI Core... Wiping stagnant uvicorn sockets & rebooting server...
[2026-08-24T08:14:31.397Z] [INFO] ✅ Self-healing protocols dispatched and verified successfully.
[2026-08-24T08:14:41.403Z] [INFO] 
================================================================================
[2026-08-24T08:14:41.403Z] [INFO] 🌟 STARTING CONTINUOUS DIAGNOSTIC CYCLE #3 (Run Time: 0 mins)
[2026-08-24T08:14:41.404Z] [INFO] ================================================================================
[2026-08-24T08:14:41.404Z] [INFO] Checking FastAPI Port 8000 state...
[2026-08-24T08:14:43.766Z] [CRITICAL] ❌ FastAPI backend unreachable on Port 8000!
[2026-08-24T08:14:43.767Z] [WARNING] ⚠️ INITIATING AUTOMATED SELF-HEALING ACTION FOR: FASTAPI_DOWN
[2026-08-24T08:14:43.767Z] [SYSTEM] Targeting FastAPI Core... Wiping stagnant uvicorn sockets & rebooting server...
[2026-08-24T08:14:44.163Z] [INFO] ✅ Self-healing protocols dispatched and verified successfully.
[2026-08-24T08:14:54.170Z] [INFO] 
================================================================================
[2026-08-24T08:14:54.170Z] [INFO] 🌟 STARTING CONTINUOUS DIAGNOSTIC CYCLE #4 (Run Time: 1 mins)
[2026-08-24T08:14:54.171Z] [INFO] ================================================================================
[2026-08-24T08:14:54.171Z] [INFO] Checking FastAPI Port 8000 state...
[2026-08-24T08:14:56.532Z] [CRITICAL] ❌ FastAPI backend unreachable on Port 8000!
[2026-08-24T08:14:56.532Z] [WARNING] ⚠️ INITIATING AUTOMATED SELF-HEALING ACTION FOR: FASTAPI_DOWN
[2026-08-24T08:14:56.532Z] [SYSTEM] Targeting FastAPI Core... Wiping stagnant uvicorn sockets & rebooting server...
[2026-08-24T08:14:56.997Z] [INFO] ✅ Self-healing protocols dispatched and verified successfully.
[2026-08-24T08:15:07.015Z] [INFO] 
================================================================================
[2026-08-24T08:15:07.016Z] [INFO] 🌟 STARTING CONTINUOUS DIAGNOSTIC CYCLE #5 (Run Time: 1 mins)
[2026-08-24T08:15:07.016Z] [INFO] ================================================================================
[2026-08-24T08:15:07.017Z] [INFO] Checking FastAPI Port 8000 state...
[2026-08-24T08:15:09.376Z] [CRITICAL] ❌ FastAPI backend unreachable on Port 8000!
[2026-08-24T08:15:09.379Z] [WARNING] ⚠️ INITIATING AUTOMATED SELF-HEALING ACTION FOR: FASTAPI_DOWN
[2026-08-24T08:15:09.380Z] [SYSTEM] Targeting FastAPI Core... Wiping stagnant uvicorn sockets & rebooting server...
[2026-08-24T08:15:09.789Z] [INFO] ✅ Self-healing protocols dispatched and verified successfully.
[2026-08-24T08:15:19.802Z] [INFO] 
================================================================================
[2026-08-24T08:15:19.803Z] [INFO] 🌟 STARTING CONTINUOUS DIAGNOSTIC CYCLE #6 (Run Time: 1 mins)
[2026-08-24T08:15:19.803Z] [INFO] ================================================================================
[2026-08-24T08:15:19.803Z] [INFO] Checking FastAPI Port 8000 state...
[2026-08-24T08:15:22.159Z] [CRITICAL] ❌ FastAPI backend unreachable on Port 8000!
[2026-08-24T08:15:22.159Z] [WARNING] ⚠️ INITIATING AUTOMATED SELF-HEALING ACTION FOR: FASTAPI_DOWN
[2026-08-24T08:15:22.160Z] [SYSTEM] Targeting FastAPI Core... Wiping stagnant uvicorn sockets & rebooting server...
[2026-08-24T08:15:22.566Z] [INFO] ✅ Self-healing protocols dispatched and verified successfully.
[2026-08-24T08:15:32.579Z] [INFO] 
================================================================================
[2026-08-24T08:15:32.579Z] [INFO] 🌟 STARTING CONTINUOUS DIAGNOSTIC CYCLE #7 (Run Time: 1 mins)
[2026-08-24T08:15:32.579Z] [INFO] ================================================================================
[2026-08-24T08:15:32.580Z] [INFO] Checking FastAPI Port 8000 state...
[2026-08-24T08:15:34.927Z] [CRITICAL] ❌ FastAPI backend unreachable on Port 8000!
[2026-08-24T08:15:34.927Z] [WARNING] ⚠️ INITIATING AUTOMATED SELF-HEALING ACTION FOR: FASTAPI_DOWN
[2026-08-24T08:15:34.927Z] [SYSTEM] Targeting FastAPI Core... Wiping stagnant uvicorn sockets & rebooting server...
[2026-08-24T08:15:35.356Z] [INFO] ✅ Self-healing protocols dispatched and verified successfully.
[2026-08-24T08:15:45.369Z] [INFO] 
================================================================================
[2026-08-24T08:15:45.370Z] [INFO] 🌟 STARTING CONTINUOUS DIAGNOSTIC CYCLE #8 (Run Time: 1 mins)
[2026-08-24T08:15:45.370Z] [INFO] ================================================================================
[2026-08-24T08:15:45.370Z] [INFO] Checking FastAPI Port 8000 state...
[2026-08-24T08:15:47.719Z] [CRITICAL] ❌ FastAPI backend unreachable on Port 8000!
[2026-08-24T08:15:47.719Z] [WARNING] ⚠️ INITIATING AUTOMATED SELF-HEALING ACTION FOR: FASTAPI_DOWN
[2026-08-24T08:15:47.719Z] [SYSTEM] Targeting FastAPI Core... Wiping stagnant uvicorn sockets & rebooting server...
[2026-08-24T08:15:48.176Z] [INFO] ✅ Self-healing protocols dispatched and verified successfully.
[2026-08-24T08:15:58.188Z] [INFO] 
================================================================================
[2026-08-24T08:15:58.189Z] [INFO] 🌟 STARTING CONTINUOUS DIAGNOSTIC CYCLE #9 (Run Time: 2 mins)
[2026-08-24T08:15:58.189Z] [INFO] ================================================================================
[2026-08-24T08:15:58.189Z] [INFO] Checking FastAPI Port 8000 state...
[2026-08-24T08:16:00.562Z] [CRITICAL] ❌ FastAPI backend unreachable on Port 8000!
[2026-08-24T08:16:00.563Z] [WARNING] ⚠️ INITIATING AUTOMATED SELF-HEALING ACTION FOR: FASTAPI_DOWN
[2026-08-24T08:16:00.563Z] [SYSTEM] Targeting FastAPI Core... Wiping stagnant uvicorn sockets & rebooting server...
[2026-08-24T08:16:01.205Z] [INFO] ✅ Self-healing protocols dispatched and verified successfully.
[2026-08-24T08:16:11.220Z] [INFO] 
================================================================================
[2026-08-24T08:16:11.220Z] [INFO] 🌟 STARTING CONTINUOUS DIAGNOSTIC CYCLE #10 (Run Time: 2 mins)
[2026-08-24T08:16:11.221Z] [INFO] ================================================================================
[2026-08-24T08:16:11.221Z] [INFO] Checking FastAPI Port 8000 state...
[2026-08-24T08:16:13.572Z] [CRITICAL] ❌ FastAPI backend unreachable on Port 8000!
[2026-08-24T08:16:13.572Z] [WARNING] ⚠️ INITIATING AUTOMATED SELF-HEALING ACTION FOR: FASTAPI_DOWN
[2026-08-24T08:16:13.572Z] [SYSTEM] Targeting FastAPI Core... Wiping stagnant uvicorn sockets & rebooting server...
[2026-08-24T08:16:14.020Z] [INFO] ✅ Self-healing protocols dispatched and verified successfully.
[2026-08-24T08:16:24.028Z] [INFO] 
================================================================================
[2026-08-24T08:16:24.029Z] [INFO] 🌟 STARTING CONTINUOUS DIAGNOSTIC CYCLE #11 (Run Time: 2 mins)
[2026-08-24T08:16:24.029Z] [INFO] ================================================================================
[2026-08-24T08:16:24.029Z] [INFO] Checking FastAPI Port 8000 state...
[2026-08-24T08:16:26.390Z] [CRITICAL] ❌ FastAPI backend unreachable on Port 8000!
[2026-08-24T08:16:26.390Z] [WARNING] ⚠️ INITIATING AUTOMATED SELF-HEALING ACTION FOR: FASTAPI_DOWN
[2026-08-24T08:16:26.391Z] [SYSTEM] Targeting FastAPI Core... Wiping stagnant uvicorn sockets & rebooting server...
[2026-08-24T08:16:26.755Z] [INFO] ✅ Self-healing protocols dispatched and verified successfully.
[2026-08-24T08:16:36.771Z] [INFO] 
================================================================================
[2026-08-24T08:16:36.771Z] [INFO] 🌟 STARTING CONTINUOUS DIAGNOSTIC CYCLE #12 (Run Time: 2 mins)
[2026-08-24T08:16:36.772Z] [INFO] ================================================================================
[2026-08-24T08:16:36.772Z] [INFO] Checking FastAPI Port 8000 state...
[2026-08-24T08:16:39.143Z] [CRITICAL] ❌ FastAPI backend unreachable on Port 8000!
[2026-08-24T08:16:39.143Z] [WARNING] ⚠️ INITIATING AUTOMATED SELF-HEALING ACTION FOR: FASTAPI_DOWN
[2026-08-24T08:16:39.144Z] [SYSTEM] Targeting FastAPI Core... Wiping stagnant uvicorn sockets & rebooting server...
[2026-08-24T08:16:39.507Z] [INFO] ✅ Self-healing protocols dispatched and verified successfully.
[2026-08-24T08:16:49.517Z] [INFO] 
================================================================================
[2026-08-24T08:16:49.517Z] [INFO] 🌟 STARTING CONTINUOUS DIAGNOSTIC CYCLE #13 (Run Time: 3 mins)
[2026-08-24T08:16:49.517Z] [INFO] ================================================================================
[2026-08-24T08:16:49.518Z] [INFO] Checking FastAPI Port 8000 state...
[2026-08-24T08:16:51.877Z] [CRITICAL] ❌ FastAPI backend unreachable on Port 8000!
[2026-08-24T08:16:51.877Z] [WARNING] ⚠️ INITIATING AUTOMATED SELF-HEALING ACTION FOR: FASTAPI_DOWN
[2026-08-24T08:16:51.878Z] [SYSTEM] Targeting FastAPI Core... Wiping stagnant uvicorn sockets & rebooting server...
[2026-08-24T08:16:52.258Z] [INFO] ✅ Self-healing protocols dispatched and verified successfully.
[2026-08-24T08:17:02.268Z] [INFO] 
================================================================================
[2026-08-24T08:17:02.268Z] [INFO] 🌟 STARTING CONTINUOUS DIAGNOSTIC CYCLE #14 (Run Time: 3 mins)
[2026-08-24T08:17:02.269Z] [INFO] ================================================================================
[2026-08-24T08:17:02.269Z] [INFO] Checking FastAPI Port 8000 state...
[2026-08-24T08:17:04.611Z] [CRITICAL] ❌ FastAPI backend unreachable on Port 8000!
[2026-08-24T08:17:04.612Z] [WARNING] ⚠️ INITIATING AUTOMATED SELF-HEALING ACTION FOR: FASTAPI_DOWN
[2026-08-24T08:17:04.612Z] [SYSTEM] Targeting FastAPI Core... Wiping stagnant uvicorn sockets & rebooting server...
[2026-08-24T08:17:04.976Z] [INFO] ✅ Self-healing protocols dispatched and verified successfully.
[2026-08-24T08:17:14.978Z] [INFO] 
================================================================================
[2026-08-24T08:17:14.979Z] [INFO] 🌟 STARTING CONTINUOUS DIAGNOSTIC CYCLE #15 (Run Time: 3 mins)
[2026-08-24T08:17:14.979Z] [INFO] ================================================================================
[2026-08-24T08:17:14.979Z] [INFO] Checking FastAPI Port 8000 state...
[2026-08-24T08:17:17.351Z] [CRITICAL] ❌ FastAPI backend unreachable on Port 8000!
[2026-08-24T08:17:17.352Z] [WARNING] ⚠️ INITIATING AUTOMATED SELF-HEALING ACTION FOR: FASTAPI_DOWN
[2026-08-24T08:17:17.352Z] [SYSTEM] Targeting FastAPI Core... Wiping stagnant uvicorn sockets & rebooting server...
[2026-08-24T08:17:17.729Z] [INFO] ✅ Self-healing protocols dispatched and verified successfully.
[2026-08-24T08:17:27.737Z] [INFO] 
================================================================================
[2026-08-24T08:17:27.737Z] [INFO] 🌟 STARTING CONTINUOUS DIAGNOSTIC CYCLE #16 (Run Time: 3 mins)
[2026-08-24T08:17:27.737Z] [INFO] ================================================================================
[2026-08-24T08:17:27.737Z] [INFO] Checking FastAPI Port 8000 state...
[2026-08-24T08:17:30.086Z] [CRITICAL] ❌ FastAPI backend unreachable on Port 8000!
[2026-08-24T08:17:30.086Z] [WARNING] ⚠️ INITIATING AUTOMATED SELF-HEALING ACTION FOR: FASTAPI_DOWN
[2026-08-24T08:17:30.086Z] [SYSTEM] Targeting FastAPI Core... Wiping stagnant uvicorn sockets & rebooting server...
[2026-08-24T08:17:30.445Z] [INFO] ✅ Self-healing protocols dispatched and verified successfully.
[2026-08-24T08:17:40.456Z] [INFO] 
================================================================================
[2026-08-24T08:17:40.456Z] [INFO] 🌟 STARTING CONTINUOUS DIAGNOSTIC CYCLE #17 (Run Time: 3 mins)
[2026-08-24T08:17:40.457Z] [INFO] ================================================================================
[2026-08-24T08:17:40.457Z] [INFO] Checking FastAPI Port 8000 state...
[2026-08-24T08:17:42.815Z] [CRITICAL] ❌ FastAPI backend unreachable on Port 8000!
[2026-08-24T08:17:42.815Z] [WARNING] ⚠️ INITIATING AUTOMATED SELF-HEALING ACTION FOR: FASTAPI_DOWN
[2026-08-24T08:17:42.815Z] [SYSTEM] Targeting FastAPI Core... Wiping stagnant uvicorn sockets & rebooting server...
[2026-08-24T08:17:43.169Z] [INFO] ✅ Self-healing protocols dispatched and verified successfully.
[2026-08-24T08:17:53.182Z] [INFO] 
================================================================================
[2026-08-24T08:17:53.182Z] [INFO] 🌟 STARTING CONTINUOUS DIAGNOSTIC CYCLE #18 (Run Time: 4 mins)
[2026-08-24T08:17:53.183Z] [INFO] ================================================================================
[2026-08-24T08:17:53.183Z] [INFO] Checking FastAPI Port 8000 state...
[2026-08-24T08:17:55.556Z] [CRITICAL] ❌ FastAPI backend unreachable on Port 8000!
[2026-08-24T08:17:55.557Z] [WARNING] ⚠️ INITIATING AUTOMATED SELF-HEALING ACTION FOR: FASTAPI_DOWN
[2026-08-24T08:17:55.557Z] [SYSTEM] Targeting FastAPI Core... Wiping stagnant uvicorn sockets & rebooting server...
[2026-08-24T08:17:55.920Z] [INFO] ✅ Self-healing protocols dispatched and verified successfully.
[2026-08-24T08:18:05.923Z] [INFO] 
================================================================================
[2026-08-24T08:18:05.924Z] [INFO] 🌟 STARTING CONTINUOUS DIAGNOSTIC CYCLE #19 (Run Time: 4 mins)
[2026-08-24T08:18:05.924Z] [INFO] ================================================================================
[2026-08-24T08:18:05.924Z] [INFO] Checking FastAPI Port 8000 state...
[2026-08-24T08:18:08.282Z] [CRITICAL] ❌ FastAPI backend unreachable on Port 8000!
[2026-08-24T08:18:08.282Z] [WARNING] ⚠️ INITIATING AUTOMATED SELF-HEALING ACTION FOR: FASTAPI_DOWN
[2026-08-24T08:18:08.282Z] [SYSTEM] Targeting FastAPI Core... Wiping stagnant uvicorn sockets & rebooting server...
[2026-08-24T08:18:08.632Z] [INFO] ✅ Self-healing protocols dispatched and verified successfully.
[2026-08-24T08:18:18.637Z] [INFO] 
================================================================================
[2026-08-24T08:18:18.638Z] [INFO] 🌟 STARTING CONTINUOUS DIAGNOSTIC CYCLE #20 (Run Time: 4 mins)
[2026-08-24T08:18:18.638Z] [INFO] ================================================================================
[2026-08-24T08:18:18.638Z] [INFO] Checking FastAPI Port 8000 state...
[2026-08-24T08:18:21.001Z] [CRITICAL] ❌ FastAPI backend unreachable on Port 8000!
[2026-08-24T08:18:21.001Z] [WARNING] ⚠️ INITIATING AUTOMATED SELF-HEALING ACTION FOR: FASTAPI_DOWN
[2026-08-24T08:18:21.002Z] [SYSTEM] Targeting FastAPI Core... Wiping stagnant uvicorn sockets & rebooting server...
[2026-08-24T08:18:21.349Z] [INFO] ✅ Self-healing protocols dispatched and verified successfully.
[2026-08-24T08:18:31.360Z] [INFO] 
================================================================================
[2026-08-24T08:18:31.360Z] [INFO] 🌟 STARTING CONTINUOUS DIAGNOSTIC CYCLE #21 (Run Time: 4 mins)
[2026-08-24T08:18:31.360Z] [INFO] ================================================================================
[2026-08-24T08:18:31.361Z] [INFO] Checking FastAPI Port 8000 state...
[2026-08-24T08:18:33.722Z] [CRITICAL] ❌ FastAPI backend unreachable on Port 8000!
[2026-08-24T08:18:33.723Z] [WARNING] ⚠️ INITIATING AUTOMATED SELF-HEALING ACTION FOR: FASTAPI_DOWN
[2026-08-24T08:18:33.723Z] [SYSTEM] Targeting FastAPI Core... Wiping stagnant uvicorn sockets & rebooting server...
[2026-08-24T08:18:34.086Z] [INFO] ✅ Self-healing protocols dispatched and verified successfully.
[2026-08-24T08:18:44.094Z] [INFO] 
================================================================================
[2026-08-24T08:18:44.094Z] [INFO] 🌟 STARTING CONTINUOUS DIAGNOSTIC CYCLE #22 (Run Time: 4 mins)
[2026-08-24T08:18:44.094Z] [INFO] ================================================================================
[2026-08-24T08:18:44.095Z] [INFO] Checking FastAPI Port 8000 state...
[2026-08-24T08:18:46.452Z] [CRITICAL] ❌ FastAPI backend unreachable on Port 8000!
[2026-08-24T08:18:46.452Z] [WARNING] ⚠️ INITIATING AUTOMATED SELF-HEALING ACTION FOR: FASTAPI_DOWN
[2026-08-24T08:18:46.453Z] [SYSTEM] Targeting FastAPI Core... Wiping stagnant uvicorn sockets & rebooting server...
[2026-08-24T08:18:46.929Z] [INFO] ✅ Self-healing protocols dispatched and verified successfully.
[2026-08-24T08:18:56.939Z] [INFO] 
================================================================================
[2026-08-24T08:18:56.940Z] [INFO] 🌟 STARTING CONTINUOUS DIAGNOSTIC CYCLE #23 (Run Time: 5 mins)
[2026-08-24T08:18:56.940Z] [INFO] ================================================================================
[2026-08-24T08:18:56.940Z] [INFO] Checking FastAPI Port 8000 state...
[2026-08-24T08:18:59.293Z] [CRITICAL] ❌ FastAPI backend unreachable on Port 8000!
[2026-08-24T08:18:59.293Z] [WARNING] ⚠️ INITIATING AUTOMATED SELF-HEALING ACTION FOR: FASTAPI_DOWN
[2026-08-24T08:18:59.293Z] [SYSTEM] Targeting FastAPI Core... Wiping stagnant uvicorn sockets & rebooting server...
[2026-08-24T08:18:59.944Z] [INFO] ✅ Self-healing protocols dispatched and verified successfully.
[2026-08-24T08:19:09.959Z] [INFO] 
================================================================================
[2026-08-24T08:19:09.959Z] [INFO] 🌟 STARTING CONTINUOUS DIAGNOSTIC CYCLE #24 (Run Time: 5 mins)
[2026-08-24T08:19:09.960Z] [INFO] ================================================================================
[2026-08-24T08:19:09.960Z] [INFO] Checking FastAPI Port 8000 state...
[2026-08-24T08:19:12.325Z] [CRITICAL] ❌ FastAPI backend unreachable on Port 8000!
[2026-08-24T08:19:12.326Z] [WARNING] ⚠️ INITIATING AUTOMATED SELF-HEALING ACTION FOR: FASTAPI_DOWN
[2026-08-24T08:19:12.326Z] [SYSTEM] Targeting FastAPI Core... Wiping stagnant uvicorn sockets & rebooting server...
[2026-08-24T08:19:12.676Z] [INFO] ✅ Self-healing protocols dispatched and verified successfully.
[2026-08-24T08:19:22.686Z] [INFO] 
================================================================================
[2026-08-24T08:19:22.687Z] [INFO] 🌟 STARTING CONTINUOUS DIAGNOSTIC CYCLE #25 (Run Time: 5 mins)
[2026-08-24T08:19:22.687Z] [INFO] ================================================================================
[2026-08-24T08:19:22.687Z] [INFO] Checking FastAPI Port 8000 state...
[2026-08-24T08:19:25.021Z] [CRITICAL] ❌ FastAPI backend unreachable on Port 8000!
[2026-08-24T08:19:25.022Z] [WARNING] ⚠️ INITIATING AUTOMATED SELF-HEALING ACTION FOR: FASTAPI_DOWN
[2026-08-24T08:19:25.022Z] [SYSTEM] Targeting FastAPI Core... Wiping stagnant uvicorn sockets & rebooting server...
[2026-08-24T08:19:25.371Z] [INFO] ✅ Self-healing protocols dispatched and verified successfully.
[2026-08-24T08:19:35.384Z] [INFO] 
================================================================================
[2026-08-24T08:19:35.385Z] [INFO] 🌟 STARTING CONTINUOUS DIAGNOSTIC CYCLE #26 (Run Time: 5 mins)
[2026-08-24T08:19:35.386Z] [INFO] ================================================================================
[2026-08-24T08:19:35.386Z] [INFO] Checking FastAPI Port 8000 state...
[2026-08-24T08:19:37.723Z] [CRITICAL] ❌ FastAPI backend unreachable on Port 8000!
[2026-08-24T08:19:37.723Z] [WARNING] ⚠️ INITIATING AUTOMATED SELF-HEALING ACTION FOR: FASTAPI_DOWN
[2026-08-24T08:19:37.723Z] [SYSTEM] Targeting FastAPI Core... Wiping stagnant uvicorn sockets & rebooting server...
[2026-08-24T08:19:38.071Z] [INFO] ✅ Self-healing protocols dispatched and verified successfully.
[2026-08-24T08:19:48.082Z] [INFO] 
================================================================================
[2026-08-24T08:19:48.083Z] [INFO] 🌟 STARTING CONTINUOUS DIAGNOSTIC CYCLE #27 (Run Time: 6 mins)
[2026-08-24T08:19:48.083Z] [INFO] ================================================================================
[2026-08-24T08:19:48.083Z] [INFO] Checking FastAPI Port 8000 state...
[2026-08-24T08:19:50.461Z] [CRITICAL] ❌ FastAPI backend unreachable on Port 8000!
[2026-08-24T08:19:50.462Z] [WARNING] ⚠️ INITIATING AUTOMATED SELF-HEALING ACTION FOR: FASTAPI_DOWN
[2026-08-24T08:19:50.462Z] [SYSTEM] Targeting FastAPI Core... Wiping stagnant uvicorn sockets & rebooting server...
[2026-08-24T08:19:50.824Z] [INFO] ✅ Self-healing protocols dispatched and verified successfully.
[2026-08-24T08:20:00.842Z] [INFO] 
================================================================================
[2026-08-24T08:20:00.843Z] [INFO] 🌟 STARTING CONTINUOUS DIAGNOSTIC CYCLE #28 (Run Time: 6 mins)
[2026-08-24T08:20:00.843Z] [INFO] ================================================================================
[2026-08-24T08:20:00.843Z] [INFO] Checking FastAPI Port 8000 state...
[2026-08-24T08:20:03.188Z] [CRITICAL] ❌ FastAPI backend unreachable on Port 8000!
[2026-08-24T08:20:03.189Z] [WARNING] ⚠️ INITIATING AUTOMATED SELF-HEALING ACTION FOR: FASTAPI_DOWN
[2026-08-24T08:20:03.189Z] [SYSTEM] Targeting FastAPI Core... Wiping stagnant uvicorn sockets & rebooting server...
[2026-08-24T08:20:03.659Z] [INFO] ✅ Self-healing protocols dispatched and verified successfully.
[2026-08-24T08:20:13.666Z] [INFO] 
================================================================================
[2026-08-24T08:20:13.667Z] [INFO] 🌟 STARTING CONTINUOUS DIAGNOSTIC CYCLE #29 (Run Time: 6 mins)
[2026-08-24T08:20:13.667Z] [INFO] ================================================================================
[2026-08-24T08:20:13.668Z] [INFO] Checking FastAPI Port 8000 state...
[2026-08-24T08:20:16.059Z] [CRITICAL] ❌ FastAPI backend unreachable on Port 8000!
[2026-08-24T08:20:16.059Z] [WARNING] ⚠️ INITIATING AUTOMATED SELF-HEALING ACTION FOR: FASTAPI_DOWN
[2026-08-24T08:20:16.060Z] [SYSTEM] Targeting FastAPI Core... Wiping stagnant uvicorn sockets & rebooting server...
[2026-08-24T08:20:16.412Z] [INFO] ✅ Self-healing protocols dispatched and verified successfully.
[2026-08-24T08:20:26.417Z] [INFO] 
================================================================================
[2026-08-24T08:20:26.418Z] [INFO] 🌟 STARTING CONTINUOUS DIAGNOSTIC CYCLE #30 (Run Time: 6 mins)
[2026-08-24T08:20:26.418Z] [INFO] ================================================================================
[2026-08-24T08:20:26.418Z] [INFO] Checking FastAPI Port 8000 state...
[2026-08-24T08:20:28.775Z] [CRITICAL] ❌ FastAPI backend unreachable on Port 8000!
[2026-08-24T08:20:28.776Z] [WARNING] ⚠️ INITIATING AUTOMATED SELF-HEALING ACTION FOR: FASTAPI_DOWN
[2026-08-24T08:20:28.776Z] [SYSTEM] Targeting FastAPI Core... Wiping stagnant uvicorn sockets & rebooting server...
[2026-08-24T08:20:29.129Z] [INFO] ✅ Self-healing protocols dispatched and verified successfully.
[2026-08-24T08:20:39.139Z] [INFO] 
================================================================================
[2026-08-24T08:20:39.139Z] [INFO] 🌟 STARTING CONTINUOUS DIAGNOSTIC CYCLE #31 (Run Time: 6 mins)
[2026-08-24T08:20:39.139Z] [INFO] ================================================================================
[2026-08-24T08:20:39.140Z] [INFO] Checking FastAPI Port 8000 state...
[2026-08-24T08:20:41.513Z] [CRITICAL] ❌ FastAPI backend unreachable on Port 8000!
[2026-08-24T08:20:41.513Z] [WARNING] ⚠️ INITIATING AUTOMATED SELF-HEALING ACTION FOR: FASTAPI_DOWN
[2026-08-24T08:20:41.513Z] [SYSTEM] Targeting FastAPI Core... Wiping stagnant uvicorn sockets & rebooting server...
[2026-08-24T08:20:41.861Z] [INFO] ✅ Self-healing protocols dispatched and verified successfully.
[2026-08-24T08:20:51.862Z] [INFO] 
================================================================================
[2026-08-24T08:20:51.863Z] [INFO] 🌟 STARTING CONTINUOUS DIAGNOSTIC CYCLE #32 (Run Time: 7 mins)
[2026-08-24T08:20:51.863Z] [INFO] ================================================================================
[2026-08-24T08:20:51.864Z] [INFO] Checking FastAPI Port 8000 state...
[2026-08-24T08:20:54.199Z] [CRITICAL] ❌ FastAPI backend unreachable on Port 8000!
[2026-08-24T08:20:54.200Z] [WARNING] ⚠️ INITIATING AUTOMATED SELF-HEALING ACTION FOR: FASTAPI_DOWN
[2026-08-24T08:20:54.200Z] [SYSTEM] Targeting FastAPI Core... Wiping stagnant uvicorn sockets & rebooting server...
[2026-08-24T08:20:54.552Z] [INFO] ✅ Self-healing protocols dispatched and verified successfully.
[2026-08-24T08:21:04.563Z] [INFO] 
================================================================================
[2026-08-24T08:21:04.564Z] [INFO] 🌟 STARTING CONTINUOUS DIAGNOSTIC CYCLE #33 (Run Time: 7 mins)
[2026-08-24T08:21:04.564Z] [INFO] ================================================================================
[2026-08-24T08:21:04.564Z] [INFO] Checking FastAPI Port 8000 state...
[2026-08-24T08:21:06.914Z] [CRITICAL] ❌ FastAPI backend unreachable on Port 8000!
[2026-08-24T08:21:06.914Z] [WARNING] ⚠️ INITIATING AUTOMATED SELF-HEALING ACTION FOR: FASTAPI_DOWN
[2026-08-24T08:21:06.915Z] [SYSTEM] Targeting FastAPI Core... Wiping stagnant uvicorn sockets & rebooting server...
[2026-08-24T08:21:07.265Z] [INFO] ✅ Self-healing protocols dispatched and verified successfully.
[2026-08-24T08:21:17.270Z] [INFO] 
================================================================================
[2026-08-24T08:21:17.270Z] [INFO] 🌟 STARTING CONTINUOUS DIAGNOSTIC CYCLE #34 (Run Time: 7 mins)
[2026-08-24T08:21:17.270Z] [INFO] ================================================================================
[2026-08-24T08:21:17.270Z] [INFO] Checking FastAPI Port 8000 state...
[2026-08-24T08:21:19.618Z] [CRITICAL] ❌ FastAPI backend unreachable on Port 8000!
[2026-08-24T08:21:19.618Z] [WARNING] ⚠️ INITIATING AUTOMATED SELF-HEALING ACTION FOR: FASTAPI_DOWN
[2026-08-24T08:21:19.618Z] [SYSTEM] Targeting FastAPI Core... Wiping stagnant uvicorn sockets & rebooting server...
[2026-08-24T08:21:20.016Z] [INFO] ✅ Self-healing protocols dispatched and verified successfully.
[2026-08-24T08:21:30.031Z] [INFO] 
================================================================================
[2026-08-24T08:21:30.031Z] [INFO] 🌟 STARTING CONTINUOUS DIAGNOSTIC CYCLE #35 (Run Time: 7 mins)
[2026-08-24T08:21:30.031Z] [INFO] ================================================================================
[2026-08-24T08:21:30.032Z] [INFO] Checking FastAPI Port 8000 state...
[2026-08-24T08:21:32.381Z] [CRITICAL] ❌ FastAPI backend unreachable on Port 8000!
[2026-08-24T08:21:32.381Z] [WARNING] ⚠️ INITIATING AUTOMATED SELF-HEALING ACTION FOR: FASTAPI_DOWN
[2026-08-24T08:21:32.381Z] [SYSTEM] Targeting FastAPI Core... Wiping stagnant uvicorn sockets & rebooting server...
[2026-08-24T08:21:32.765Z] [INFO] ✅ Self-healing protocols dispatched and verified successfully.
[2026-08-24T08:21:42.773Z] [INFO] 
================================================================================
[2026-08-24T08:21:42.774Z] [INFO] 🌟 STARTING CONTINUOUS DIAGNOSTIC CYCLE #36 (Run Time: 7 mins)
[2026-08-24T08:21:42.774Z] [INFO] ================================================================================
[2026-08-24T08:21:42.774Z] [INFO] Checking FastAPI Port 8000 state...
[2026-08-24T08:21:45.133Z] [CRITICAL] ❌ FastAPI backend unreachable on Port 8000!
[2026-08-24T08:21:45.134Z] [WARNING] ⚠️ INITIATING AUTOMATED SELF-HEALING ACTION FOR: FASTAPI_DOWN
[2026-08-24T08:21:45.134Z] [SYSTEM] Targeting FastAPI Core... Wiping stagnant uvicorn sockets & rebooting server...
[2026-08-24T08:21:45.483Z] [INFO] ✅ Self-healing protocols dispatched and verified successfully.
[2026-08-24T08:21:55.494Z] [INFO] 
================================================================================
[2026-08-24T08:21:55.494Z] [INFO] 🌟 STARTING CONTINUOUS DIAGNOSTIC CYCLE #37 (Run Time: 8 mins)
[2026-08-24T08:21:55.494Z] [INFO] ================================================================================
[2026-08-24T08:21:55.495Z] [INFO] Checking FastAPI Port 8000 state...
[2026-08-24T08:21:57.853Z] [CRITICAL] ❌ FastAPI backend unreachable on Port 8000!
[2026-08-24T08:21:57.853Z] [WARNING] ⚠️ INITIATING AUTOMATED SELF-HEALING ACTION FOR: FASTAPI_DOWN
[2026-08-24T08:21:57.853Z] [SYSTEM] Targeting FastAPI Core... Wiping stagnant uvicorn sockets & rebooting server...
[2026-08-24T08:21:58.201Z] [INFO] ✅ Self-healing protocols dispatched and verified successfully.
[2026-08-24T08:22:08.209Z] [INFO] 
================================================================================
[2026-08-24T08:22:08.209Z] [INFO] 🌟 STARTING CONTINUOUS DIAGNOSTIC CYCLE #38 (Run Time: 8 mins)
[2026-08-24T08:22:08.209Z] [INFO] ================================================================================
[2026-08-24T08:22:08.210Z] [INFO] Checking FastAPI Port 8000 state...
[2026-08-24T08:22:10.563Z] [CRITICAL] ❌ FastAPI backend unreachable on Port 8000!
[2026-08-24T08:22:10.564Z] [WARNING] ⚠️ INITIATING AUTOMATED SELF-HEALING ACTION FOR: FASTAPI_DOWN
[2026-08-24T08:22:10.565Z] [SYSTEM] Targeting FastAPI Core... Wiping stagnant uvicorn sockets & rebooting server...
[2026-08-24T08:22:11.068Z] [INFO] ✅ Self-healing protocols dispatched and verified successfully.
[2026-08-24T08:22:21.073Z] [INFO] 
================================================================================
[2026-08-24T08:22:21.073Z] [INFO] 🌟 STARTING CONTINUOUS DIAGNOSTIC CYCLE #39 (Run Time: 8 mins)
[2026-08-24T08:22:21.074Z] [INFO] ================================================================================
[2026-08-24T08:22:21.074Z] [INFO] Checking FastAPI Port 8000 state...
[2026-08-24T08:22:23.421Z] [CRITICAL] ❌ FastAPI backend unreachable on Port 8000!
[2026-08-24T08:22:23.421Z] [WARNING] ⚠️ INITIATING AUTOMATED SELF-HEALING ACTION FOR: FASTAPI_DOWN
[2026-08-24T08:22:23.421Z] [SYSTEM] Targeting FastAPI Core... Wiping stagnant uvicorn sockets & rebooting server...
[2026-08-24T08:22:23.775Z] [INFO] ✅ Self-healing protocols dispatched and verified successfully.
[2026-08-24T08:22:33.788Z] [INFO] 
================================================================================
[2026-08-24T08:22:33.788Z] [INFO] 🌟 STARTING CONTINUOUS DIAGNOSTIC CYCLE #40 (Run Time: 8 mins)
[2026-08-24T08:22:33.788Z] [INFO] ================================================================================
[2026-08-24T08:22:33.788Z] [INFO] Checking FastAPI Port 8000 state...
[2026-08-24T08:22:36.156Z] [CRITICAL] ❌ FastAPI backend unreachable on Port 8000!
[2026-08-24T08:22:36.156Z] [WARNING] ⚠️ INITIATING AUTOMATED SELF-HEALING ACTION FOR: FASTAPI_DOWN
[2026-08-24T08:22:36.157Z] [SYSTEM] Targeting FastAPI Core... Wiping stagnant uvicorn sockets & rebooting server...
[2026-08-24T08:22:36.529Z] [INFO] ✅ Self-healing protocols dispatched and verified successfully.
[2026-08-24T08:22:46.539Z] [INFO] 
================================================================================
[2026-08-24T08:22:46.540Z] [INFO] 🌟 STARTING CONTINUOUS DIAGNOSTIC CYCLE #41 (Run Time: 9 mins)
[2026-08-24T08:22:46.540Z] [INFO] ================================================================================
[2026-08-24T08:22:46.540Z] [INFO] Checking FastAPI Port 8000 state...
[2026-08-24T08:22:48.914Z] [CRITICAL] ❌ FastAPI backend unreachable on Port 8000!
[2026-08-24T08:22:48.916Z] [WARNING] ⚠️ INITIATING AUTOMATED SELF-HEALING ACTION FOR: FASTAPI_DOWN
[2026-08-24T08:22:48.916Z] [SYSTEM] Targeting FastAPI Core... Wiping stagnant uvicorn sockets & rebooting server...
[2026-08-24T08:22:49.277Z] [INFO] ✅ Self-healing protocols dispatched and verified successfully.
[2026-08-24T08:22:59.290Z] [INFO] 
================================================================================
[2026-08-24T08:22:59.290Z] [INFO] 🌟 STARTING CONTINUOUS DIAGNOSTIC CYCLE #42 (Run Time: 9 mins)
[2026-08-24T08:22:59.291Z] [INFO] ================================================================================
[2026-08-24T08:22:59.291Z] [INFO] Checking FastAPI Port 8000 state...
[2026-08-24T08:23:01.645Z] [CRITICAL] ❌ FastAPI backend unreachable on Port 8000!
[2026-08-24T08:23:01.646Z] [WARNING] ⚠️ INITIATING AUTOMATED SELF-HEALING ACTION FOR: FASTAPI_DOWN
[2026-08-24T08:23:01.646Z] [SYSTEM] Targeting FastAPI Core... Wiping stagnant uvicorn sockets & rebooting server...
[2026-08-24T08:23:02.007Z] [INFO] ✅ Self-healing protocols dispatched and verified successfully.
[2026-08-24T08:23:12.018Z] [INFO] 
================================================================================
[2026-08-24T08:23:12.018Z] [INFO] 🌟 STARTING CONTINUOUS DIAGNOSTIC CYCLE #43 (Run Time: 9 mins)
[2026-08-24T08:23:12.019Z] [INFO] ================================================================================
[2026-08-24T08:23:12.019Z] [INFO] Checking FastAPI Port 8000 state...
[2026-08-24T08:23:14.392Z] [CRITICAL] ❌ FastAPI backend unreachable on Port 8000!
[2026-08-24T08:23:14.393Z] [WARNING] ⚠️ INITIATING AUTOMATED SELF-HEALING ACTION FOR: FASTAPI_DOWN
[2026-08-24T08:23:14.393Z] [SYSTEM] Targeting FastAPI Core... Wiping stagnant uvicorn sockets & rebooting server...
[2026-08-24T08:23:14.763Z] [INFO] ✅ Self-healing protocols dispatched and verified successfully.
[2026-08-24T08:23:24.770Z] [INFO] 
================================================================================
[2026-08-24T08:23:24.770Z] [INFO] 🌟 STARTING CONTINUOUS DIAGNOSTIC CYCLE #44 (Run Time: 9 mins)
[2026-08-24T08:23:24.771Z] [INFO] ================================================================================
[2026-08-24T08:23:24.771Z] [INFO] Checking FastAPI Port 8000 state...
[2026-08-24T08:23:27.094Z] [CRITICAL] ❌ FastAPI backend unreachable on Port 8000!
[2026-08-24T08:23:27.095Z] [WARNING] ⚠️ INITIATING AUTOMATED SELF-HEALING ACTION FOR: FASTAPI_DOWN
[2026-08-24T08:23:27.095Z] [SYSTEM] Targeting FastAPI Core... Wiping stagnant uvicorn sockets & rebooting server...
[2026-08-24T08:23:27.443Z] [INFO] ✅ Self-healing protocols dispatched and verified successfully.
[2026-08-24T08:23:37.460Z] [INFO] 
================================================================================
[2026-08-24T08:23:37.460Z] [INFO] 🌟 STARTING CONTINUOUS DIAGNOSTIC CYCLE #45 (Run Time: 9 mins)
[2026-08-24T08:23:37.461Z] [INFO] ================================================================================
[2026-08-24T08:23:37.461Z] [INFO] Checking FastAPI Port 8000 state...
[2026-08-24T08:23:39.815Z] [CRITICAL] ❌ FastAPI backend unreachable on Port 8000!
[2026-08-24T08:23:39.816Z] [WARNING] ⚠️ INITIATING AUTOMATED SELF-HEALING ACTION FOR: FASTAPI_DOWN
[2026-08-24T08:23:39.816Z] [SYSTEM] Targeting FastAPI Core... Wiping stagnant uvicorn sockets & rebooting server...
[2026-08-24T08:23:40.162Z] [INFO] ✅ Self-healing protocols dispatched and verified successfully.
[2026-08-24T08:23:50.173Z] [INFO] 
================================================================================
[2026-08-24T08:23:50.173Z] [INFO] 🌟 STARTING CONTINUOUS DIAGNOSTIC CYCLE #46 (Run Time: 10 mins)
[2026-08-24T08:23:50.173Z] [INFO] ================================================================================
[2026-08-24T08:23:50.173Z] [INFO] Checking FastAPI Port 8000 state...
[2026-08-24T08:23:52.512Z] [CRITICAL] ❌ FastAPI backend unreachable on Port 8000!
[2026-08-24T08:23:52.513Z] [WARNING] ⚠️ INITIATING AUTOMATED SELF-HEALING ACTION FOR: FASTAPI_DOWN
[2026-08-24T08:23:52.513Z] [SYSTEM] Targeting FastAPI Core... Wiping stagnant uvicorn sockets & rebooting server...
[2026-08-24T08:23:52.865Z] [INFO] ✅ Self-healing protocols dispatched and verified successfully.
[2026-08-24T08:24:02.868Z] [INFO] 
================================================================================
[2026-08-24T08:24:02.869Z] [INFO] 🌟 STARTING CONTINUOUS DIAGNOSTIC CYCLE #47 (Run Time: 10 mins)
[2026-08-24T08:24:02.869Z] [INFO] ================================================================================
[2026-08-24T08:24:02.869Z] [INFO] Checking FastAPI Port 8000 state...
[2026-08-24T08:24:05.250Z] [CRITICAL] ❌ FastAPI backend unreachable on Port 8000!
[2026-08-24T08:24:05.250Z] [WARNING] ⚠️ INITIATING AUTOMATED SELF-HEALING ACTION FOR: FASTAPI_DOWN
[2026-08-24T08:24:05.250Z] [SYSTEM] Targeting FastAPI Core... Wiping stagnant uvicorn sockets & rebooting server...
[2026-08-24T08:24:05.563Z] [INFO] ✅ Self-healing protocols dispatched and verified successfully.
[2026-08-24T08:24:15.566Z] [INFO] 
================================================================================
[2026-08-24T08:24:15.566Z] [INFO] 🌟 STARTING CONTINUOUS DIAGNOSTIC CYCLE #48 (Run Time: 10 mins)
[2026-08-24T08:24:15.566Z] [INFO] ================================================================================
[2026-08-24T08:24:15.567Z] [INFO] Checking FastAPI Port 8000 state...
[2026-08-24T08:24:17.935Z] [CRITICAL] ❌ FastAPI backend unreachable on Port 8000!
[2026-08-24T08:24:17.936Z] [WARNING] ⚠️ INITIATING AUTOMATED SELF-HEALING ACTION FOR: FASTAPI_DOWN
[2026-08-24T08:24:17.936Z] [SYSTEM] Targeting FastAPI Core... Wiping stagnant uvicorn sockets & rebooting server...
[2026-08-24T08:24:18.279Z] [INFO] ✅ Self-healing protocols dispatched and verified successfully.
[2026-08-24T08:24:28.284Z] [INFO] 🏁 Antigravity E2E Sentinel engine has reached its 10-hour limit. Shutting down browser.
[2026-08-24T08:25:45.359Z] [INFO] 🚀 Launching Antigravity E2E Sentinel engine...
[2026-08-24T08:25:45.770Z] [INFO] 
================================================================================
[2026-08-24T08:25:45.771Z] [INFO] 🌟 STARTING CONTINUOUS DIAGNOSTIC CYCLE #1 (Run Time: 0 mins)
[2026-08-24T08:25:45.771Z] [INFO] ================================================================================
[2026-08-24T08:25:45.771Z] [INFO] Checking FastAPI Port 8000 state...
[2026-08-24T08:25:48.128Z] [CRITICAL] ❌ FastAPI backend unreachable on Port 8000!
[2026-08-24T08:25:48.129Z] [WARNING] ⚠️ INITIATING AUTOMATED SELF-HEALING ACTION FOR: FASTAPI_DOWN
[2026-08-24T08:25:48.129Z] [SYSTEM] Targeting FastAPI Core... Wiping stagnant uvicorn sockets & rebooting server...
[2026-08-24T08:25:48.890Z] [INFO] ✅ Self-healing protocols dispatched and verified successfully.
[2026-08-24T08:25:58.903Z] [INFO] 
================================================================================
[2026-08-24T08:25:58.904Z] [INFO] 🌟 STARTING CONTINUOUS DIAGNOSTIC CYCLE #2 (Run Time: 0 mins)
[2026-08-24T08:25:58.904Z] [INFO] ================================================================================
[2026-08-24T08:25:58.904Z] [INFO] Checking FastAPI Port 8000 state...
[2026-08-24T08:25:59.271Z] [INFO] 🟢 FastAPI Backend is online. Verification Latency: 367ms
[2026-08-24T08:25:59.272Z] [INFO] Checking Next.js Port 3001 login terminal...
[2026-08-24T08:26:01.607Z] [CRITICAL] ❌ Critical cycle intercept caught: page.goto: net::ERR_CONNECTION_REFUSED at http://localhost:3001/login
Call log:
[2m  - navigating to "http://localhost:3001/login", waiting until "domcontentloaded"[22m

[2026-08-24T08:26:16.609Z] [INFO] 
================================================================================
[2026-08-24T08:26:16.609Z] [INFO] 🌟 STARTING CONTINUOUS DIAGNOSTIC CYCLE #3 (Run Time: 1 mins)
[2026-08-24T08:26:16.610Z] [INFO] ================================================================================
[2026-08-24T08:26:16.610Z] [INFO] Checking FastAPI Port 8000 state...
[2026-08-24T08:26:16.704Z] [INFO] 🟢 FastAPI Backend is online. Verification Latency: 94ms
[2026-08-24T08:26:16.705Z] [INFO] Checking Next.js Port 3001 login terminal...
[2026-08-24T08:26:19.074Z] [CRITICAL] ❌ Critical cycle intercept caught: page.goto: net::ERR_CONNECTION_REFUSED at http://localhost:3001/login
Call log:
[2m  - navigating to "http://localhost:3001/login", waiting until "domcontentloaded"[22m

[2026-08-24T08:26:34.076Z] [INFO] 
================================================================================
[2026-08-24T08:26:34.077Z] [INFO] 🌟 STARTING CONTINUOUS DIAGNOSTIC CYCLE #4 (Run Time: 1 mins)
[2026-08-24T08:26:34.077Z] [INFO] ================================================================================
[2026-08-24T08:26:34.077Z] [INFO] Checking FastAPI Port 8000 state...
[2026-08-24T08:26:34.484Z] [INFO] 🟢 FastAPI Backend is online. Verification Latency: 407ms
[2026-08-24T08:26:34.484Z] [INFO] Checking Next.js Port 3001 login terminal...
[2026-08-24T08:26:36.834Z] [CRITICAL] ❌ Critical cycle intercept caught: page.goto: net::ERR_CONNECTION_REFUSED at http://localhost:3001/login
Call log:
[2m  - navigating to "http://localhost:3001/login", waiting until "domcontentloaded"[22m

[2026-08-24T08:26:51.839Z] [INFO] 
================================================================================
[2026-08-24T08:26:51.858Z] [INFO] 🌟 STARTING CONTINUOUS DIAGNOSTIC CYCLE #5 (Run Time: 1 mins)
[2026-08-24T08:26:51.859Z] [INFO] ================================================================================
[2026-08-24T08:26:51.859Z] [INFO] Checking FastAPI Port 8000 state...
[2026-08-24T08:26:52.067Z] [INFO] 🟢 FastAPI Backend is online. Verification Latency: 207ms
[2026-08-24T08:26:52.068Z] [INFO] Checking Next.js Port 3001 login terminal...
[2026-08-24T08:26:54.457Z] [CRITICAL] ❌ Critical cycle intercept caught: page.goto: net::ERR_CONNECTION_REFUSED at http://localhost:3001/login
Call log:
[2m  - navigating to "http://localhost:3001/login", waiting until "domcontentloaded"[22m

[2026-08-24T08:27:09.463Z] [INFO] 
================================================================================
[2026-08-24T08:27:09.463Z] [INFO] 🌟 STARTING CONTINUOUS DIAGNOSTIC CYCLE #6 (Run Time: 1 mins)
[2026-08-24T08:27:09.465Z] [INFO] ================================================================================
[2026-08-24T08:27:09.465Z] [INFO] Checking FastAPI Port 8000 state...
[2026-08-24T08:27:09.804Z] [INFO] 🟢 FastAPI Backend is online. Verification Latency: 338ms
[2026-08-24T08:27:09.805Z] [INFO] Checking Next.js Port 3001 login terminal...
[2026-08-24T08:27:12.168Z] [CRITICAL] ❌ Critical cycle intercept caught: page.goto: net::ERR_CONNECTION_REFUSED at http://localhost:3001/login
Call log:
[2m  - navigating to "http://localhost:3001/login", waiting until "domcontentloaded"[22m

[2026-08-24T08:27:27.182Z] [INFO] 
================================================================================
[2026-08-24T08:27:27.182Z] [INFO] 🌟 STARTING CONTINUOUS DIAGNOSTIC CYCLE #7 (Run Time: 2 mins)
[2026-08-24T08:27:27.183Z] [INFO] ================================================================================
[2026-08-24T08:27:27.183Z] [INFO] Checking FastAPI Port 8000 state...
[2026-08-24T08:27:27.284Z] [INFO] 🟢 FastAPI Backend is online. Verification Latency: 101ms
[2026-08-24T08:27:27.284Z] [INFO] Checking Next.js Port 3001 login terminal...
[2026-08-24T08:27:29.649Z] [CRITICAL] ❌ Critical cycle intercept caught: page.goto: net::ERR_CONNECTION_REFUSED at http://localhost:3001/login
Call log:
[2m  - navigating to "http://localhost:3001/login", waiting until "domcontentloaded"[22m

[2026-08-24T08:27:44.656Z] [INFO] 
================================================================================
[2026-08-24T08:27:44.656Z] [INFO] 🌟 STARTING CONTINUOUS DIAGNOSTIC CYCLE #8 (Run Time: 2 mins)
[2026-08-24T08:27:44.657Z] [INFO] ================================================================================
[2026-08-24T08:27:44.657Z] [INFO] Checking FastAPI Port 8000 state...
[2026-08-24T08:27:45.216Z] [INFO] 🟢 FastAPI Backend is online. Verification Latency: 559ms
[2026-08-24T08:27:45.216Z] [INFO] Checking Next.js Port 3001 login terminal...
[2026-08-24T08:27:47.613Z] [CRITICAL] ❌ Critical cycle intercept caught: page.goto: net::ERR_CONNECTION_REFUSED at http://localhost:3001/login
Call log:
[2m  - navigating to "http://localhost:3001/login", waiting until "domcontentloaded"[22m

[2026-08-24T08:28:02.624Z] [INFO] 
================================================================================
[2026-08-24T08:28:02.624Z] [INFO] 🌟 STARTING CONTINUOUS DIAGNOSTIC CYCLE #9 (Run Time: 2 mins)
[2026-08-24T08:28:02.624Z] [INFO] ================================================================================
[2026-08-24T08:28:02.625Z] [INFO] Checking FastAPI Port 8000 state...
[2026-08-24T08:28:02.745Z] [INFO] 🟢 FastAPI Backend is online. Verification Latency: 120ms
[2026-08-24T08:28:02.746Z] [INFO] Checking Next.js Port 3001 login terminal...
[2026-08-24T08:28:05.105Z] [CRITICAL] ❌ Critical cycle intercept caught: page.goto: net::ERR_CONNECTION_REFUSED at http://localhost:3001/login
Call log:
[2m  - navigating to "http://localhost:3001/login", waiting until "domcontentloaded"[22m

[2026-08-24T08:28:20.114Z] [INFO] 
================================================================================
[2026-08-24T08:28:20.115Z] [INFO] 🌟 STARTING CONTINUOUS DIAGNOSTIC CYCLE #10 (Run Time: 3 mins)
[2026-08-24T08:28:20.115Z] [INFO] ================================================================================
[2026-08-24T08:28:20.115Z] [INFO] Checking FastAPI Port 8000 state...
[2026-08-24T08:28:20.458Z] [INFO] 🟢 FastAPI Backend is online. Verification Latency: 343ms
[2026-08-24T08:28:20.459Z] [INFO] Checking Next.js Port 3001 login terminal...
[2026-08-24T08:28:22.820Z] [CRITICAL] ❌ Critical cycle intercept caught: page.goto: net::ERR_CONNECTION_REFUSED at http://localhost:3001/login
Call log:
[2m  - navigating to "http://localhost:3001/login", waiting until "domcontentloaded"[22m

[2026-08-24T08:28:35.181Z] [INFO] 🚀 Launching Antigravity E2E Sentinel engine...
[2026-08-24T08:28:35.655Z] [INFO] 
================================================================================
[2026-08-24T08:28:35.655Z] [INFO] 🌟 STARTING CONTINUOUS DIAGNOSTIC CYCLE #1 (Run Time: 0 mins)
[2026-08-24T08:28:35.656Z] [INFO] ================================================================================
[2026-08-24T08:28:35.656Z] [INFO] Checking FastAPI Port 8000 state...
[2026-08-24T08:28:38.065Z] [CRITICAL] ❌ FastAPI backend unreachable on Port 8000!
[2026-08-24T08:28:38.066Z] [WARNING] ⚠️ INITIATING AUTOMATED SELF-HEALING ACTION FOR: FASTAPI_DOWN
[2026-08-24T08:28:38.066Z] [SYSTEM] Targeting FastAPI Core... Wiping stagnant uvicorn sockets & rebooting server...
[2026-08-24T08:28:39.071Z] [INFO] ✅ Self-healing protocols dispatched and verified successfully.
[2026-08-24T08:28:49.092Z] [INFO] 
================================================================================
[2026-08-24T08:28:49.096Z] [INFO] 🌟 STARTING CONTINUOUS DIAGNOSTIC CYCLE #2 (Run Time: 0 mins)
[2026-08-24T08:28:49.097Z] [INFO] ================================================================================
[2026-08-24T08:28:49.097Z] [INFO] Checking FastAPI Port 8000 state...
[2026-08-24T08:28:49.451Z] [INFO] 🟢 FastAPI Backend is online. Verification Latency: 353ms
[2026-08-24T08:28:49.451Z] [INFO] Checking Next.js Port 3001 login terminal...
[2026-08-24T08:28:59.466Z] [CRITICAL] ❌ Next.js unreachable: page.goto: Timeout 10000ms exceeded.
Call log:
[2m  - navigating to "http://localhost:3005/login", waiting until "domcontentloaded"[22m

[2026-08-24T08:28:59.466Z] [CRITICAL] ❌ Next.js application returned invalid status code: NO_RESPONSE
[2026-08-24T08:28:59.467Z] [WARNING] ⚠️ INITIATING AUTOMATED SELF-HEALING ACTION FOR: NEXTJS_DOWN
[2026-08-24T08:28:59.467Z] [SYSTEM] Targeting Next.js Web Server... Attempting PM2 recycling process...
[2026-08-24T08:29:20.144Z] [CRITICAL] ❌ Critical Fail: Self-healing operation failed to run: Command failed: npx pm2 restart suffat-erp
[2026-08-24T08:29:30.158Z] [INFO] 
================================================================================
[2026-08-24T08:29:30.163Z] [INFO] 🌟 STARTING CONTINUOUS DIAGNOSTIC CYCLE #3 (Run Time: 1 mins)
[2026-08-24T08:29:30.163Z] [INFO] ================================================================================
[2026-08-24T08:29:30.163Z] [INFO] Checking FastAPI Port 8000 state...
[2026-08-24T08:29:30.391Z] [INFO] 🟢 FastAPI Backend is online. Verification Latency: 227ms
[2026-08-24T08:29:30.393Z] [INFO] Checking Next.js Port 3001 login terminal...
[2026-08-24T08:29:40.432Z] [CRITICAL] ❌ Next.js unreachable: page.goto: Timeout 10000ms exceeded.
Call log:
[2m  - navigating to "http://localhost:3005/login", waiting until "domcontentloaded"[22m

[2026-08-24T08:29:40.435Z] [CRITICAL] ❌ Next.js application returned invalid status code: NO_RESPONSE
[2026-08-24T08:29:40.435Z] [WARNING] ⚠️ INITIATING AUTOMATED SELF-HEALING ACTION FOR: NEXTJS_DOWN
[2026-08-24T08:29:40.436Z] [SYSTEM] Targeting Next.js Web Server... Attempting PM2 recycling process...
[2026-08-24T08:30:06.906Z] [CRITICAL] ❌ Critical Fail: Self-healing operation failed to run: Command failed: npx pm2 restart suffat-erp
[2026-08-24T08:30:16.925Z] [INFO] 
================================================================================
[2026-08-24T08:30:16.925Z] [INFO] 🌟 STARTING CONTINUOUS DIAGNOSTIC CYCLE #4 (Run Time: 2 mins)
[2026-08-24T08:30:16.926Z] [INFO] ================================================================================
[2026-08-24T08:30:16.926Z] [INFO] Checking FastAPI Port 8000 state...
[2026-08-24T08:30:17.525Z] [INFO] 🟢 FastAPI Backend is online. Verification Latency: 599ms
[2026-08-24T08:30:17.525Z] [INFO] Checking Next.js Port 3001 login terminal...
[2026-08-24T08:30:18.327Z] [SUCCESS] ⚡ Performance SLA verified for [/login]: 801ms
[2026-08-24T08:30:18.327Z] [INFO] Injecting session claims and verifying middleware token generation...
[2026-08-24T08:30:21.536Z] [INFO] Handshake successfully committed in: 2541ms
[2026-08-24T08:30:21.536Z] [INFO] Navigating to the central command node: http://localhost:3005/app/suffat/main/erp
[2026-08-24T08:30:22.484Z] [INFO] Triggering action node: Other Staff Directory (Non-Faculty)
[2026-08-24T08:30:23.122Z] [WARNING] ⚠️ KPI Target Element [[data-kpi="other-staff"]] not present in current view. Skipping...
[2026-08-24T08:30:23.122Z] [INFO] Triggering action node: Academic Faculty Directory
[2026-08-24T08:30:23.249Z] [WARNING] ⚠️ KPI Target Element [[data-kpi="faculty"]] not present in current view. Skipping...
[2026-08-24T08:30:23.249Z] [INFO] Triggering action node: Active Centers Panel
[2026-08-24T08:30:23.322Z] [WARNING] ⚠️ KPI Target Element [[data-kpi="active-centers"]] not present in current view. Skipping...
[2026-08-24T08:30:23.322Z] [INFO] Evaluating Dexie.js offline DB initialization parameters...
[2026-08-24T08:30:23.471Z] [WARNING] ⚠️ Offline storage was not detected in local session context.
[2026-08-24T08:30:23.472Z] [INFO] ✅ Cycle #4 diagnostic check complete. Entering cooldown state...
[2026-08-24T08:30:53.483Z] [INFO] 
================================================================================
[2026-08-24T08:30:53.484Z] [INFO] 🌟 STARTING CONTINUOUS DIAGNOSTIC CYCLE #5 (Run Time: 2 mins)
[2026-08-24T08:30:53.484Z] [INFO] ================================================================================
[2026-08-24T08:30:53.484Z] [INFO] Checking FastAPI Port 8000 state...
[2026-08-24T08:30:53.520Z] [INFO] 🟢 FastAPI Backend is online. Verification Latency: 36ms
[2026-08-24T08:30:53.520Z] [INFO] Checking Next.js Port 3001 login terminal...
[2026-08-24T08:30:53.852Z] [SUCCESS] ⚡ Performance SLA verified for [/login]: 331ms
[2026-08-24T08:30:53.852Z] [INFO] Injecting session claims and verifying middleware token generation...
[2026-08-24T08:30:57.243Z] [INFO] Handshake successfully committed in: 3128ms
[2026-08-24T08:30:57.243Z] [INFO] Navigating to the central command node: http://localhost:3005/app/suffat/main/erp
[2026-08-24T08:30:58.223Z] [INFO] Triggering action node: Other Staff Directory (Non-Faculty)
[2026-08-24T08:30:58.267Z] [WARNING] ⚠️ KPI Target Element [[data-kpi="other-staff"]] not present in current view. Skipping...
[2026-08-24T08:30:58.267Z] [INFO] Triggering action node: Academic Faculty Directory
[2026-08-24T08:30:58.277Z] [WARNING] ⚠️ KPI Target Element [[data-kpi="faculty"]] not present in current view. Skipping...
[2026-08-24T08:30:58.277Z] [INFO] Triggering action node: Active Centers Panel
[2026-08-24T08:30:58.281Z] [WARNING] ⚠️ KPI Target Element [[data-kpi="active-centers"]] not present in current view. Skipping...
[2026-08-24T08:30:58.282Z] [INFO] Evaluating Dexie.js offline DB initialization parameters...
[2026-08-24T08:30:58.309Z] [WARNING] ⚠️ Offline storage was not detected in local session context.
[2026-08-24T08:30:58.309Z] [INFO] ✅ Cycle #5 diagnostic check complete. Entering cooldown state...
[2026-08-24T08:31:28.311Z] [INFO] 
================================================================================
[2026-08-24T08:31:28.312Z] [INFO] 🌟 STARTING CONTINUOUS DIAGNOSTIC CYCLE #6 (Run Time: 3 mins)
[2026-08-24T08:31:28.312Z] [INFO] ================================================================================
[2026-08-24T08:31:28.312Z] [INFO] Checking FastAPI Port 8000 state...
[2026-08-24T08:31:28.656Z] [INFO] 🟢 FastAPI Backend is online. Verification Latency: 343ms
[2026-08-24T08:31:28.656Z] [INFO] Checking Next.js Port 3001 login terminal...
[2026-08-24T08:31:28.841Z] [SUCCESS] ⚡ Performance SLA verified for [/login]: 185ms
[2026-08-24T08:31:28.841Z] [INFO] Injecting session claims and verifying middleware token generation...
[2026-08-24T08:31:32.615Z] [INFO] Handshake successfully committed in: 2459ms
[2026-08-24T08:31:32.615Z] [INFO] Navigating to the central command node: http://localhost:3005/app/suffat/main/erp
[2026-08-24T08:31:33.588Z] [INFO] Triggering action node: Other Staff Directory (Non-Faculty)
[2026-08-24T08:31:33.773Z] [WARNING] ⚠️ KPI Target Element [[data-kpi="other-staff"]] not present in current view. Skipping...
[2026-08-24T08:31:33.773Z] [INFO] Triggering action node: Academic Faculty Directory
[2026-08-24T08:31:33.790Z] [WARNING] ⚠️ KPI Target Element [[data-kpi="faculty"]] not present in current view. Skipping...
[2026-08-24T08:31:33.790Z] [INFO] Triggering action node: Active Centers Panel
[2026-08-24T08:31:33.802Z] [WARNING] ⚠️ KPI Target Element [[data-kpi="active-centers"]] not present in current view. Skipping...
[2026-08-24T08:31:33.802Z] [INFO] Evaluating Dexie.js offline DB initialization parameters...
[2026-08-24T08:31:33.821Z] [WARNING] ⚠️ Offline storage was not detected in local session context.
[2026-08-24T08:31:33.821Z] [INFO] ✅ Cycle #6 diagnostic check complete. Entering cooldown state...
[2026-08-24T08:32:03.833Z] [INFO] 
================================================================================
[2026-08-24T08:32:03.834Z] [INFO] 🌟 STARTING CONTINUOUS DIAGNOSTIC CYCLE #7 (Run Time: 3 mins)
[2026-08-24T08:32:03.834Z] [INFO] ================================================================================
[2026-08-24T08:32:03.835Z] [INFO] Checking FastAPI Port 8000 state...
[2026-08-24T08:32:03.897Z] [INFO] 🟢 FastAPI Backend is online. Verification Latency: 62ms
[2026-08-24T08:32:03.897Z] [INFO] Checking Next.js Port 3001 login terminal...
[2026-08-24T08:32:04.144Z] [SUCCESS] ⚡ Performance SLA verified for [/login]: 247ms
[2026-08-24T08:32:04.145Z] [INFO] Injecting session claims and verifying middleware token generation...
[2026-08-24T08:32:07.743Z] [INFO] Handshake successfully committed in: 3083ms
[2026-08-24T08:32:07.744Z] [INFO] Navigating to the central command node: http://localhost:3005/app/suffat/main/erp
[2026-08-24T08:32:08.691Z] [INFO] Triggering action node: Other Staff Directory (Non-Faculty)
[2026-08-24T08:32:08.740Z] [WARNING] ⚠️ KPI Target Element [[data-kpi="other-staff"]] not present in current view. Skipping...
[2026-08-24T08:32:08.740Z] [INFO] Triggering action node: Academic Faculty Directory
[2026-08-24T08:32:08.745Z] [WARNING] ⚠️ KPI Target Element [[data-kpi="faculty"]] not present in current view. Skipping...
[2026-08-24T08:32:08.745Z] [INFO] Triggering action node: Active Centers Panel
[2026-08-24T08:32:08.758Z] [WARNING] ⚠️ KPI Target Element [[data-kpi="active-centers"]] not present in current view. Skipping...
[2026-08-24T08:32:08.759Z] [INFO] Evaluating Dexie.js offline DB initialization parameters...
[2026-08-24T08:32:08.773Z] [WARNING] ⚠️ Offline storage was not detected in local session context.
[2026-08-24T08:32:08.773Z] [INFO] ✅ Cycle #7 diagnostic check complete. Entering cooldown state...
[2026-08-24T08:32:38.777Z] [INFO] 
================================================================================
[2026-08-24T08:32:38.778Z] [INFO] 🌟 STARTING CONTINUOUS DIAGNOSTIC CYCLE #8 (Run Time: 4 mins)
[2026-08-24T08:32:38.778Z] [INFO] ================================================================================
[2026-08-24T08:32:38.778Z] [INFO] Checking FastAPI Port 8000 state...
[2026-08-24T08:32:39.138Z] [INFO] 🟢 FastAPI Backend is online. Verification Latency: 351ms
[2026-08-24T08:32:39.139Z] [INFO] Checking Next.js Port 3001 login terminal...
[2026-08-24T08:32:39.324Z] [SUCCESS] ⚡ Performance SLA verified for [/login]: 185ms
[2026-08-24T08:32:39.324Z] [INFO] Injecting session claims and verifying middleware token generation...
[2026-08-24T08:32:42.336Z] [INFO] Handshake successfully committed in: 2595ms
[2026-08-24T08:32:42.337Z] [INFO] Navigating to the central command node: http://localhost:3005/app/suffat/main/erp
[2026-08-24T08:32:43.246Z] [INFO] Triggering action node: Other Staff Directory (Non-Faculty)
[2026-08-24T08:32:43.307Z] [WARNING] ⚠️ KPI Target Element [[data-kpi="other-staff"]] not present in current view. Skipping...
[2026-08-24T08:32:43.308Z] [INFO] Triggering action node: Academic Faculty Directory
[2026-08-24T08:32:43.318Z] [WARNING] ⚠️ KPI Target Element [[data-kpi="faculty"]] not present in current view. Skipping...
[2026-08-24T08:32:43.319Z] [INFO] Triggering action node: Active Centers Panel
[2026-08-24T08:32:43.336Z] [WARNING] ⚠️ KPI Target Element [[data-kpi="active-centers"]] not present in current view. Skipping...
[2026-08-24T08:32:43.336Z] [INFO] Evaluating Dexie.js offline DB initialization parameters...
[2026-08-24T08:32:43.350Z] [WARNING] ⚠️ Offline storage was not detected in local session context.
[2026-08-24T08:32:43.350Z] [INFO] ✅ Cycle #8 diagnostic check complete. Entering cooldown state...
[2026-08-24T08:33:13.366Z] [INFO] 
================================================================================
[2026-08-24T08:33:13.366Z] [INFO] 🌟 STARTING CONTINUOUS DIAGNOSTIC CYCLE #9 (Run Time: 5 mins)
[2026-08-24T08:33:13.367Z] [INFO] ================================================================================
[2026-08-24T08:33:13.367Z] [INFO] Checking FastAPI Port 8000 state...
[2026-08-24T08:33:13.398Z] [INFO] 🟢 FastAPI Backend is online. Verification Latency: 31ms
[2026-08-24T08:33:13.398Z] [INFO] Checking Next.js Port 3001 login terminal...
[2026-08-24T08:33:13.582Z] [SUCCESS] ⚡ Performance SLA verified for [/login]: 184ms
[2026-08-24T08:33:13.582Z] [INFO] Injecting session claims and verifying middleware token generation...
[2026-08-24T08:33:16.655Z] [INFO] Handshake successfully committed in: 2560ms
[2026-08-24T08:33:16.655Z] [INFO] Navigating to the central command node: http://localhost:3005/app/suffat/main/erp
[2026-08-24T08:33:18.769Z] [INFO] Triggering action node: Other Staff Directory (Non-Faculty)
[2026-08-24T08:33:18.831Z] [WARNING] ⚠️ KPI Target Element [[data-kpi="other-staff"]] not present in current view. Skipping...
[2026-08-24T08:33:18.831Z] [INFO] Triggering action node: Academic Faculty Directory
[2026-08-24T08:33:18.839Z] [WARNING] ⚠️ KPI Target Element [[data-kpi="faculty"]] not present in current view. Skipping...
[2026-08-24T08:33:18.839Z] [INFO] Triggering action node: Active Centers Panel
[2026-08-24T08:33:18.842Z] [WARNING] ⚠️ KPI Target Element [[data-kpi="active-centers"]] not present in current view. Skipping...
[2026-08-24T08:33:18.842Z] [INFO] Evaluating Dexie.js offline DB initialization parameters...
[2026-08-24T08:33:18.857Z] [WARNING] ⚠️ Offline storage was not detected in local session context.
[2026-08-24T08:33:18.857Z] [INFO] ✅ Cycle #9 diagnostic check complete. Entering cooldown state...
[2026-08-24T08:33:49.026Z] [INFO] 
================================================================================
[2026-08-24T08:33:49.026Z] [INFO] 🌟 STARTING CONTINUOUS DIAGNOSTIC CYCLE #10 (Run Time: 5 mins)
[2026-08-24T08:33:49.026Z] [INFO] ================================================================================
[2026-08-24T08:33:49.037Z] [INFO] Checking FastAPI Port 8000 state...
[2026-08-24T08:33:49.756Z] [INFO] 🟢 FastAPI Backend is online. Verification Latency: 719ms
[2026-08-24T08:33:49.756Z] [INFO] Checking Next.js Port 3001 login terminal...
[2026-08-24T08:33:50.280Z] [SUCCESS] ⚡ Performance SLA verified for [/login]: 524ms
[2026-08-24T08:33:50.280Z] [INFO] Injecting session claims and verifying middleware token generation...
[2026-08-24T08:33:53.664Z] [INFO] Handshake successfully committed in: 2626ms
[2026-08-24T08:33:53.665Z] [INFO] Navigating to the central command node: http://localhost:3005/app/suffat/main/erp
[2026-08-24T08:33:54.732Z] [INFO] Triggering action node: Other Staff Directory (Non-Faculty)
[2026-08-24T08:33:54.769Z] [WARNING] ⚠️ KPI Target Element [[data-kpi="other-staff"]] not present in current view. Skipping...
[2026-08-24T08:33:54.769Z] [INFO] Triggering action node: Academic Faculty Directory
[2026-08-24T08:33:54.776Z] [WARNING] ⚠️ KPI Target Element [[data-kpi="faculty"]] not present in current view. Skipping...
[2026-08-24T08:33:54.777Z] [INFO] Triggering action node: Active Centers Panel
[2026-08-24T08:33:54.783Z] [WARNING] ⚠️ KPI Target Element [[data-kpi="active-centers"]] not present in current view. Skipping...
[2026-08-24T08:33:54.783Z] [INFO] Evaluating Dexie.js offline DB initialization parameters...
[2026-08-24T08:33:54.791Z] [WARNING] ⚠️ Offline storage was not detected in local session context.
[2026-08-24T08:33:54.792Z] [INFO] ✅ Cycle #10 diagnostic check complete. Entering cooldown state...
[2026-08-24T08:34:24.872Z] [INFO] 
================================================================================
[2026-08-24T08:34:24.873Z] [INFO] 🌟 STARTING CONTINUOUS DIAGNOSTIC CYCLE #11 (Run Time: 6 mins)
[2026-08-24T08:34:24.873Z] [INFO] ================================================================================
[2026-08-24T08:34:24.873Z] [INFO] Checking FastAPI Port 8000 state...
[2026-08-24T08:34:25.096Z] [INFO] 🟢 FastAPI Backend is online. Verification Latency: 103ms
[2026-08-24T08:34:25.096Z] [INFO] Checking Next.js Port 3001 login terminal...
[2026-08-24T08:34:25.395Z] [SUCCESS] ⚡ Performance SLA verified for [/login]: 299ms
[2026-08-24T08:34:25.395Z] [INFO] Injecting session claims and verifying middleware token generation...
[2026-08-24T08:34:28.555Z] [INFO] Handshake successfully committed in: 2526ms
[2026-08-24T08:34:28.556Z] [INFO] Navigating to the central command node: http://localhost:3005/app/suffat/main/erp
[2026-08-24T08:34:29.430Z] [INFO] Triggering action node: Other Staff Directory (Non-Faculty)
[2026-08-24T08:34:29.473Z] [WARNING] ⚠️ KPI Target Element [[data-kpi="other-staff"]] not present in current view. Skipping...
[2026-08-24T08:34:29.474Z] [INFO] Triggering action node: Academic Faculty Directory
[2026-08-24T08:34:29.480Z] [WARNING] ⚠️ KPI Target Element [[data-kpi="faculty"]] not present in current view. Skipping...
[2026-08-24T08:34:29.481Z] [INFO] Triggering action node: Active Centers Panel
[2026-08-24T08:34:29.485Z] [WARNING] ⚠️ KPI Target Element [[data-kpi="active-centers"]] not present in current view. Skipping...
[2026-08-24T08:34:29.486Z] [INFO] Evaluating Dexie.js offline DB initialization parameters...
[2026-08-24T08:34:29.499Z] [WARNING] ⚠️ Offline storage was not detected in local session context.
[2026-08-24T08:34:29.499Z] [INFO] ✅ Cycle #11 diagnostic check complete. Entering cooldown state...
[2026-08-24T08:34:59.510Z] [INFO] 
================================================================================
[2026-08-24T08:34:59.513Z] [INFO] 🌟 STARTING CONTINUOUS DIAGNOSTIC CYCLE #12 (Run Time: 6 mins)
[2026-08-24T08:34:59.514Z] [INFO] ================================================================================
[2026-08-24T08:34:59.514Z] [INFO] Checking FastAPI Port 8000 state...
[2026-08-24T08:34:59.852Z] [INFO] 🟢 FastAPI Backend is online. Verification Latency: 338ms
[2026-08-24T08:34:59.853Z] [INFO] Checking Next.js Port 3001 login terminal...
[2026-08-24T08:35:00.051Z] [SUCCESS] ⚡ Performance SLA verified for [/login]: 198ms
[2026-08-24T08:35:00.051Z] [INFO] Injecting session claims and verifying middleware token generation...
[2026-08-24T08:35:03.627Z] [INFO] Handshake successfully committed in: 3146ms
[2026-08-24T08:35:03.628Z] [INFO] Navigating to the central command node: http://localhost:3005/app/suffat/main/erp
[2026-08-24T08:35:04.504Z] [INFO] Triggering action node: Other Staff Directory (Non-Faculty)
[2026-08-24T08:35:04.550Z] [WARNING] ⚠️ KPI Target Element [[data-kpi="other-staff"]] not present in current view. Skipping...
[2026-08-24T08:35:04.552Z] [INFO] Triggering action node: Academic Faculty Directory
[2026-08-24T08:35:04.556Z] [WARNING] ⚠️ KPI Target Element [[data-kpi="faculty"]] not present in current view. Skipping...
[2026-08-24T08:35:04.557Z] [INFO] Triggering action node: Active Centers Panel
[2026-08-24T08:35:04.568Z] [WARNING] ⚠️ KPI Target Element [[data-kpi="active-centers"]] not present in current view. Skipping...
[2026-08-24T08:35:04.568Z] [INFO] Evaluating Dexie.js offline DB initialization parameters...
[2026-08-24T08:35:04.582Z] [WARNING] ⚠️ Offline storage was not detected in local session context.
[2026-08-24T08:35:04.582Z] [INFO] ✅ Cycle #12 diagnostic check complete. Entering cooldown state...
[2026-08-24T08:35:34.591Z] [INFO] 
================================================================================
[2026-08-24T08:35:34.595Z] [INFO] 🌟 STARTING CONTINUOUS DIAGNOSTIC CYCLE #13 (Run Time: 7 mins)
[2026-08-24T08:35:34.623Z] [INFO] ================================================================================
[2026-08-24T08:35:34.625Z] [INFO] Checking FastAPI Port 8000 state...
[2026-08-24T08:35:34.720Z] [INFO] 🟢 FastAPI Backend is online. Verification Latency: 95ms
[2026-08-24T08:35:34.721Z] [INFO] Checking Next.js Port 3001 login terminal...
[2026-08-24T08:35:35.046Z] [SUCCESS] ⚡ Performance SLA verified for [/login]: 324ms
[2026-08-24T08:35:35.047Z] [INFO] Injecting session claims and verifying middleware token generation...
[2026-08-24T08:35:38.934Z] [INFO] Handshake successfully committed in: 3489ms
[2026-08-24T08:35:38.934Z] [INFO] Navigating to the central command node: http://localhost:3005/app/suffat/main/erp
[2026-08-24T08:35:39.989Z] [INFO] Triggering action node: Other Staff Directory (Non-Faculty)
[2026-08-24T08:35:40.089Z] [WARNING] ⚠️ KPI Target Element [[data-kpi="other-staff"]] not present in current view. Skipping...
[2026-08-24T08:35:40.090Z] [INFO] Triggering action node: Academic Faculty Directory
[2026-08-24T08:35:40.100Z] [WARNING] ⚠️ KPI Target Element [[data-kpi="faculty"]] not present in current view. Skipping...
[2026-08-24T08:35:40.101Z] [INFO] Triggering action node: Active Centers Panel
[2026-08-24T08:35:40.106Z] [WARNING] ⚠️ KPI Target Element [[data-kpi="active-centers"]] not present in current view. Skipping...
[2026-08-24T08:35:40.106Z] [INFO] Evaluating Dexie.js offline DB initialization parameters...
[2026-08-24T08:35:40.134Z] [WARNING] ⚠️ Offline storage was not detected in local session context.
[2026-08-24T08:35:40.134Z] [INFO] ✅ Cycle #13 diagnostic check complete. Entering cooldown state...
[2026-08-24T08:36:10.141Z] [INFO] 
================================================================================
[2026-08-24T08:36:10.144Z] [INFO] 🌟 STARTING CONTINUOUS DIAGNOSTIC CYCLE #14 (Run Time: 8 mins)
[2026-08-24T08:36:10.144Z] [INFO] ================================================================================
[2026-08-24T08:36:10.145Z] [INFO] Checking FastAPI Port 8000 state...
[2026-08-24T08:36:10.479Z] [INFO] 🟢 FastAPI Backend is online. Verification Latency: 333ms
[2026-08-24T08:36:10.479Z] [INFO] Checking Next.js Port 3001 login terminal...
[2026-08-24T08:36:10.709Z] [SUCCESS] ⚡ Performance SLA verified for [/login]: 230ms
[2026-08-24T08:36:10.710Z] [INFO] Injecting session claims and verifying middleware token generation...
[2026-08-24T08:36:14.195Z] [INFO] Handshake successfully committed in: 3133ms
[2026-08-24T08:36:14.195Z] [INFO] Navigating to the central command node: http://localhost:3005/app/suffat/main/erp
[2026-08-24T08:36:15.284Z] [INFO] Triggering action node: Other Staff Directory (Non-Faculty)
[2026-08-24T08:36:15.344Z] [WARNING] ⚠️ KPI Target Element [[data-kpi="other-staff"]] not present in current view. Skipping...
[2026-08-24T08:36:15.344Z] [INFO] Triggering action node: Academic Faculty Directory
[2026-08-24T08:36:15.375Z] [WARNING] ⚠️ KPI Target Element [[data-kpi="faculty"]] not present in current view. Skipping...
[2026-08-24T08:36:15.375Z] [INFO] Triggering action node: Active Centers Panel
[2026-08-24T08:36:15.378Z] [WARNING] ⚠️ KPI Target Element [[data-kpi="active-centers"]] not present in current view. Skipping...
[2026-08-24T08:36:15.378Z] [INFO] Evaluating Dexie.js offline DB initialization parameters...
[2026-08-24T08:36:15.387Z] [WARNING] ⚠️ Offline storage was not detected in local session context.
[2026-08-24T08:36:15.387Z] [INFO] ✅ Cycle #14 diagnostic check complete. Entering cooldown state...
[2026-08-24T08:36:45.390Z] [INFO] 
================================================================================
[2026-08-24T08:36:45.390Z] [INFO] 🌟 STARTING CONTINUOUS DIAGNOSTIC CYCLE #15 (Run Time: 8 mins)
[2026-08-24T08:36:45.392Z] [INFO] ================================================================================
[2026-08-24T08:36:45.392Z] [INFO] Checking FastAPI Port 8000 state...
[2026-08-24T08:36:45.424Z] [INFO] 🟢 FastAPI Backend is online. Verification Latency: 32ms
[2026-08-24T08:36:45.424Z] [INFO] Checking Next.js Port 3001 login terminal...
[2026-08-24T08:36:45.594Z] [SUCCESS] ⚡ Performance SLA verified for [/login]: 170ms
[2026-08-24T08:36:45.594Z] [INFO] Injecting session claims and verifying middleware token generation...
[2026-08-24T08:36:49.194Z] [INFO] Handshake successfully committed in: 3177ms
[2026-08-24T08:36:49.195Z] [INFO] Navigating to the central command node: http://localhost:3005/app/suffat/main/erp
[2026-08-24T08:36:50.132Z] [INFO] Triggering action node: Other Staff Directory (Non-Faculty)
[2026-08-24T08:36:50.182Z] [WARNING] ⚠️ KPI Target Element [[data-kpi="other-staff"]] not present in current view. Skipping...
[2026-08-24T08:36:50.183Z] [INFO] Triggering action node: Academic Faculty Directory
[2026-08-24T08:36:50.186Z] [WARNING] ⚠️ KPI Target Element [[data-kpi="faculty"]] not present in current view. Skipping...
[2026-08-24T08:36:50.186Z] [INFO] Triggering action node: Active Centers Panel
[2026-08-24T08:36:50.198Z] [WARNING] ⚠️ KPI Target Element [[data-kpi="active-centers"]] not present in current view. Skipping...
[2026-08-24T08:36:50.199Z] [INFO] Evaluating Dexie.js offline DB initialization parameters...
[2026-08-24T08:36:50.205Z] [WARNING] ⚠️ Offline storage was not detected in local session context.
[2026-08-24T08:36:50.206Z] [INFO] ✅ Cycle #15 diagnostic check complete. Entering cooldown state...
[2026-08-24T08:37:20.225Z] [INFO] 
================================================================================
[2026-08-24T08:37:20.226Z] [INFO] 🌟 STARTING CONTINUOUS DIAGNOSTIC CYCLE #16 (Run Time: 9 mins)
[2026-08-24T08:37:20.226Z] [INFO] ================================================================================
[2026-08-24T08:37:20.226Z] [INFO] Checking FastAPI Port 8000 state...
[2026-08-24T08:37:20.576Z] [INFO] 🟢 FastAPI Backend is online. Verification Latency: 349ms
[2026-08-24T08:37:20.577Z] [INFO] Checking Next.js Port 3001 login terminal...
[2026-08-24T08:37:20.768Z] [SUCCESS] ⚡ Performance SLA verified for [/login]: 191ms
[2026-08-24T08:37:20.769Z] [INFO] Injecting session claims and verifying middleware token generation...
[2026-08-24T08:37:24.818Z] [INFO] Handshake successfully committed in: 3651ms
[2026-08-24T08:37:24.818Z] [INFO] Navigating to the central command node: http://localhost:3005/app/suffat/main/erp
[2026-08-24T08:37:25.769Z] [INFO] Triggering action node: Other Staff Directory (Non-Faculty)
[2026-08-24T08:37:25.899Z] [WARNING] ⚠️ KPI Target Element [[data-kpi="other-staff"]] not present in current view. Skipping...
[2026-08-24T08:37:25.899Z] [INFO] Triggering action node: Academic Faculty Directory
[2026-08-24T08:37:25.905Z] [WARNING] ⚠️ KPI Target Element [[data-kpi="faculty"]] not present in current view. Skipping...
[2026-08-24T08:37:25.905Z] [INFO] Triggering action node: Active Centers Panel
[2026-08-24T08:37:25.965Z] [WARNING] ⚠️ KPI Target Element [[data-kpi="active-centers"]] not present in current view. Skipping...
[2026-08-24T08:37:25.966Z] [INFO] Evaluating Dexie.js offline DB initialization parameters...
[2026-08-24T08:37:26.039Z] [WARNING] ⚠️ Offline storage was not detected in local session context.
[2026-08-24T08:37:26.040Z] [INFO] ✅ Cycle #16 diagnostic check complete. Entering cooldown state...
[2026-08-24T08:37:56.043Z] [INFO] 
================================================================================
[2026-08-24T08:37:56.043Z] [INFO] 🌟 STARTING CONTINUOUS DIAGNOSTIC CYCLE #17 (Run Time: 9 mins)
[2026-08-24T08:37:56.044Z] [INFO] ================================================================================
[2026-08-24T08:37:56.044Z] [INFO] Checking FastAPI Port 8000 state...
[2026-08-24T08:37:56.070Z] [INFO] 🟢 FastAPI Backend is online. Verification Latency: 26ms
[2026-08-24T08:37:56.071Z] [INFO] Checking Next.js Port 3001 login terminal...
[2026-08-24T08:37:56.201Z] [SUCCESS] ⚡ Performance SLA verified for [/login]: 130ms
[2026-08-24T08:37:56.201Z] [INFO] Injecting session claims and verifying middleware token generation...
[2026-08-24T08:37:59.544Z] [INFO] Handshake successfully committed in: 3072ms
[2026-08-24T08:37:59.545Z] [INFO] Navigating to the central command node: http://localhost:3005/app/suffat/main/erp
[2026-08-24T08:38:00.298Z] [INFO] Triggering action node: Other Staff Directory (Non-Faculty)
[2026-08-24T08:38:00.328Z] [WARNING] ⚠️ KPI Target Element [[data-kpi="other-staff"]] not present in current view. Skipping...
[2026-08-24T08:38:00.329Z] [INFO] Triggering action node: Academic Faculty Directory
[2026-08-24T08:38:00.331Z] [WARNING] ⚠️ KPI Target Element [[data-kpi="faculty"]] not present in current view. Skipping...
[2026-08-24T08:38:00.332Z] [INFO] Triggering action node: Active Centers Panel
[2026-08-24T08:38:00.335Z] [WARNING] ⚠️ KPI Target Element [[data-kpi="active-centers"]] not present in current view. Skipping...
[2026-08-24T08:38:00.335Z] [INFO] Evaluating Dexie.js offline DB initialization parameters...
[2026-08-24T08:38:00.340Z] [WARNING] ⚠️ Offline storage was not detected in local session context.
[2026-08-24T08:38:00.341Z] [INFO] ✅ Cycle #17 diagnostic check complete. Entering cooldown state...
[2026-08-24T08:38:30.343Z] [INFO] 
================================================================================
[2026-08-24T08:38:30.343Z] [INFO] 🌟 STARTING CONTINUOUS DIAGNOSTIC CYCLE #18 (Run Time: 10 mins)
[2026-08-24T08:38:30.344Z] [INFO] ================================================================================
[2026-08-24T08:38:30.344Z] [INFO] Checking FastAPI Port 8000 state...
[2026-08-24T08:38:30.671Z] [INFO] 🟢 FastAPI Backend is online. Verification Latency: 327ms
[2026-08-24T08:38:30.671Z] [INFO] Checking Next.js Port 3001 login terminal...
[2026-08-24T08:38:31.101Z] [SUCCESS] ⚡ Performance SLA verified for [/login]: 430ms
[2026-08-24T08:38:31.101Z] [INFO] Injecting session claims and verifying middleware token generation...
[2026-08-24T08:38:34.500Z] [INFO] Handshake successfully committed in: 3159ms
[2026-08-24T08:38:34.501Z] [INFO] Navigating to the central command node: http://localhost:3005/app/suffat/main/erp
[2026-08-24T08:38:35.379Z] [INFO] Triggering action node: Other Staff Directory (Non-Faculty)
[2026-08-24T08:38:35.411Z] [WARNING] ⚠️ KPI Target Element [[data-kpi="other-staff"]] not present in current view. Skipping...
[2026-08-24T08:38:35.412Z] [INFO] Triggering action node: Academic Faculty Directory
[2026-08-24T08:38:35.416Z] [WARNING] ⚠️ KPI Target Element [[data-kpi="faculty"]] not present in current view. Skipping...
[2026-08-24T08:38:35.417Z] [INFO] Triggering action node: Active Centers Panel
[2026-08-24T08:38:35.421Z] [WARNING] ⚠️ KPI Target Element [[data-kpi="active-centers"]] not present in current view. Skipping...
[2026-08-24T08:38:35.421Z] [INFO] Evaluating Dexie.js offline DB initialization parameters...
[2026-08-24T08:38:35.426Z] [WARNING] ⚠️ Offline storage was not detected in local session context.
[2026-08-24T08:38:35.426Z] [INFO] ✅ Cycle #18 diagnostic check complete. Entering cooldown state...
[2026-08-24T08:39:05.434Z] [INFO] 🏁 Antigravity E2E Sentinel engine has reached its 10-hour limit. Shutting down browser.
[2026-08-24T08:41:23.213Z] [INFO] 🚀 Launching Antigravity E2E Sentinel engine...
[2026-08-24T08:41:23.632Z] [INFO] 
================================================================================
[2026-08-24T08:41:23.632Z] [INFO] 🌟 STARTING CONTINUOUS DIAGNOSTIC CYCLE #1 (Run Time: 0 mins)
[2026-08-24T08:41:23.632Z] [INFO] ================================================================================
[2026-08-24T08:41:23.632Z] [INFO] Checking FastAPI Port 8000 state...
[2026-08-24T08:41:25.982Z] [CRITICAL] ❌ FastAPI backend unreachable on Port 8000!
[2026-08-24T08:41:25.983Z] [WARNING] ⚠️ INITIATING AUTOMATED SELF-HEALING ACTION FOR: FASTAPI_DOWN
[2026-08-24T08:41:25.983Z] [SYSTEM] Targeting FastAPI Core... Wiping stagnant uvicorn sockets & rebooting server...
[2026-08-24T08:41:26.364Z] [INFO] ✅ Self-healing protocols dispatched and verified successfully.
[2026-08-24T08:41:36.376Z] [INFO] 
================================================================================
[2026-08-24T08:41:36.376Z] [INFO] 🌟 STARTING CONTINUOUS DIAGNOSTIC CYCLE #2 (Run Time: 0 mins)
[2026-08-24T08:41:36.377Z] [INFO] ================================================================================
[2026-08-24T08:41:36.378Z] [INFO] Checking FastAPI Port 8000 state...
[2026-08-24T08:41:36.740Z] [INFO] 🟢 FastAPI Backend is online. Verification Latency: 362ms
[2026-08-24T08:41:36.740Z] [INFO] Checking Next.js Port 3001 login terminal...
[2026-08-24T08:41:36.918Z] [SUCCESS] ⚡ Performance SLA verified for [/login]: 178ms
[2026-08-24T08:41:36.918Z] [INFO] Injecting session claims and verifying middleware token generation...
[2026-08-24T08:41:40.073Z] [INFO] Handshake successfully committed in: 2636ms
[2026-08-24T08:41:40.073Z] [INFO] Navigating to the central command node: http://localhost:3005/app/suffat/main/erp
[2026-08-24T08:41:40.818Z] [INFO] Triggering action node: Other Staff Directory (Non-Faculty)
[2026-08-24T08:41:40.847Z] [WARNING] ⚠️ KPI Target Element [[data-kpi="other-staff"]] not present in current view. Skipping...
[2026-08-24T08:41:40.848Z] [INFO] Triggering action node: Academic Faculty Directory
[2026-08-24T08:41:40.853Z] [WARNING] ⚠️ KPI Target Element [[data-kpi="faculty"]] not present in current view. Skipping...
[2026-08-24T08:41:40.853Z] [INFO] Triggering action node: Active Centers Panel
[2026-08-24T08:41:40.858Z] [WARNING] ⚠️ KPI Target Element [[data-kpi="active-centers"]] not present in current view. Skipping...
[2026-08-24T08:41:40.858Z] [INFO] Evaluating Dexie.js offline DB initialization parameters...
[2026-08-24T08:41:40.864Z] [WARNING] ⚠️ Offline storage was not detected in local session context.
[2026-08-24T08:41:40.864Z] [INFO] ✅ Cycle #2 diagnostic check complete. Entering cooldown state...
[2026-08-24T08:42:10.875Z] [INFO] 
================================================================================
[2026-08-24T08:42:10.875Z] [INFO] 🌟 STARTING CONTINUOUS DIAGNOSTIC CYCLE #3 (Run Time: 1 mins)
[2026-08-24T08:42:10.876Z] [INFO] ================================================================================
[2026-08-24T08:42:10.876Z] [INFO] Checking FastAPI Port 8000 state...
[2026-08-24T08:42:10.902Z] [INFO] 🟢 FastAPI Backend is online. Verification Latency: 26ms
[2026-08-24T08:42:10.902Z] [INFO] Checking Next.js Port 3001 login terminal...
[2026-08-24T08:42:10.999Z] [SUCCESS] ⚡ Performance SLA verified for [/login]: 96ms
[2026-08-24T08:42:10.999Z] [INFO] Injecting session claims and verifying middleware token generation...
[2026-08-24T08:42:14.311Z] [INFO] Handshake successfully committed in: 3044ms
[2026-08-24T08:42:14.312Z] [INFO] Navigating to the central command node: http://localhost:3005/app/suffat/main/erp
[2026-08-24T08:42:15.077Z] [INFO] Triggering action node: Other Staff Directory (Non-Faculty)
[2026-08-24T08:42:15.105Z] [WARNING] ⚠️ KPI Target Element [[data-kpi="other-staff"]] not present in current view. Skipping...
[2026-08-24T08:42:15.106Z] [INFO] Triggering action node: Academic Faculty Directory
[2026-08-24T08:42:15.110Z] [WARNING] ⚠️ KPI Target Element [[data-kpi="faculty"]] not present in current view. Skipping...
[2026-08-24T08:42:15.111Z] [INFO] Triggering action node: Active Centers Panel
[2026-08-24T08:42:15.114Z] [WARNING] ⚠️ KPI Target Element [[data-kpi="active-centers"]] not present in current view. Skipping...
[2026-08-24T08:42:15.115Z] [INFO] Evaluating Dexie.js offline DB initialization parameters...
[2026-08-24T08:42:15.119Z] [WARNING] ⚠️ Offline storage was not detected in local session context.
[2026-08-24T08:42:15.120Z] [INFO] ✅ Cycle #3 diagnostic check complete. Entering cooldown state...
[2026-08-24T08:42:45.130Z] [INFO] 
================================================================================
[2026-08-24T08:42:45.130Z] [INFO] 🌟 STARTING CONTINUOUS DIAGNOSTIC CYCLE #4 (Run Time: 1 mins)
[2026-08-24T08:42:45.131Z] [INFO] ================================================================================
[2026-08-24T08:42:45.131Z] [INFO] Checking FastAPI Port 8000 state...
[2026-08-24T08:42:45.464Z] [INFO] 🟢 FastAPI Backend is online. Verification Latency: 333ms
[2026-08-24T08:42:45.464Z] [INFO] Checking Next.js Port 3001 login terminal...
[2026-08-24T08:42:45.608Z] [SUCCESS] ⚡ Performance SLA verified for [/login]: 144ms
[2026-08-24T08:42:45.609Z] [INFO] Injecting session claims and verifying middleware token generation...
[2026-08-24T08:42:48.885Z] [INFO] Handshake successfully committed in: 3050ms
[2026-08-24T08:42:48.886Z] [INFO] Navigating to the central command node: http://localhost:3005/app/suffat/main/erp
[2026-08-24T08:42:49.687Z] [INFO] Triggering action node: Other Staff Directory (Non-Faculty)
[2026-08-24T08:42:49.716Z] [WARNING] ⚠️ KPI Target Element [[data-kpi="other-staff"]] not present in current view. Skipping...
[2026-08-24T08:42:49.716Z] [INFO] Triggering action node: Academic Faculty Directory
[2026-08-24T08:42:49.722Z] [WARNING] ⚠️ KPI Target Element [[data-kpi="faculty"]] not present in current view. Skipping...
[2026-08-24T08:42:49.722Z] [INFO] Triggering action node: Active Centers Panel
[2026-08-24T08:42:49.726Z] [WARNING] ⚠️ KPI Target Element [[data-kpi="active-centers"]] not present in current view. Skipping...
[2026-08-24T08:42:49.726Z] [INFO] Evaluating Dexie.js offline DB initialization parameters...
[2026-08-24T08:42:49.732Z] [WARNING] ⚠️ Offline storage was not detected in local session context.
[2026-08-24T08:42:49.732Z] [INFO] ✅ Cycle #4 diagnostic check complete. Entering cooldown state...
[2026-08-24T08:43:19.748Z] [INFO] 
================================================================================
[2026-08-24T08:43:19.749Z] [INFO] 🌟 STARTING CONTINUOUS DIAGNOSTIC CYCLE #5 (Run Time: 2 mins)
[2026-08-24T08:43:19.749Z] [INFO] ================================================================================
[2026-08-24T08:43:19.749Z] [INFO] Checking FastAPI Port 8000 state...
[2026-08-24T08:43:19.772Z] [INFO] 🟢 FastAPI Backend is online. Verification Latency: 23ms
[2026-08-24T08:43:19.773Z] [INFO] Checking Next.js Port 3001 login terminal...
[2026-08-24T08:43:19.911Z] [SUCCESS] ⚡ Performance SLA verified for [/login]: 138ms
[2026-08-24T08:43:19.911Z] [INFO] Injecting session claims and verifying middleware token generation...
[2026-08-24T08:43:23.217Z] [INFO] Handshake successfully committed in: 3072ms
[2026-08-24T08:43:23.218Z] [INFO] Navigating to the central command node: http://localhost:3005/app/suffat/main/erp
[2026-08-24T08:43:23.984Z] [INFO] Triggering action node: Other Staff Directory (Non-Faculty)
[2026-08-24T08:43:24.013Z] [WARNING] ⚠️ KPI Target Element [[data-kpi="other-staff"]] not present in current view. Skipping...
[2026-08-24T08:43:24.013Z] [INFO] Triggering action node: Academic Faculty Directory
[2026-08-24T08:43:24.017Z] [WARNING] ⚠️ KPI Target Element [[data-kpi="faculty"]] not present in current view. Skipping...
[2026-08-24T08:43:24.018Z] [INFO] Triggering action node: Active Centers Panel
[2026-08-24T08:43:24.023Z] [WARNING] ⚠️ KPI Target Element [[data-kpi="active-centers"]] not present in current view. Skipping...
[2026-08-24T08:43:24.023Z] [INFO] Evaluating Dexie.js offline DB initialization parameters...
[2026-08-24T08:43:24.028Z] [WARNING] ⚠️ Offline storage was not detected in local session context.
[2026-08-24T08:43:24.028Z] [INFO] ✅ Cycle #5 diagnostic check complete. Entering cooldown state...
[2026-08-24T08:43:54.035Z] [INFO] 
================================================================================
[2026-08-24T08:43:54.036Z] [INFO] 🌟 STARTING CONTINUOUS DIAGNOSTIC CYCLE #6 (Run Time: 3 mins)
[2026-08-24T08:43:54.036Z] [INFO] ================================================================================
[2026-08-24T08:43:54.037Z] [INFO] Checking FastAPI Port 8000 state...
[2026-08-24T08:43:54.371Z] [INFO] 🟢 FastAPI Backend is online. Verification Latency: 334ms
[2026-08-24T08:43:54.372Z] [INFO] Checking Next.js Port 3001 login terminal...
[2026-08-24T08:43:54.507Z] [SUCCESS] ⚡ Performance SLA verified for [/login]: 135ms
[2026-08-24T08:43:54.507Z] [INFO] Injecting session claims and verifying middleware token generation...
[2026-08-24T08:43:57.776Z] [INFO] Handshake successfully committed in: 3031ms
[2026-08-24T08:43:57.776Z] [INFO] Navigating to the central command node: http://localhost:3005/app/suffat/main/erp
[2026-08-24T08:43:58.500Z] [INFO] Triggering action node: Other Staff Directory (Non-Faculty)
[2026-08-24T08:43:58.529Z] [WARNING] ⚠️ KPI Target Element [[data-kpi="other-staff"]] not present in current view. Skipping...
[2026-08-24T08:43:58.529Z] [INFO] Triggering action node: Academic Faculty Directory
[2026-08-24T08:43:58.533Z] [WARNING] ⚠️ KPI Target Element [[data-kpi="faculty"]] not present in current view. Skipping...
[2026-08-24T08:43:58.534Z] [INFO] Triggering action node: Active Centers Panel
[2026-08-24T08:43:58.537Z] [WARNING] ⚠️ KPI Target Element [[data-kpi="active-centers"]] not present in current view. Skipping...
[2026-08-24T08:43:58.538Z] [INFO] Evaluating Dexie.js offline DB initialization parameters...
[2026-08-24T08:43:58.544Z] [WARNING] ⚠️ Offline storage was not detected in local session context.
[2026-08-24T08:43:58.544Z] [INFO] ✅ Cycle #6 diagnostic check complete. Entering cooldown state...
[2026-08-24T08:44:28.553Z] [INFO] 
================================================================================
[2026-08-24T08:44:28.553Z] [INFO] 🌟 STARTING CONTINUOUS DIAGNOSTIC CYCLE #7 (Run Time: 3 mins)
[2026-08-24T08:44:28.553Z] [INFO] ================================================================================
[2026-08-24T08:44:28.554Z] [INFO] Checking FastAPI Port 8000 state...
[2026-08-24T08:44:28.576Z] [INFO] 🟢 FastAPI Backend is online. Verification Latency: 22ms
[2026-08-24T08:44:28.576Z] [INFO] Checking Next.js Port 3001 login terminal...
[2026-08-24T08:44:28.678Z] [SUCCESS] ⚡ Performance SLA verified for [/login]: 102ms
[2026-08-24T08:44:28.678Z] [INFO] Injecting session claims and verifying middleware token generation...
[2026-08-24T08:44:32.015Z] [INFO] Handshake successfully committed in: 3052ms
[2026-08-24T08:44:32.077Z] [INFO] Navigating to the central command node: http://localhost:3005/app/suffat/main/erp
[2026-08-24T08:44:32.868Z] [INFO] Triggering action node: Other Staff Directory (Non-Faculty)
[2026-08-24T08:44:32.896Z] [WARNING] ⚠️ KPI Target Element [[data-kpi="other-staff"]] not present in current view. Skipping...
[2026-08-24T08:44:32.896Z] [INFO] Triggering action node: Academic Faculty Directory
[2026-08-24T08:44:32.903Z] [WARNING] ⚠️ KPI Target Element [[data-kpi="faculty"]] not present in current view. Skipping...
[2026-08-24T08:44:32.903Z] [INFO] Triggering action node: Active Centers Panel
[2026-08-24T08:44:32.908Z] [WARNING] ⚠️ KPI Target Element [[data-kpi="active-centers"]] not present in current view. Skipping...
[2026-08-24T08:44:32.909Z] [INFO] Evaluating Dexie.js offline DB initialization parameters...
[2026-08-24T08:44:32.913Z] [WARNING] ⚠️ Offline storage was not detected in local session context.
[2026-08-24T08:44:32.913Z] [INFO] ✅ Cycle #7 diagnostic check complete. Entering cooldown state...
[2026-08-24T08:45:02.916Z] [INFO] 
================================================================================
[2026-08-24T08:45:02.916Z] [INFO] 🌟 STARTING CONTINUOUS DIAGNOSTIC CYCLE #8 (Run Time: 4 mins)
[2026-08-24T08:45:02.916Z] [INFO] ================================================================================
[2026-08-24T08:45:02.917Z] [INFO] Checking FastAPI Port 8000 state...
[2026-08-24T08:45:03.244Z] [INFO] 🟢 FastAPI Backend is online. Verification Latency: 327ms
[2026-08-24T08:45:03.245Z] [INFO] Checking Next.js Port 3001 login terminal...
[2026-08-24T08:45:03.385Z] [SUCCESS] ⚡ Performance SLA verified for [/login]: 140ms
[2026-08-24T08:45:03.385Z] [INFO] Injecting session claims and verifying middleware token generation...
[2026-08-24T08:45:06.684Z] [INFO] Handshake successfully committed in: 3059ms
[2026-08-24T08:45:06.684Z] [INFO] Navigating to the central command node: http://localhost:3005/app/suffat/main/erp
[2026-08-24T08:45:07.430Z] [INFO] Triggering action node: Other Staff Directory (Non-Faculty)
[2026-08-24T08:45:07.460Z] [WARNING] ⚠️ KPI Target Element [[data-kpi="other-staff"]] not present in current view. Skipping...
[2026-08-24T08:45:07.461Z] [INFO] Triggering action node: Academic Faculty Directory
[2026-08-24T08:45:07.464Z] [WARNING] ⚠️ KPI Target Element [[data-kpi="faculty"]] not present in current view. Skipping...
[2026-08-24T08:45:07.464Z] [INFO] Triggering action node: Active Centers Panel
[2026-08-24T08:45:07.467Z] [WARNING] ⚠️ KPI Target Element [[data-kpi="active-centers"]] not present in current view. Skipping...
[2026-08-24T08:45:07.468Z] [INFO] Evaluating Dexie.js offline DB initialization parameters...
[2026-08-24T08:45:07.472Z] [WARNING] ⚠️ Offline storage was not detected in local session context.
[2026-08-24T08:45:07.472Z] [INFO] ✅ Cycle #8 diagnostic check complete. Entering cooldown state...
[2026-08-24T08:45:37.484Z] [INFO] 
================================================================================
[2026-08-24T08:45:37.485Z] [INFO] 🌟 STARTING CONTINUOUS DIAGNOSTIC CYCLE #9 (Run Time: 4 mins)
[2026-08-24T08:45:37.486Z] [INFO] ================================================================================
[2026-08-24T08:45:37.486Z] [INFO] Checking FastAPI Port 8000 state...
[2026-08-24T08:45:37.510Z] [INFO] 🟢 FastAPI Backend is online. Verification Latency: 23ms
[2026-08-24T08:45:37.511Z] [INFO] Checking Next.js Port 3001 login terminal...
[2026-08-24T08:45:37.623Z] [SUCCESS] ⚡ Performance SLA verified for [/login]: 112ms
[2026-08-24T08:45:37.623Z] [INFO] Injecting session claims and verifying middleware token generation...
[2026-08-24T08:45:40.921Z] [INFO] Handshake successfully committed in: 3041ms
[2026-08-24T08:45:40.921Z] [INFO] Navigating to the central command node: http://localhost:3005/app/suffat/main/erp
[2026-08-24T08:45:41.648Z] [INFO] Triggering action node: Other Staff Directory (Non-Faculty)
[2026-08-24T08:45:41.675Z] [WARNING] ⚠️ KPI Target Element [[data-kpi="other-staff"]] not present in current view. Skipping...
[2026-08-24T08:45:41.676Z] [INFO] Triggering action node: Academic Faculty Directory
[2026-08-24T08:45:41.680Z] [WARNING] ⚠️ KPI Target Element [[data-kpi="faculty"]] not present in current view. Skipping...
[2026-08-24T08:45:41.681Z] [INFO] Triggering action node: Active Centers Panel
[2026-08-24T08:45:41.684Z] [WARNING] ⚠️ KPI Target Element [[data-kpi="active-centers"]] not present in current view. Skipping...
[2026-08-24T08:45:41.685Z] [INFO] Evaluating Dexie.js offline DB initialization parameters...
[2026-08-24T08:45:41.689Z] [WARNING] ⚠️ Offline storage was not detected in local session context.
[2026-08-24T08:45:41.690Z] [INFO] ✅ Cycle #9 diagnostic check complete. Entering cooldown state...
[2026-08-24T08:46:11.703Z] [INFO] 
================================================================================
[2026-08-24T08:46:11.704Z] [INFO] 🌟 STARTING CONTINUOUS DIAGNOSTIC CYCLE #10 (Run Time: 5 mins)
[2026-08-24T08:46:11.704Z] [INFO] ================================================================================
[2026-08-24T08:46:11.704Z] [INFO] Checking FastAPI Port 8000 state...
[2026-08-24T08:46:12.031Z] [INFO] 🟢 FastAPI Backend is online. Verification Latency: 326ms
[2026-08-24T08:46:12.032Z] [INFO] Checking Next.js Port 3001 login terminal...
[2026-08-24T08:46:12.130Z] [SUCCESS] ⚡ Performance SLA verified for [/login]: 98ms
[2026-08-24T08:46:12.130Z] [INFO] Injecting session claims and verifying middleware token generation...
[2026-08-24T08:46:15.443Z] [INFO] Handshake successfully committed in: 3038ms
[2026-08-24T08:46:15.444Z] [INFO] Navigating to the central command node: http://localhost:3005/app/suffat/main/erp
[2026-08-24T08:46:16.228Z] [INFO] Triggering action node: Other Staff Directory (Non-Faculty)
[2026-08-24T08:46:16.255Z] [WARNING] ⚠️ KPI Target Element [[data-kpi="other-staff"]] not present in current view. Skipping...
[2026-08-24T08:46:16.256Z] [INFO] Triggering action node: Academic Faculty Directory
[2026-08-24T08:46:16.259Z] [WARNING] ⚠️ KPI Target Element [[data-kpi="faculty"]] not present in current view. Skipping...
[2026-08-24T08:46:16.259Z] [INFO] Triggering action node: Active Centers Panel
[2026-08-24T08:46:16.263Z] [WARNING] ⚠️ KPI Target Element [[data-kpi="active-centers"]] not present in current view. Skipping...
[2026-08-24T08:46:16.263Z] [INFO] Evaluating Dexie.js offline DB initialization parameters...
[2026-08-24T08:46:16.269Z] [WARNING] ⚠️ Offline storage was not detected in local session context.
[2026-08-24T08:46:16.270Z] [INFO] ✅ Cycle #10 diagnostic check complete. Entering cooldown state...
[2026-08-24T08:46:46.284Z] [INFO] 🏁 Antigravity E2E Sentinel engine has reached its 10-hour limit. Shutting down browser.
[2026-08-24T08:55:22.160Z] [INFO] 🚀 Launching Antigravity E2E Sentinel engine...
[2026-08-24T08:55:22.491Z] [INFO] 
================================================================================
[2026-08-24T08:55:22.492Z] [INFO] 🌟 STARTING CONTINUOUS DIAGNOSTIC CYCLE #1 (Run Time: 0 mins)
[2026-08-24T08:55:22.492Z] [INFO] ================================================================================
[2026-08-24T08:55:22.492Z] [INFO] Checking FastAPI Port 8000 state...
[2026-08-24T08:55:24.882Z] [CRITICAL] ❌ FastAPI backend unreachable on Port 8000!
[2026-08-24T08:55:24.883Z] [WARNING] ⚠️ INITIATING AUTOMATED SELF-HEALING ACTION FOR: FASTAPI_DOWN
[2026-08-24T08:55:24.883Z] [SYSTEM] Targeting FastAPI Core... Wiping stagnant uvicorn sockets & rebooting server...
[2026-08-24T08:55:25.258Z] [INFO] ✅ Self-healing protocols dispatched and verified successfully.
[2026-08-24T08:55:35.269Z] [INFO] 
================================================================================
[2026-08-24T08:55:35.270Z] [INFO] 🌟 STARTING CONTINUOUS DIAGNOSTIC CYCLE #2 (Run Time: 0 mins)
[2026-08-24T08:55:35.270Z] [INFO] ================================================================================
[2026-08-24T08:55:35.270Z] [INFO] Checking FastAPI Port 8000 state...
[2026-08-24T08:55:35.623Z] [INFO] 🟢 FastAPI Backend is online. Verification Latency: 353ms
[2026-08-24T08:55:35.624Z] [INFO] Checking Next.js Port 3001 login terminal...
[2026-08-24T08:55:35.795Z] [SUCCESS] ⚡ Performance SLA verified for [/login]: 171ms
[2026-08-24T08:55:35.795Z] [INFO] Injecting session claims and verifying middleware token generation...
[2026-08-24T08:55:39.388Z] [INFO] Handshake successfully committed in: 3077ms
[2026-08-24T08:55:39.389Z] [INFO] Navigating to the central command node: http://localhost:3005/app/suffat/main/erp
[2026-08-24T08:55:40.269Z] [INFO] Triggering action node: Other Staff Directory (Non-Faculty)
[2026-08-24T08:55:40.312Z] [WARNING] ⚠️ KPI Target Element [[data-kpi="other-staff"]] not present in current view. Skipping...
[2026-08-24T08:55:40.313Z] [INFO] Triggering action node: Academic Faculty Directory
[2026-08-24T08:55:40.326Z] [WARNING] ⚠️ KPI Target Element [[data-kpi="faculty"]] not present in current view. Skipping...
[2026-08-24T08:55:40.326Z] [INFO] Triggering action node: Active Centers Panel
[2026-08-24T08:55:40.335Z] [WARNING] ⚠️ KPI Target Element [[data-kpi="active-centers"]] not present in current view. Skipping...
[2026-08-24T08:55:40.335Z] [INFO] Evaluating Dexie.js offline DB initialization parameters...
[2026-08-24T08:55:40.351Z] [WARNING] ⚠️ Offline storage was not detected in local session context.
[2026-08-24T08:55:40.351Z] [INFO] ✅ Cycle #2 diagnostic check complete. Entering cooldown state...
[2026-08-24T08:56:10.361Z] [INFO] 
================================================================================
[2026-08-24T08:56:10.362Z] [INFO] 🌟 STARTING CONTINUOUS DIAGNOSTIC CYCLE #3 (Run Time: 1 mins)
[2026-08-24T08:56:10.362Z] [INFO] ================================================================================
[2026-08-24T08:56:10.362Z] [INFO] Checking FastAPI Port 8000 state...
[2026-08-24T08:56:10.385Z] [INFO] 🟢 FastAPI Backend is online. Verification Latency: 22ms
[2026-08-24T08:56:10.386Z] [INFO] Checking Next.js Port 3001 login terminal...
[2026-08-24T08:56:10.482Z] [SUCCESS] ⚡ Performance SLA verified for [/login]: 96ms
[2026-08-24T08:56:10.482Z] [INFO] Injecting session claims and verifying middleware token generation...
[2026-08-24T08:56:13.794Z] [INFO] Handshake successfully committed in: 3045ms
[2026-08-24T08:56:13.794Z] [INFO] Navigating to the central command node: http://localhost:3005/app/suffat/main/erp
[2026-08-24T08:56:14.532Z] [INFO] Triggering action node: Other Staff Directory (Non-Faculty)
[2026-08-24T08:56:14.561Z] [WARNING] ⚠️ KPI Target Element [[data-kpi="other-staff"]] not present in current view. Skipping...
[2026-08-24T08:56:14.562Z] [INFO] Triggering action node: Academic Faculty Directory
[2026-08-24T08:56:14.566Z] [WARNING] ⚠️ KPI Target Element [[data-kpi="faculty"]] not present in current view. Skipping...
[2026-08-24T08:56:14.566Z] [INFO] Triggering action node: Active Centers Panel
[2026-08-24T08:56:14.571Z] [WARNING] ⚠️ KPI Target Element [[data-kpi="active-centers"]] not present in current view. Skipping...
[2026-08-24T08:56:14.571Z] [INFO] Evaluating Dexie.js offline DB initialization parameters...
[2026-08-24T08:56:14.576Z] [WARNING] ⚠️ Offline storage was not detected in local session context.
[2026-08-24T08:56:14.577Z] [INFO] ✅ Cycle #3 diagnostic check complete. Entering cooldown state...
[2026-08-24T08:56:44.596Z] [INFO] 
================================================================================
[2026-08-24T08:56:44.596Z] [INFO] 🌟 STARTING CONTINUOUS DIAGNOSTIC CYCLE #4 (Run Time: 1 mins)
[2026-08-24T08:56:44.597Z] [INFO] ================================================================================
[2026-08-24T08:56:44.598Z] [INFO] Checking FastAPI Port 8000 state...
[2026-08-24T08:56:44.941Z] [INFO] 🟢 FastAPI Backend is online. Verification Latency: 343ms
[2026-08-24T08:56:44.942Z] [INFO] Checking Next.js Port 3001 login terminal...
[2026-08-24T08:56:45.071Z] [SUCCESS] ⚡ Performance SLA verified for [/login]: 129ms
[2026-08-24T08:56:45.071Z] [INFO] Injecting session claims and verifying middleware token generation...
[2026-08-24T08:56:48.416Z] [INFO] Handshake successfully committed in: 3085ms
[2026-08-24T08:56:48.417Z] [INFO] Navigating to the central command node: http://localhost:3005/app/suffat/main/erp
[2026-08-24T08:56:49.151Z] [INFO] Triggering action node: Other Staff Directory (Non-Faculty)
[2026-08-24T08:56:49.182Z] [WARNING] ⚠️ KPI Target Element [[data-kpi="other-staff"]] not present in current view. Skipping...
[2026-08-24T08:56:49.182Z] [INFO] Triggering action node: Academic Faculty Directory
[2026-08-24T08:56:49.185Z] [WARNING] ⚠️ KPI Target Element [[data-kpi="faculty"]] not present in current view. Skipping...
[2026-08-24T08:56:49.186Z] [INFO] Triggering action node: Active Centers Panel
[2026-08-24T08:56:49.189Z] [WARNING] ⚠️ KPI Target Element [[data-kpi="active-centers"]] not present in current view. Skipping...
[2026-08-24T08:56:49.189Z] [INFO] Evaluating Dexie.js offline DB initialization parameters...
[2026-08-24T08:56:49.194Z] [WARNING] ⚠️ Offline storage was not detected in local session context.
[2026-08-24T08:56:49.195Z] [INFO] ✅ Cycle #4 diagnostic check complete. Entering cooldown state...
[2026-08-24T08:57:19.211Z] [INFO] 
================================================================================
[2026-08-24T08:57:19.212Z] [INFO] 🌟 STARTING CONTINUOUS DIAGNOSTIC CYCLE #5 (Run Time: 2 mins)
[2026-08-24T08:57:19.212Z] [INFO] ================================================================================
[2026-08-24T08:57:19.213Z] [INFO] Checking FastAPI Port 8000 state...
[2026-08-24T08:57:19.233Z] [INFO] 🟢 FastAPI Backend is online. Verification Latency: 20ms
[2026-08-24T08:57:19.234Z] [INFO] Checking Next.js Port 3001 login terminal...
[2026-08-24T08:57:19.327Z] [SUCCESS] ⚡ Performance SLA verified for [/login]: 93ms
[2026-08-24T08:57:19.327Z] [INFO] Injecting session claims and verifying middleware token generation...
[2026-08-24T08:57:22.684Z] [INFO] Handshake successfully committed in: 3081ms
[2026-08-24T08:57:22.684Z] [INFO] Navigating to the central command node: http://localhost:3005/app/suffat/main/erp
[2026-08-24T08:57:23.438Z] [INFO] Triggering action node: Other Staff Directory (Non-Faculty)
[2026-08-24T08:57:23.468Z] [WARNING] ⚠️ KPI Target Element [[data-kpi="other-staff"]] not present in current view. Skipping...
[2026-08-24T08:57:23.468Z] [INFO] Triggering action node: Academic Faculty Directory
[2026-08-24T08:57:23.471Z] [WARNING] ⚠️ KPI Target Element [[data-kpi="faculty"]] not present in current view. Skipping...
[2026-08-24T08:57:23.471Z] [INFO] Triggering action node: Active Centers Panel
[2026-08-24T08:57:23.474Z] [WARNING] ⚠️ KPI Target Element [[data-kpi="active-centers"]] not present in current view. Skipping...
[2026-08-24T08:57:23.475Z] [INFO] Evaluating Dexie.js offline DB initialization parameters...
[2026-08-24T08:57:23.481Z] [WARNING] ⚠️ Offline storage was not detected in local session context.
[2026-08-24T08:57:23.481Z] [INFO] ✅ Cycle #5 diagnostic check complete. Entering cooldown state...
[2026-08-24T08:57:53.485Z] [INFO] 
================================================================================
[2026-08-24T08:57:53.486Z] [INFO] 🌟 STARTING CONTINUOUS DIAGNOSTIC CYCLE #6 (Run Time: 3 mins)
[2026-08-24T08:57:53.486Z] [INFO] ================================================================================
[2026-08-24T08:57:53.486Z] [INFO] Checking FastAPI Port 8000 state...
[2026-08-24T08:57:53.815Z] [INFO] 🟢 FastAPI Backend is online. Verification Latency: 329ms
[2026-08-24T08:57:53.815Z] [INFO] Checking Next.js Port 3001 login terminal...
[2026-08-24T08:57:53.975Z] [SUCCESS] ⚡ Performance SLA verified for [/login]: 159ms
[2026-08-24T08:57:53.975Z] [INFO] Injecting session claims and verifying middleware token generation...
[2026-08-24T08:57:57.291Z] [INFO] Handshake successfully committed in: 3059ms
[2026-08-24T08:57:57.292Z] [INFO] Navigating to the central command node: http://localhost:3005/app/suffat/main/erp
[2026-08-24T08:57:58.052Z] [INFO] Triggering action node: Other Staff Directory (Non-Faculty)
[2026-08-24T08:57:58.079Z] [WARNING] ⚠️ KPI Target Element [[data-kpi="other-staff"]] not present in current view. Skipping...
[2026-08-24T08:57:58.079Z] [INFO] Triggering action node: Academic Faculty Directory
[2026-08-24T08:57:58.087Z] [WARNING] ⚠️ KPI Target Element [[data-kpi="faculty"]] not present in current view. Skipping...
[2026-08-24T08:57:58.088Z] [INFO] Triggering action node: Active Centers Panel
[2026-08-24T08:57:58.092Z] [WARNING] ⚠️ KPI Target Element [[data-kpi="active-centers"]] not present in current view. Skipping...
[2026-08-24T08:57:58.092Z] [INFO] Evaluating Dexie.js offline DB initialization parameters...
[2026-08-24T08:57:58.097Z] [WARNING] ⚠️ Offline storage was not detected in local session context.
[2026-08-24T08:57:58.097Z] [INFO] ✅ Cycle #6 diagnostic check complete. Entering cooldown state...
[2026-08-24T08:58:28.110Z] [INFO] 
================================================================================
[2026-08-24T08:58:28.111Z] [INFO] 🌟 STARTING CONTINUOUS DIAGNOSTIC CYCLE #7 (Run Time: 3 mins)
[2026-08-24T08:58:28.112Z] [INFO] ================================================================================
[2026-08-24T08:58:28.112Z] [INFO] Checking FastAPI Port 8000 state...
[2026-08-24T08:58:28.133Z] [INFO] 🟢 FastAPI Backend is online. Verification Latency: 21ms
[2026-08-24T08:58:28.134Z] [INFO] Checking Next.js Port 3001 login terminal...
[2026-08-24T08:58:28.246Z] [SUCCESS] ⚡ Performance SLA verified for [/login]: 112ms
[2026-08-24T08:58:28.247Z] [INFO] Injecting session claims and verifying middleware token generation...
[2026-08-24T08:58:31.551Z] [INFO] Handshake successfully committed in: 3031ms
[2026-08-24T08:58:31.552Z] [INFO] Navigating to the central command node: http://localhost:3005/app/suffat/main/erp
[2026-08-24T08:58:32.304Z] [INFO] Triggering action node: Other Staff Directory (Non-Faculty)
[2026-08-24T08:58:32.337Z] [WARNING] ⚠️ KPI Target Element [[data-kpi="other-staff"]] not present in current view. Skipping...
[2026-08-24T08:58:32.337Z] [INFO] Triggering action node: Academic Faculty Directory
[2026-08-24T08:58:32.340Z] [WARNING] ⚠️ KPI Target Element [[data-kpi="faculty"]] not present in current view. Skipping...
[2026-08-24T08:58:32.341Z] [INFO] Triggering action node: Active Centers Panel
[2026-08-24T08:58:32.345Z] [WARNING] ⚠️ KPI Target Element [[data-kpi="active-centers"]] not present in current view. Skipping...
[2026-08-24T08:58:32.345Z] [INFO] Evaluating Dexie.js offline DB initialization parameters...
[2026-08-24T08:58:32.349Z] [WARNING] ⚠️ Offline storage was not detected in local session context.
[2026-08-24T08:58:32.350Z] [INFO] ✅ Cycle #7 diagnostic check complete. Entering cooldown state...
[2026-08-24T08:59:02.354Z] [INFO] 
================================================================================
[2026-08-24T08:59:02.355Z] [INFO] 🌟 STARTING CONTINUOUS DIAGNOSTIC CYCLE #8 (Run Time: 4 mins)
[2026-08-24T08:59:02.355Z] [INFO] ================================================================================
[2026-08-24T08:59:02.355Z] [INFO] Checking FastAPI Port 8000 state...
[2026-08-24T08:59:02.681Z] [INFO] 🟢 FastAPI Backend is online. Verification Latency: 326ms
[2026-08-24T08:59:02.681Z] [INFO] Checking Next.js Port 3001 login terminal...
[2026-08-24T08:59:02.813Z] [SUCCESS] ⚡ Performance SLA verified for [/login]: 131ms
[2026-08-24T08:59:02.813Z] [INFO] Injecting session claims and verifying middleware token generation...
[2026-08-24T08:59:06.122Z] [INFO] Handshake successfully committed in: 3052ms
[2026-08-24T08:59:06.122Z] [INFO] Navigating to the central command node: http://localhost:3005/app/suffat/main/erp
[2026-08-24T08:59:06.861Z] [INFO] Triggering action node: Other Staff Directory (Non-Faculty)
[2026-08-24T08:59:06.888Z] [WARNING] ⚠️ KPI Target Element [[data-kpi="other-staff"]] not present in current view. Skipping...
[2026-08-24T08:59:06.888Z] [INFO] Triggering action node: Academic Faculty Directory
[2026-08-24T08:59:06.891Z] [WARNING] ⚠️ KPI Target Element [[data-kpi="faculty"]] not present in current view. Skipping...
[2026-08-24T08:59:06.892Z] [INFO] Triggering action node: Active Centers Panel
[2026-08-24T08:59:06.895Z] [WARNING] ⚠️ KPI Target Element [[data-kpi="active-centers"]] not present in current view. Skipping...
[2026-08-24T08:59:06.895Z] [INFO] Evaluating Dexie.js offline DB initialization parameters...
[2026-08-24T08:59:06.900Z] [WARNING] ⚠️ Offline storage was not detected in local session context.
[2026-08-24T08:59:06.900Z] [INFO] ✅ Cycle #8 diagnostic check complete. Entering cooldown state...
[2026-08-24T08:59:36.902Z] [INFO] 
================================================================================
[2026-08-24T08:59:36.903Z] [INFO] 🌟 STARTING CONTINUOUS DIAGNOSTIC CYCLE #9 (Run Time: 4 mins)
[2026-08-24T08:59:36.903Z] [INFO] ================================================================================
[2026-08-24T08:59:36.903Z] [INFO] Checking FastAPI Port 8000 state...
[2026-08-24T08:59:36.925Z] [INFO] 🟢 FastAPI Backend is online. Verification Latency: 22ms
[2026-08-24T08:59:36.925Z] [INFO] Checking Next.js Port 3001 login terminal...
[2026-08-24T08:59:37.053Z] [SUCCESS] ⚡ Performance SLA verified for [/login]: 127ms
[2026-08-24T08:59:37.053Z] [INFO] Injecting session claims and verifying middleware token generation...
[2026-08-24T08:59:40.376Z] [INFO] Handshake successfully committed in: 3077ms
[2026-08-24T08:59:40.376Z] [INFO] Navigating to the central command node: http://localhost:3005/app/suffat/main/erp
[2026-08-24T08:59:41.186Z] [INFO] Triggering action node: Other Staff Directory (Non-Faculty)
[2026-08-24T08:59:41.213Z] [WARNING] ⚠️ KPI Target Element [[data-kpi="other-staff"]] not present in current view. Skipping...
[2026-08-24T08:59:41.213Z] [INFO] Triggering action node: Academic Faculty Directory
[2026-08-24T08:59:41.216Z] [WARNING] ⚠️ KPI Target Element [[data-kpi="faculty"]] not present in current view. Skipping...
[2026-08-24T08:59:41.217Z] [INFO] Triggering action node: Active Centers Panel
[2026-08-24T08:59:41.221Z] [WARNING] ⚠️ KPI Target Element [[data-kpi="active-centers"]] not present in current view. Skipping...
[2026-08-24T08:59:41.221Z] [INFO] Evaluating Dexie.js offline DB initialization parameters...
[2026-08-24T08:59:41.227Z] [WARNING] ⚠️ Offline storage was not detected in local session context.
[2026-08-24T08:59:41.227Z] [INFO] ✅ Cycle #9 diagnostic check complete. Entering cooldown state...
[2026-08-24T09:00:11.233Z] [INFO] 
================================================================================
[2026-08-24T09:00:11.233Z] [INFO] 🌟 STARTING CONTINUOUS DIAGNOSTIC CYCLE #10 (Run Time: 5 mins)
[2026-08-24T09:00:11.234Z] [INFO] ================================================================================
[2026-08-24T09:00:11.234Z] [INFO] Checking FastAPI Port 8000 state...
[2026-08-24T09:00:11.561Z] [INFO] 🟢 FastAPI Backend is online. Verification Latency: 327ms
[2026-08-24T09:00:11.561Z] [INFO] Checking Next.js Port 3001 login terminal...
[2026-08-24T09:00:11.699Z] [SUCCESS] ⚡ Performance SLA verified for [/login]: 138ms
[2026-08-24T09:00:11.699Z] [INFO] Injecting session claims and verifying middleware token generation...
[2026-08-24T09:00:15.001Z] [INFO] Handshake successfully committed in: 3053ms
[2026-08-24T09:00:15.002Z] [INFO] Navigating to the central command node: http://localhost:3005/app/suffat/main/erp
[2026-08-24T09:00:15.757Z] [INFO] Triggering action node: Other Staff Directory (Non-Faculty)
[2026-08-24T09:00:15.785Z] [WARNING] ⚠️ KPI Target Element [[data-kpi="other-staff"]] not present in current view. Skipping...
[2026-08-24T09:00:15.786Z] [INFO] Triggering action node: Academic Faculty Directory
[2026-08-24T09:00:15.790Z] [WARNING] ⚠️ KPI Target Element [[data-kpi="faculty"]] not present in current view. Skipping...
[2026-08-24T09:00:15.791Z] [INFO] Triggering action node: Active Centers Panel
[2026-08-24T09:00:15.796Z] [WARNING] ⚠️ KPI Target Element [[data-kpi="active-centers"]] not present in current view. Skipping...
[2026-08-24T09:00:15.796Z] [INFO] Evaluating Dexie.js offline DB initialization parameters...
[2026-08-24T09:00:15.801Z] [WARNING] ⚠️ Offline storage was not detected in local session context.
[2026-08-24T09:00:15.801Z] [INFO] ✅ Cycle #10 diagnostic check complete. Entering cooldown state...
[2026-08-24T09:00:45.811Z] [INFO] 🏁 Antigravity E2E Sentinel engine has reached its 10-hour limit. Shutting down browser.
[2026-08-24T09:04:08.326Z] [INFO] 🚀 Launching Antigravity E2E Sentinel engine...
[2026-08-24T09:04:08.655Z] [INFO] 
================================================================================
[2026-08-24T09:04:08.656Z] [INFO] 🌟 STARTING CONTINUOUS DIAGNOSTIC CYCLE #1 (Run Time: 0 mins)
[2026-08-24T09:04:08.656Z] [INFO] ================================================================================
[2026-08-24T09:04:08.656Z] [INFO] Checking FastAPI Port 8000 state...
[2026-08-24T09:04:11.025Z] [CRITICAL] ❌ FastAPI backend unreachable on Port 8000!
[2026-08-24T09:04:11.026Z] [WARNING] ⚠️ INITIATING AUTOMATED SELF-HEALING ACTION FOR: FASTAPI_DOWN
[2026-08-24T09:04:11.027Z] [SYSTEM] Targeting FastAPI Core... Wiping stagnant uvicorn sockets & rebooting server...
[2026-08-24T09:04:11.433Z] [INFO] ✅ Self-healing protocols dispatched and verified successfully.
[2026-08-24T09:04:21.450Z] [INFO] 
================================================================================
[2026-08-24T09:04:21.451Z] [INFO] 🌟 STARTING CONTINUOUS DIAGNOSTIC CYCLE #2 (Run Time: 0 mins)
[2026-08-24T09:04:21.451Z] [INFO] ================================================================================
[2026-08-24T09:04:21.451Z] [INFO] Checking FastAPI Port 8000 state...
[2026-08-24T09:04:21.814Z] [INFO] 🟢 FastAPI Backend is online. Verification Latency: 362ms
[2026-08-24T09:04:21.814Z] [INFO] Checking Next.js Port 3001 login terminal...
[2026-08-24T09:04:21.979Z] [SUCCESS] ⚡ Performance SLA verified for [/login]: 165ms
[2026-08-24T09:04:21.980Z] [INFO] Injecting session claims and verifying middleware token generation...
[2026-08-24T09:04:25.626Z] [INFO] Handshake successfully committed in: 3088ms
[2026-08-24T09:04:25.627Z] [INFO] Navigating to the central command node: http://localhost:3005/app/suffat/main/erp
[2026-08-24T09:04:26.389Z] [INFO] Triggering action node: Other Staff Directory (Non-Faculty)
[2026-08-24T09:04:26.421Z] [WARNING] ⚠️ KPI Target Element [[data-kpi="other-staff"]] not present in current view. Skipping...
[2026-08-24T09:04:26.421Z] [INFO] Triggering action node: Academic Faculty Directory
[2026-08-24T09:04:26.425Z] [WARNING] ⚠️ KPI Target Element [[data-kpi="faculty"]] not present in current view. Skipping...
[2026-08-24T09:04:26.425Z] [INFO] Triggering action node: Active Centers Panel
[2026-08-24T09:04:26.430Z] [WARNING] ⚠️ KPI Target Element [[data-kpi="active-centers"]] not present in current view. Skipping...
[2026-08-24T09:04:26.430Z] [INFO] Evaluating Dexie.js offline DB initialization parameters...
[2026-08-24T09:04:26.436Z] [WARNING] ⚠️ Offline storage was not detected in local session context.
[2026-08-24T09:04:26.437Z] [INFO] ✅ Cycle #2 diagnostic check complete. Entering cooldown state...
[2026-08-24T09:04:56.443Z] [INFO] 
================================================================================
[2026-08-24T09:04:56.443Z] [INFO] 🌟 STARTING CONTINUOUS DIAGNOSTIC CYCLE #3 (Run Time: 1 mins)
[2026-08-24T09:04:56.443Z] [INFO] ================================================================================
[2026-08-24T09:04:56.444Z] [INFO] Checking FastAPI Port 8000 state...
[2026-08-24T09:04:56.465Z] [INFO] 🟢 FastAPI Backend is online. Verification Latency: 21ms
[2026-08-24T09:04:56.466Z] [INFO] Checking Next.js Port 3001 login terminal...
[2026-08-24T09:04:56.582Z] [SUCCESS] ⚡ Performance SLA verified for [/login]: 116ms
[2026-08-24T09:04:56.582Z] [INFO] Injecting session claims and verifying middleware token generation...
[2026-08-24T09:04:59.962Z] [INFO] Handshake successfully committed in: 3084ms
[2026-08-24T09:04:59.962Z] [INFO] Navigating to the central command node: http://localhost:3005/app/suffat/main/erp
[2026-08-24T09:05:00.734Z] [INFO] Triggering action node: Other Staff Directory (Non-Faculty)
[2026-08-24T09:05:00.762Z] [WARNING] ⚠️ KPI Target Element [[data-kpi="other-staff"]] not present in current view. Skipping...
[2026-08-24T09:05:00.763Z] [INFO] Triggering action node: Academic Faculty Directory
[2026-08-24T09:05:00.766Z] [WARNING] ⚠️ KPI Target Element [[data-kpi="faculty"]] not present in current view. Skipping...
[2026-08-24T09:05:00.766Z] [INFO] Triggering action node: Active Centers Panel
[2026-08-24T09:05:00.771Z] [WARNING] ⚠️ KPI Target Element [[data-kpi="active-centers"]] not present in current view. Skipping...
[2026-08-24T09:05:00.771Z] [INFO] Evaluating Dexie.js offline DB initialization parameters...
[2026-08-24T09:05:00.779Z] [WARNING] ⚠️ Offline storage was not detected in local session context.
[2026-08-24T09:05:00.780Z] [INFO] ✅ Cycle #3 diagnostic check complete. Entering cooldown state...
[2026-08-24T09:05:30.795Z] [INFO] 
================================================================================
[2026-08-24T09:05:30.796Z] [INFO] 🌟 STARTING CONTINUOUS DIAGNOSTIC CYCLE #4 (Run Time: 1 mins)
[2026-08-24T09:05:30.796Z] [INFO] ================================================================================
[2026-08-24T09:05:30.796Z] [INFO] Checking FastAPI Port 8000 state...
[2026-08-24T09:05:31.123Z] [INFO] 🟢 FastAPI Backend is online. Verification Latency: 327ms
[2026-08-24T09:05:31.123Z] [INFO] Checking Next.js Port 3001 login terminal...
[2026-08-24T09:05:31.229Z] [SUCCESS] ⚡ Performance SLA verified for [/login]: 106ms
[2026-08-24T09:05:31.230Z] [INFO] Injecting session claims and verifying middleware token generation...
[2026-08-24T09:05:34.555Z] [INFO] Handshake successfully committed in: 3057ms
[2026-08-24T09:05:34.556Z] [INFO] Navigating to the central command node: http://localhost:3005/app/suffat/main/erp
[2026-08-24T09:05:35.323Z] [INFO] Triggering action node: Other Staff Directory (Non-Faculty)
[2026-08-24T09:05:35.352Z] [WARNING] ⚠️ KPI Target Element [[data-kpi="other-staff"]] not present in current view. Skipping...
[2026-08-24T09:05:35.353Z] [INFO] Triggering action node: Academic Faculty Directory
[2026-08-24T09:05:35.356Z] [WARNING] ⚠️ KPI Target Element [[data-kpi="faculty"]] not present in current view. Skipping...
[2026-08-24T09:05:35.356Z] [INFO] Triggering action node: Active Centers Panel
[2026-08-24T09:05:35.359Z] [WARNING] ⚠️ KPI Target Element [[data-kpi="active-centers"]] not present in current view. Skipping...
[2026-08-24T09:05:35.360Z] [INFO] Evaluating Dexie.js offline DB initialization parameters...
[2026-08-24T09:05:35.364Z] [WARNING] ⚠️ Offline storage was not detected in local session context.
[2026-08-24T09:05:35.364Z] [INFO] ✅ Cycle #4 diagnostic check complete. Entering cooldown state...
[2026-08-24T09:06:05.369Z] [INFO] 
================================================================================
[2026-08-24T09:06:05.370Z] [INFO] 🌟 STARTING CONTINUOUS DIAGNOSTIC CYCLE #5 (Run Time: 2 mins)
[2026-08-24T09:06:05.370Z] [INFO] ================================================================================
[2026-08-24T09:06:05.370Z] [INFO] Checking FastAPI Port 8000 state...
[2026-08-24T09:06:05.396Z] [INFO] 🟢 FastAPI Backend is online. Verification Latency: 26ms
[2026-08-24T09:06:05.397Z] [INFO] Checking Next.js Port 3001 login terminal...
[2026-08-24T09:06:05.537Z] [SUCCESS] ⚡ Performance SLA verified for [/login]: 140ms
[2026-08-24T09:06:05.538Z] [INFO] Injecting session claims and verifying middleware token generation...
[2026-08-24T09:06:08.872Z] [INFO] Handshake successfully committed in: 3059ms
[2026-08-24T09:06:08.872Z] [INFO] Navigating to the central command node: http://localhost:3005/app/suffat/main/erp
[2026-08-24T09:06:09.618Z] [INFO] Triggering action node: Other Staff Directory (Non-Faculty)
[2026-08-24T09:06:09.645Z] [WARNING] ⚠️ KPI Target Element [[data-kpi="other-staff"]] not present in current view. Skipping...
[2026-08-24T09:06:09.646Z] [INFO] Triggering action node: Academic Faculty Directory
[2026-08-24T09:06:09.649Z] [WARNING] ⚠️ KPI Target Element [[data-kpi="faculty"]] not present in current view. Skipping...
[2026-08-24T09:06:09.649Z] [INFO] Triggering action node: Active Centers Panel
[2026-08-24T09:06:09.653Z] [WARNING] ⚠️ KPI Target Element [[data-kpi="active-centers"]] not present in current view. Skipping...
[2026-08-24T09:06:09.653Z] [INFO] Evaluating Dexie.js offline DB initialization parameters...
[2026-08-24T09:06:09.659Z] [WARNING] ⚠️ Offline storage was not detected in local session context.
[2026-08-24T09:06:09.659Z] [INFO] ✅ Cycle #5 diagnostic check complete. Entering cooldown state...
[2026-08-24T09:06:39.676Z] [INFO] 
================================================================================
[2026-08-24T09:06:39.676Z] [INFO] 🌟 STARTING CONTINUOUS DIAGNOSTIC CYCLE #6 (Run Time: 3 mins)
[2026-08-24T09:06:39.679Z] [INFO] ================================================================================
[2026-08-24T09:06:39.680Z] [INFO] Checking FastAPI Port 8000 state...
[2026-08-24T09:06:40.003Z] [INFO] 🟢 FastAPI Backend is online. Verification Latency: 323ms
[2026-08-24T09:06:40.003Z] [INFO] Checking Next.js Port 3001 login terminal...
[2026-08-24T09:06:40.203Z] [SUCCESS] ⚡ Performance SLA verified for [/login]: 200ms
[2026-08-24T09:06:40.203Z] [INFO] Injecting session claims and verifying middleware token generation...
[2026-08-24T09:06:43.496Z] [INFO] Handshake successfully committed in: 3054ms
[2026-08-24T09:06:43.497Z] [INFO] Navigating to the central command node: http://localhost:3005/app/suffat/main/erp
[2026-08-24T09:06:44.229Z] [INFO] Triggering action node: Other Staff Directory (Non-Faculty)
[2026-08-24T09:06:44.257Z] [WARNING] ⚠️ KPI Target Element [[data-kpi="other-staff"]] not present in current view. Skipping...
[2026-08-24T09:06:44.258Z] [INFO] Triggering action node: Academic Faculty Directory
[2026-08-24T09:06:44.262Z] [WARNING] ⚠️ KPI Target Element [[data-kpi="faculty"]] not present in current view. Skipping...
[2026-08-24T09:06:44.263Z] [INFO] Triggering action node: Active Centers Panel
[2026-08-24T09:06:44.266Z] [WARNING] ⚠️ KPI Target Element [[data-kpi="active-centers"]] not present in current view. Skipping...
[2026-08-24T09:06:44.266Z] [INFO] Evaluating Dexie.js offline DB initialization parameters...
[2026-08-24T09:06:44.274Z] [WARNING] ⚠️ Offline storage was not detected in local session context.
[2026-08-24T09:06:44.274Z] [INFO] ✅ Cycle #6 diagnostic check complete. Entering cooldown state...
[2026-08-24T09:07:14.283Z] [INFO] 
================================================================================
[2026-08-24T09:07:14.283Z] [INFO] 🌟 STARTING CONTINUOUS DIAGNOSTIC CYCLE #7 (Run Time: 3 mins)
[2026-08-24T09:07:14.284Z] [INFO] ================================================================================
[2026-08-24T09:07:14.284Z] [INFO] Checking FastAPI Port 8000 state...
[2026-08-24T09:07:14.305Z] [INFO] 🟢 FastAPI Backend is online. Verification Latency: 21ms
[2026-08-24T09:07:14.306Z] [INFO] Checking Next.js Port 3001 login terminal...
[2026-08-24T09:07:14.451Z] [SUCCESS] ⚡ Performance SLA verified for [/login]: 145ms
[2026-08-24T09:07:14.452Z] [INFO] Injecting session claims and verifying middleware token generation...
[2026-08-24T09:07:17.749Z] [INFO] Handshake successfully committed in: 3079ms
[2026-08-24T09:07:17.750Z] [INFO] Navigating to the central command node: http://localhost:3005/app/suffat/main/erp
[2026-08-24T09:07:18.509Z] [INFO] Triggering action node: Other Staff Directory (Non-Faculty)
[2026-08-24T09:07:18.648Z] [WARNING] ⚠️ KPI Target Element [[data-kpi="other-staff"]] not present in current view. Skipping...
[2026-08-24T09:07:18.649Z] [INFO] Triggering action node: Academic Faculty Directory
[2026-08-24T09:07:18.653Z] [WARNING] ⚠️ KPI Target Element [[data-kpi="faculty"]] not present in current view. Skipping...
[2026-08-24T09:07:18.653Z] [INFO] Triggering action node: Active Centers Panel
[2026-08-24T09:07:18.657Z] [WARNING] ⚠️ KPI Target Element [[data-kpi="active-centers"]] not present in current view. Skipping...
[2026-08-24T09:07:18.657Z] [INFO] Evaluating Dexie.js offline DB initialization parameters...
[2026-08-24T09:07:18.663Z] [WARNING] ⚠️ Offline storage was not detected in local session context.
[2026-08-24T09:07:18.663Z] [INFO] ✅ Cycle #7 diagnostic check complete. Entering cooldown state...
[2026-08-24T09:07:48.679Z] [INFO] 
================================================================================
[2026-08-24T09:07:48.680Z] [INFO] 🌟 STARTING CONTINUOUS DIAGNOSTIC CYCLE #8 (Run Time: 4 mins)
[2026-08-24T09:07:48.680Z] [INFO] ================================================================================
[2026-08-24T09:07:48.681Z] [INFO] Checking FastAPI Port 8000 state...
[2026-08-24T09:07:49.047Z] [INFO] 🟢 FastAPI Backend is online. Verification Latency: 366ms
[2026-08-24T09:07:49.047Z] [INFO] Checking Next.js Port 3001 login terminal...
[2026-08-24T09:07:49.153Z] [SUCCESS] ⚡ Performance SLA verified for [/login]: 106ms
[2026-08-24T09:07:49.153Z] [INFO] Injecting session claims and verifying middleware token generation...
[2026-08-24T09:07:52.512Z] [INFO] Handshake successfully committed in: 3072ms
[2026-08-24T09:07:52.513Z] [INFO] Navigating to the central command node: http://localhost:3005/app/suffat/main/erp
[2026-08-24T09:07:53.296Z] [INFO] Triggering action node: Other Staff Directory (Non-Faculty)
[2026-08-24T09:07:53.325Z] [WARNING] ⚠️ KPI Target Element [[data-kpi="other-staff"]] not present in current view. Skipping...
[2026-08-24T09:07:53.326Z] [INFO] Triggering action node: Academic Faculty Directory
[2026-08-24T09:07:53.328Z] [WARNING] ⚠️ KPI Target Element [[data-kpi="faculty"]] not present in current view. Skipping...
[2026-08-24T09:07:53.329Z] [INFO] Triggering action node: Active Centers Panel
[2026-08-24T09:07:53.332Z] [WARNING] ⚠️ KPI Target Element [[data-kpi="active-centers"]] not present in current view. Skipping...
[2026-08-24T09:07:53.332Z] [INFO] Evaluating Dexie.js offline DB initialization parameters...
[2026-08-24T09:07:53.337Z] [WARNING] ⚠️ Offline storage was not detected in local session context.
[2026-08-24T09:07:53.337Z] [INFO] ✅ Cycle #8 diagnostic check complete. Entering cooldown state...
[2026-08-24T09:08:23.339Z] [INFO] 
================================================================================
[2026-08-24T09:08:23.340Z] [INFO] 🌟 STARTING CONTINUOUS DIAGNOSTIC CYCLE #9 (Run Time: 4 mins)
[2026-08-24T09:08:23.340Z] [INFO] ================================================================================
[2026-08-24T09:08:23.340Z] [INFO] Checking FastAPI Port 8000 state...
[2026-08-24T09:08:23.369Z] [INFO] 🟢 FastAPI Backend is online. Verification Latency: 28ms
[2026-08-24T09:08:23.370Z] [INFO] Checking Next.js Port 3001 login terminal...
[2026-08-24T09:08:23.469Z] [SUCCESS] ⚡ Performance SLA verified for [/login]: 99ms
[2026-08-24T09:08:23.469Z] [INFO] Injecting session claims and verifying middleware token generation...
[2026-08-24T09:08:26.787Z] [INFO] Handshake successfully committed in: 3059ms
[2026-08-24T09:08:26.788Z] [INFO] Navigating to the central command node: http://localhost:3005/app/suffat/main/erp
[2026-08-24T09:08:27.602Z] [INFO] Triggering action node: Other Staff Directory (Non-Faculty)
[2026-08-24T09:08:27.630Z] [WARNING] ⚠️ KPI Target Element [[data-kpi="other-staff"]] not present in current view. Skipping...
[2026-08-24T09:08:27.631Z] [INFO] Triggering action node: Academic Faculty Directory
[2026-08-24T09:08:27.634Z] [WARNING] ⚠️ KPI Target Element [[data-kpi="faculty"]] not present in current view. Skipping...
[2026-08-24T09:08:27.634Z] [INFO] Triggering action node: Active Centers Panel
[2026-08-24T09:08:27.637Z] [WARNING] ⚠️ KPI Target Element [[data-kpi="active-centers"]] not present in current view. Skipping...
[2026-08-24T09:08:27.637Z] [INFO] Evaluating Dexie.js offline DB initialization parameters...
[2026-08-24T09:08:27.644Z] [WARNING] ⚠️ Offline storage was not detected in local session context.
[2026-08-24T09:08:27.644Z] [INFO] ✅ Cycle #9 diagnostic check complete. Entering cooldown state...
[2026-08-24T09:08:57.649Z] [INFO] 
================================================================================
[2026-08-24T09:08:57.650Z] [INFO] 🌟 STARTING CONTINUOUS DIAGNOSTIC CYCLE #10 (Run Time: 5 mins)
[2026-08-24T09:08:57.650Z] [INFO] ================================================================================
[2026-08-24T09:08:57.651Z] [INFO] Checking FastAPI Port 8000 state...
[2026-08-24T09:08:57.994Z] [INFO] 🟢 FastAPI Backend is online. Verification Latency: 342ms
[2026-08-24T09:08:57.994Z] [INFO] Checking Next.js Port 3001 login terminal...
[2026-08-24T09:08:58.140Z] [SUCCESS] ⚡ Performance SLA verified for [/login]: 146ms
[2026-08-24T09:08:58.140Z] [INFO] Injecting session claims and verifying middleware token generation...
[2026-08-24T09:09:01.463Z] [INFO] Handshake successfully committed in: 3087ms
[2026-08-24T09:09:01.463Z] [INFO] Navigating to the central command node: http://localhost:3005/app/suffat/main/erp
[2026-08-24T09:09:02.213Z] [INFO] Triggering action node: Other Staff Directory (Non-Faculty)
[2026-08-24T09:09:02.241Z] [WARNING] ⚠️ KPI Target Element [[data-kpi="other-staff"]] not present in current view. Skipping...
[2026-08-24T09:09:02.241Z] [INFO] Triggering action node: Academic Faculty Directory
[2026-08-24T09:09:02.247Z] [WARNING] ⚠️ KPI Target Element [[data-kpi="faculty"]] not present in current view. Skipping...
[2026-08-24T09:09:02.248Z] [INFO] Triggering action node: Active Centers Panel
[2026-08-24T09:09:02.254Z] [WARNING] ⚠️ KPI Target Element [[data-kpi="active-centers"]] not present in current view. Skipping...
[2026-08-24T09:09:02.255Z] [INFO] Evaluating Dexie.js offline DB initialization parameters...
[2026-08-24T09:09:02.259Z] [WARNING] ⚠️ Offline storage was not detected in local session context.
[2026-08-24T09:09:02.260Z] [INFO] ✅ Cycle #10 diagnostic check complete. Entering cooldown state...
[2026-08-24T09:12:40.203Z] [INFO] 🚀 Launching Antigravity E2E Sentinel engine...
[2026-08-24T09:12:40.533Z] [INFO] 
================================================================================
[2026-08-24T09:12:40.534Z] [INFO] 🌟 STARTING CONTINUOUS DIAGNOSTIC CYCLE #1 (Run Time: 0 mins)
[2026-08-24T09:12:40.534Z] [INFO] ================================================================================
[2026-08-24T09:12:40.534Z] [INFO] Checking FastAPI Port 8000 state...
[2026-08-24T09:12:42.898Z] [CRITICAL] ❌ FastAPI backend unreachable on Port 8000!
[2026-08-24T09:12:42.899Z] [WARNING] ⚠️ INITIATING AUTOMATED SELF-HEALING ACTION FOR: FASTAPI_DOWN
[2026-08-24T09:12:42.900Z] [SYSTEM] Targeting FastAPI Core... Wiping stagnant uvicorn sockets & rebooting server...
[2026-08-24T09:12:43.259Z] [INFO] ✅ Self-healing protocols dispatched and verified successfully.
[2026-08-24T09:12:53.276Z] [INFO] 
================================================================================
[2026-08-24T09:12:53.277Z] [INFO] 🌟 STARTING CONTINUOUS DIAGNOSTIC CYCLE #2 (Run Time: 0 mins)
[2026-08-24T09:12:53.277Z] [INFO] ================================================================================
[2026-08-24T09:12:53.277Z] [INFO] Checking FastAPI Port 8000 state...
[2026-08-24T09:12:53.640Z] [INFO] 🟢 FastAPI Backend is online. Verification Latency: 362ms
[2026-08-24T09:12:53.640Z] [INFO] Checking Next.js Port 3001 login terminal...
[2026-08-24T09:12:53.802Z] [SUCCESS] ⚡ Performance SLA verified for [/login]: 162ms
[2026-08-24T09:12:53.803Z] [INFO] Injecting session claims and verifying middleware token generation...
[2026-08-24T09:12:57.429Z] [INFO] Handshake successfully committed in: 3072ms
[2026-08-24T09:12:57.429Z] [INFO] Navigating to the central command node: http://localhost:3005/app/suffat/main/erp
[2026-08-24T09:12:58.275Z] [INFO] Triggering action node: Other Staff Directory (Non-Faculty)
[2026-08-24T09:12:58.337Z] [WARNING] ⚠️ KPI Target Element [[data-kpi="other-staff"]] not present in current view. Skipping...
[2026-08-24T09:12:58.337Z] [INFO] Triggering action node: Academic Faculty Directory
[2026-08-24T09:12:58.349Z] [WARNING] ⚠️ KPI Target Element [[data-kpi="faculty"]] not present in current view. Skipping...
[2026-08-24T09:12:58.349Z] [INFO] Triggering action node: Active Centers Panel
[2026-08-24T09:12:58.358Z] [WARNING] ⚠️ KPI Target Element [[data-kpi="active-centers"]] not present in current view. Skipping...
[2026-08-24T09:12:58.358Z] [INFO] Evaluating Dexie.js offline DB initialization parameters...
[2026-08-24T09:12:58.379Z] [WARNING] ⚠️ Offline storage was not detected in local session context.
[2026-08-24T09:12:58.379Z] [INFO] ✅ Cycle #2 diagnostic check complete. Entering cooldown state...
[2026-08-24T09:13:28.397Z] [INFO] 
================================================================================
[2026-08-24T09:13:28.400Z] [INFO] 🌟 STARTING CONTINUOUS DIAGNOSTIC CYCLE #3 (Run Time: 1 mins)
[2026-08-24T09:13:28.401Z] [INFO] ================================================================================
[2026-08-24T09:13:28.401Z] [INFO] Checking FastAPI Port 8000 state...
[2026-08-24T09:13:28.449Z] [INFO] 🟢 FastAPI Backend is online. Verification Latency: 47ms
[2026-08-24T09:13:28.449Z] [INFO] Checking Next.js Port 3001 login terminal...
[2026-08-24T09:13:28.564Z] [SUCCESS] ⚡ Performance SLA verified for [/login]: 114ms
[2026-08-24T09:13:28.564Z] [INFO] Injecting session claims and verifying middleware token generation...
[2026-08-24T09:13:31.809Z] [INFO] Handshake successfully committed in: 2662ms
[2026-08-24T09:13:31.809Z] [INFO] Navigating to the central command node: http://localhost:3005/app/suffat/main/erp
[2026-08-24T09:13:32.722Z] [INFO] Triggering action node: Other Staff Directory (Non-Faculty)
[2026-08-24T09:13:32.756Z] [WARNING] ⚠️ KPI Target Element [[data-kpi="other-staff"]] not present in current view. Skipping...
[2026-08-24T09:13:32.756Z] [INFO] Triggering action node: Academic Faculty Directory
[2026-08-24T09:13:32.759Z] [WARNING] ⚠️ KPI Target Element [[data-kpi="faculty"]] not present in current view. Skipping...
[2026-08-24T09:13:32.759Z] [INFO] Triggering action node: Active Centers Panel
[2026-08-24T09:13:32.764Z] [WARNING] ⚠️ KPI Target Element [[data-kpi="active-centers"]] not present in current view. Skipping...
[2026-08-24T09:13:32.764Z] [INFO] Evaluating Dexie.js offline DB initialization parameters...
[2026-08-24T09:13:32.778Z] [WARNING] ⚠️ Offline storage was not detected in local session context.
[2026-08-24T09:13:32.778Z] [INFO] ✅ Cycle #3 diagnostic check complete. Entering cooldown state...
[2026-08-24T09:14:02.783Z] [INFO] 
================================================================================
[2026-08-24T09:14:02.784Z] [INFO] 🌟 STARTING CONTINUOUS DIAGNOSTIC CYCLE #4 (Run Time: 1 mins)
[2026-08-24T09:14:02.784Z] [INFO] ================================================================================
[2026-08-24T09:14:02.784Z] [INFO] Checking FastAPI Port 8000 state...
[2026-08-24T09:14:03.143Z] [INFO] 🟢 FastAPI Backend is online. Verification Latency: 358ms
[2026-08-24T09:14:03.143Z] [INFO] Checking Next.js Port 3001 login terminal...
[2026-08-24T09:14:03.340Z] [SUCCESS] ⚡ Performance SLA verified for [/login]: 196ms
[2026-08-24T09:14:03.341Z] [INFO] Injecting session claims and verifying middleware token generation...
[2026-08-24T09:14:06.515Z] [INFO] Handshake successfully committed in: 2710ms
[2026-08-24T09:14:06.515Z] [INFO] Navigating to the central command node: http://localhost:3005/app/suffat/main/erp
[2026-08-24T09:14:07.433Z] [INFO] Triggering action node: Other Staff Directory (Non-Faculty)
[2026-08-24T09:14:07.474Z] [WARNING] ⚠️ KPI Target Element [[data-kpi="other-staff"]] not present in current view. Skipping...
[2026-08-24T09:14:07.475Z] [INFO] Triggering action node: Academic Faculty Directory
[2026-08-24T09:14:07.489Z] [WARNING] ⚠️ KPI Target Element [[data-kpi="faculty"]] not present in current view. Skipping...
[2026-08-24T09:14:07.489Z] [INFO] Triggering action node: Active Centers Panel
[2026-08-24T09:14:07.492Z] [WARNING] ⚠️ KPI Target Element [[data-kpi="active-centers"]] not present in current view. Skipping...
[2026-08-24T09:14:07.493Z] [INFO] Evaluating Dexie.js offline DB initialization parameters...
[2026-08-24T09:14:07.503Z] [WARNING] ⚠️ Offline storage was not detected in local session context.
[2026-08-24T09:14:07.503Z] [INFO] ✅ Cycle #4 diagnostic check complete. Entering cooldown state...
[2026-08-24T09:14:37.517Z] [INFO] 
================================================================================
[2026-08-24T09:14:37.518Z] [INFO] 🌟 STARTING CONTINUOUS DIAGNOSTIC CYCLE #5 (Run Time: 2 mins)
[2026-08-24T09:14:37.518Z] [INFO] ================================================================================
[2026-08-24T09:14:37.518Z] [INFO] Checking FastAPI Port 8000 state...
[2026-08-24T09:14:37.540Z] [INFO] 🟢 FastAPI Backend is online. Verification Latency: 22ms
[2026-08-24T09:14:37.540Z] [INFO] Checking Next.js Port 3001 login terminal...
[2026-08-24T09:14:37.645Z] [SUCCESS] ⚡ Performance SLA verified for [/login]: 104ms
[2026-08-24T09:14:37.645Z] [INFO] Injecting session claims and verifying middleware token generation...
[2026-08-24T09:14:40.979Z] [INFO] Handshake successfully committed in: 3019ms
[2026-08-24T09:14:40.980Z] [INFO] Navigating to the central command node: http://localhost:3005/app/suffat/main/erp
[2026-08-24T09:14:41.719Z] [INFO] Triggering action node: Other Staff Directory (Non-Faculty)
[2026-08-24T09:14:41.747Z] [WARNING] ⚠️ KPI Target Element [[data-kpi="other-staff"]] not present in current view. Skipping...
[2026-08-24T09:14:41.747Z] [INFO] Triggering action node: Academic Faculty Directory
[2026-08-24T09:14:41.750Z] [WARNING] ⚠️ KPI Target Element [[data-kpi="faculty"]] not present in current view. Skipping...
[2026-08-24T09:14:41.751Z] [INFO] Triggering action node: Active Centers Panel
[2026-08-24T09:14:41.756Z] [WARNING] ⚠️ KPI Target Element [[data-kpi="active-centers"]] not present in current view. Skipping...
[2026-08-24T09:14:41.757Z] [INFO] Evaluating Dexie.js offline DB initialization parameters...
[2026-08-24T09:14:41.763Z] [WARNING] ⚠️ Offline storage was not detected in local session context.
[2026-08-24T09:14:41.764Z] [INFO] ✅ Cycle #5 diagnostic check complete. Entering cooldown state...
[2026-08-24T09:15:11.773Z] [INFO] 
================================================================================
[2026-08-24T09:15:11.774Z] [INFO] 🌟 STARTING CONTINUOUS DIAGNOSTIC CYCLE #6 (Run Time: 3 mins)
[2026-08-24T09:15:11.774Z] [INFO] ================================================================================
[2026-08-24T09:15:11.774Z] [INFO] Checking FastAPI Port 8000 state...
[2026-08-24T09:15:12.111Z] [INFO] 🟢 FastAPI Backend is online. Verification Latency: 337ms
[2026-08-24T09:15:12.111Z] [INFO] Checking Next.js Port 3001 login terminal...
[2026-08-24T09:15:12.251Z] [SUCCESS] ⚡ Performance SLA verified for [/login]: 140ms
[2026-08-24T09:15:12.252Z] [INFO] Injecting session claims and verifying middleware token generation...
[2026-08-24T09:15:15.259Z] [INFO] Handshake successfully committed in: 2664ms
[2026-08-24T09:15:15.260Z] [INFO] Navigating to the central command node: http://localhost:3005/app/suffat/main/erp
[2026-08-24T09:15:16.073Z] [INFO] Triggering action node: Other Staff Directory (Non-Faculty)
[2026-08-24T09:15:16.157Z] [WARNING] ⚠️ KPI Target Element [[data-kpi="other-staff"]] not present in current view. Skipping...
[2026-08-24T09:15:16.158Z] [INFO] Triggering action node: Academic Faculty Directory
[2026-08-24T09:15:16.174Z] [WARNING] ⚠️ KPI Target Element [[data-kpi="faculty"]] not present in current view. Skipping...
[2026-08-24T09:15:16.174Z] [INFO] Triggering action node: Active Centers Panel
[2026-08-24T09:15:16.195Z] [WARNING] ⚠️ KPI Target Element [[data-kpi="active-centers"]] not present in current view. Skipping...
[2026-08-24T09:15:16.197Z] [INFO] Evaluating Dexie.js offline DB initialization parameters...
[2026-08-24T09:15:16.222Z] [WARNING] ⚠️ Offline storage was not detected in local session context.
[2026-08-24T09:15:16.223Z] [INFO] ✅ Cycle #6 diagnostic check complete. Entering cooldown state...
[2026-08-24T09:15:46.244Z] [INFO] 
================================================================================
[2026-08-24T09:15:46.245Z] [INFO] 🌟 STARTING CONTINUOUS DIAGNOSTIC CYCLE #7 (Run Time: 3 mins)
[2026-08-24T09:15:46.245Z] [INFO] ================================================================================
[2026-08-24T09:15:46.245Z] [INFO] Checking FastAPI Port 8000 state...
[2026-08-24T09:15:46.280Z] [INFO] 🟢 FastAPI Backend is online. Verification Latency: 34ms
[2026-08-24T09:15:46.281Z] [INFO] Checking Next.js Port 3001 login terminal...
[2026-08-24T09:15:46.468Z] [SUCCESS] ⚡ Performance SLA verified for [/login]: 187ms
[2026-08-24T09:15:46.469Z] [INFO] Injecting session claims and verifying middleware token generation...
[2026-08-24T09:15:49.882Z] [INFO] Handshake successfully committed in: 3097ms
[2026-08-24T09:15:49.882Z] [INFO] Navigating to the central command node: http://localhost:3005/app/suffat/main/erp
[2026-08-24T09:15:50.720Z] [INFO] Triggering action node: Other Staff Directory (Non-Faculty)
[2026-08-24T09:15:50.760Z] [WARNING] ⚠️ KPI Target Element [[data-kpi="other-staff"]] not present in current view. Skipping...
[2026-08-24T09:15:50.761Z] [INFO] Triggering action node: Academic Faculty Directory
[2026-08-24T09:15:50.775Z] [WARNING] ⚠️ KPI Target Element [[data-kpi="faculty"]] not present in current view. Skipping...
[2026-08-24T09:15:50.775Z] [INFO] Triggering action node: Active Centers Panel
[2026-08-24T09:15:50.781Z] [WARNING] ⚠️ KPI Target Element [[data-kpi="active-centers"]] not present in current view. Skipping...
[2026-08-24T09:15:50.782Z] [INFO] Evaluating Dexie.js offline DB initialization parameters...
[2026-08-24T09:15:50.810Z] [WARNING] ⚠️ Offline storage was not detected in local session context.
[2026-08-24T09:15:50.810Z] [INFO] ✅ Cycle #7 diagnostic check complete. Entering cooldown state...
[2026-08-24T09:16:20.817Z] [INFO] 
================================================================================
[2026-08-24T09:16:20.819Z] [INFO] 🌟 STARTING CONTINUOUS DIAGNOSTIC CYCLE #8 (Run Time: 4 mins)
[2026-08-24T09:16:20.819Z] [INFO] ================================================================================
[2026-08-24T09:16:20.820Z] [INFO] Checking FastAPI Port 8000 state...
[2026-08-24T09:16:21.155Z] [INFO] 🟢 FastAPI Backend is online. Verification Latency: 335ms
[2026-08-24T09:16:21.155Z] [INFO] Checking Next.js Port 3001 login terminal...
[2026-08-24T09:16:21.409Z] [SUCCESS] ⚡ Performance SLA verified for [/login]: 254ms
[2026-08-24T09:16:21.409Z] [INFO] Injecting session claims and verifying middleware token generation...
[2026-08-24T09:16:24.416Z] [INFO] Handshake successfully committed in: 2573ms
[2026-08-24T09:16:24.417Z] [INFO] Navigating to the central command node: http://localhost:3005/app/suffat/main/erp
[2026-08-24T09:16:25.261Z] [INFO] Triggering action node: Other Staff Directory (Non-Faculty)
[2026-08-24T09:16:25.303Z] [WARNING] ⚠️ KPI Target Element [[data-kpi="other-staff"]] not present in current view. Skipping...
[2026-08-24T09:16:25.303Z] [INFO] Triggering action node: Academic Faculty Directory
[2026-08-24T09:16:25.317Z] [WARNING] ⚠️ KPI Target Element [[data-kpi="faculty"]] not present in current view. Skipping...
[2026-08-24T09:16:25.318Z] [INFO] Triggering action node: Active Centers Panel
[2026-08-24T09:16:25.323Z] [WARNING] ⚠️ KPI Target Element [[data-kpi="active-centers"]] not present in current view. Skipping...
[2026-08-24T09:16:25.324Z] [INFO] Evaluating Dexie.js offline DB initialization parameters...
[2026-08-24T09:16:25.340Z] [WARNING] ⚠️ Offline storage was not detected in local session context.
[2026-08-24T09:16:25.341Z] [INFO] ✅ Cycle #8 diagnostic check complete. Entering cooldown state...
[2026-08-24T09:16:55.354Z] [INFO] 
================================================================================
[2026-08-24T09:16:55.359Z] [INFO] 🌟 STARTING CONTINUOUS DIAGNOSTIC CYCLE #9 (Run Time: 4 mins)
[2026-08-24T09:16:55.360Z] [INFO] ================================================================================
[2026-08-24T09:16:55.361Z] [INFO] Checking FastAPI Port 8000 state...
[2026-08-24T09:16:55.387Z] [INFO] 🟢 FastAPI Backend is online. Verification Latency: 26ms
[2026-08-24T09:16:55.387Z] [INFO] Checking Next.js Port 3001 login terminal...
[2026-08-24T09:16:55.664Z] [SUCCESS] ⚡ Performance SLA verified for [/login]: 277ms
[2026-08-24T09:16:55.665Z] [INFO] Injecting session claims and verifying middleware token generation...
[2026-08-24T09:16:59.144Z] [INFO] Handshake successfully committed in: 3109ms
[2026-08-24T09:16:59.145Z] [INFO] Navigating to the central command node: http://localhost:3005/app/suffat/main/erp
[2026-08-24T09:17:00.126Z] [INFO] Triggering action node: Other Staff Directory (Non-Faculty)
[2026-08-24T09:17:00.209Z] [WARNING] ⚠️ KPI Target Element [[data-kpi="other-staff"]] not present in current view. Skipping...
[2026-08-24T09:17:00.209Z] [INFO] Triggering action node: Academic Faculty Directory
[2026-08-24T09:17:00.229Z] [WARNING] ⚠️ KPI Target Element [[data-kpi="faculty"]] not present in current view. Skipping...
[2026-08-24T09:17:00.230Z] [INFO] Triggering action node: Active Centers Panel
[2026-08-24T09:17:00.240Z] [WARNING] ⚠️ KPI Target Element [[data-kpi="active-centers"]] not present in current view. Skipping...
[2026-08-24T09:17:00.241Z] [INFO] Evaluating Dexie.js offline DB initialization parameters...
[2026-08-24T09:17:00.246Z] [WARNING] ⚠️ Offline storage was not detected in local session context.
[2026-08-24T09:17:00.246Z] [INFO] ✅ Cycle #9 diagnostic check complete. Entering cooldown state...
[2026-08-24T09:17:30.248Z] [INFO] 
================================================================================
[2026-08-24T09:17:30.251Z] [INFO] 🌟 STARTING CONTINUOUS DIAGNOSTIC CYCLE #10 (Run Time: 5 mins)
[2026-08-24T09:17:30.251Z] [INFO] ================================================================================
[2026-08-24T09:17:30.251Z] [INFO] Checking FastAPI Port 8000 state...
[2026-08-24T09:17:30.586Z] [INFO] 🟢 FastAPI Backend is online. Verification Latency: 334ms
[2026-08-24T09:17:30.586Z] [INFO] Checking Next.js Port 3001 login terminal...
[2026-08-24T09:17:30.757Z] [SUCCESS] ⚡ Performance SLA verified for [/login]: 170ms
[2026-08-24T09:17:30.758Z] [INFO] Injecting session claims and verifying middleware token generation...
[2026-08-24T09:17:34.248Z] [INFO] Handshake successfully committed in: 3031ms
[2026-08-24T09:17:34.249Z] [INFO] Navigating to the central command node: http://localhost:3005/app/suffat/main/erp
[2026-08-24T09:17:35.260Z] [INFO] Triggering action node: Other Staff Directory (Non-Faculty)
[2026-08-24T09:17:35.305Z] [WARNING] ⚠️ KPI Target Element [[data-kpi="other-staff"]] not present in current view. Skipping...
[2026-08-24T09:17:35.306Z] [INFO] Triggering action node: Academic Faculty Directory
[2026-08-24T09:17:35.313Z] [WARNING] ⚠️ KPI Target Element [[data-kpi="faculty"]] not present in current view. Skipping...
[2026-08-24T09:17:35.314Z] [INFO] Triggering action node: Active Centers Panel
[2026-08-24T09:17:35.317Z] [WARNING] ⚠️ KPI Target Element [[data-kpi="active-centers"]] not present in current view. Skipping...
[2026-08-24T09:17:35.317Z] [INFO] Evaluating Dexie.js offline DB initialization parameters...
[2026-08-24T09:17:35.333Z] [WARNING] ⚠️ Offline storage was not detected in local session context.
[2026-08-24T09:17:35.333Z] [INFO] ✅ Cycle #10 diagnostic check complete. Entering cooldown state...
[2026-08-24T09:20:32.291Z] [INFO] 🚀 Launching Antigravity E2E Sentinel engine...
[2026-08-24T09:20:32.664Z] [INFO] 
================================================================================
[2026-08-24T09:20:32.665Z] [INFO] 🌟 STARTING CONTINUOUS DIAGNOSTIC CYCLE #1 (Run Time: 0 mins)
[2026-08-24T09:20:32.665Z] [INFO] ================================================================================
[2026-08-24T09:20:32.665Z] [INFO] Checking FastAPI Port 8000 state...
[2026-08-24T09:20:35.154Z] [CRITICAL] ❌ FastAPI backend unreachable on Port 8000!
[2026-08-24T09:20:35.155Z] [WARNING] ⚠️ INITIATING AUTOMATED SELF-HEALING ACTION FOR: FASTAPI_DOWN
[2026-08-24T09:20:35.155Z] [SYSTEM] Targeting FastAPI Core... Wiping stagnant uvicorn sockets & rebooting server...
[2026-08-24T09:20:35.790Z] [INFO] ✅ Self-healing protocols dispatched and verified successfully.
[2026-08-24T09:20:45.801Z] [INFO] 
================================================================================
[2026-08-24T09:20:45.802Z] [INFO] 🌟 STARTING CONTINUOUS DIAGNOSTIC CYCLE #2 (Run Time: 0 mins)
[2026-08-24T09:20:45.802Z] [INFO] ================================================================================
[2026-08-24T09:20:45.802Z] [INFO] Checking FastAPI Port 8000 state...
[2026-08-24T09:20:46.148Z] [INFO] 🟢 FastAPI Backend is online. Verification Latency: 345ms
[2026-08-24T09:20:46.149Z] [INFO] Checking Next.js Port 3001 login terminal...
[2026-08-24T09:20:46.334Z] [SUCCESS] ⚡ Performance SLA verified for [/login]: 185ms
[2026-08-24T09:20:46.334Z] [INFO] Injecting session claims and verifying middleware token generation...
[2026-08-24T09:20:50.001Z] [INFO] Handshake successfully committed in: 3122ms
[2026-08-24T09:20:50.002Z] [INFO] Navigating to the central command node: http://localhost:3005/app/suffat/main/erp
[2026-08-24T09:20:51.100Z] [INFO] Triggering action node: Other Staff Directory (Non-Faculty)
[2026-08-24T09:20:51.152Z] [WARNING] ⚠️ KPI Target Element [[data-kpi="other-staff"]] not present in current view. Skipping...
[2026-08-24T09:20:51.153Z] [INFO] Triggering action node: Academic Faculty Directory
[2026-08-24T09:20:51.159Z] [WARNING] ⚠️ KPI Target Element [[data-kpi="faculty"]] not present in current view. Skipping...
[2026-08-24T09:20:51.160Z] [INFO] Triggering action node: Active Centers Panel
[2026-08-24T09:20:51.167Z] [WARNING] ⚠️ KPI Target Element [[data-kpi="active-centers"]] not present in current view. Skipping...
[2026-08-24T09:20:51.168Z] [INFO] Evaluating Dexie.js offline DB initialization parameters...
[2026-08-24T09:20:51.183Z] [WARNING] ⚠️ Offline storage was not detected in local session context.
[2026-08-24T09:20:51.184Z] [INFO] ✅ Cycle #2 diagnostic check complete. Entering cooldown state...
[2026-08-24T09:21:21.186Z] [INFO] 
================================================================================
[2026-08-24T09:21:21.186Z] [INFO] 🌟 STARTING CONTINUOUS DIAGNOSTIC CYCLE #3 (Run Time: 1 mins)
[2026-08-24T09:21:21.187Z] [INFO] ================================================================================
[2026-08-24T09:21:21.187Z] [INFO] Checking FastAPI Port 8000 state...
[2026-08-24T09:21:21.231Z] [INFO] 🟢 FastAPI Backend is online. Verification Latency: 44ms
[2026-08-24T09:21:21.231Z] [INFO] Checking Next.js Port 3001 login terminal...
[2026-08-24T09:21:21.422Z] [SUCCESS] ⚡ Performance SLA verified for [/login]: 191ms
[2026-08-24T09:21:21.422Z] [INFO] Injecting session claims and verifying middleware token generation...
[2026-08-24T09:21:24.996Z] [INFO] Handshake successfully committed in: 3084ms
[2026-08-24T09:21:24.998Z] [INFO] Navigating to the central command node: http://localhost:3005/app/suffat/main/erp
[2026-08-24T09:21:25.928Z] [INFO] Triggering action node: Other Staff Directory (Non-Faculty)
[2026-08-24T09:21:25.966Z] [WARNING] ⚠️ KPI Target Element [[data-kpi="other-staff"]] not present in current view. Skipping...
[2026-08-24T09:21:25.967Z] [INFO] Triggering action node: Academic Faculty Directory
[2026-08-24T09:21:25.971Z] [WARNING] ⚠️ KPI Target Element [[data-kpi="faculty"]] not present in current view. Skipping...
[2026-08-24T09:21:25.971Z] [INFO] Triggering action node: Active Centers Panel
[2026-08-24T09:21:25.983Z] [WARNING] ⚠️ KPI Target Element [[data-kpi="active-centers"]] not present in current view. Skipping...
[2026-08-24T09:21:25.983Z] [INFO] Evaluating Dexie.js offline DB initialization parameters...
[2026-08-24T09:21:26.000Z] [WARNING] ⚠️ Offline storage was not detected in local session context.
[2026-08-24T09:21:26.001Z] [INFO] ✅ Cycle #3 diagnostic check complete. Entering cooldown state...
[2026-08-24T09:21:56.013Z] [INFO] 
================================================================================
[2026-08-24T09:21:56.014Z] [INFO] 🌟 STARTING CONTINUOUS DIAGNOSTIC CYCLE #4 (Run Time: 1 mins)
[2026-08-24T09:21:56.014Z] [INFO] ================================================================================
[2026-08-24T09:21:56.015Z] [INFO] Checking FastAPI Port 8000 state...
[2026-08-24T09:21:56.345Z] [INFO] 🟢 FastAPI Backend is online. Verification Latency: 330ms
[2026-08-24T09:21:56.345Z] [INFO] Checking Next.js Port 3001 login terminal...
[2026-08-24T09:21:56.585Z] [SUCCESS] ⚡ Performance SLA verified for [/login]: 239ms
[2026-08-24T09:21:56.586Z] [INFO] Injecting session claims and verifying middleware token generation...
[2026-08-24T09:22:00.000Z] [INFO] Handshake successfully committed in: 2756ms
[2026-08-24T09:22:00.001Z] [INFO] Navigating to the central command node: http://localhost:3005/app/suffat/main/erp
[2026-08-24T09:22:00.896Z] [INFO] Triggering action node: Other Staff Directory (Non-Faculty)
[2026-08-24T09:22:00.945Z] [WARNING] ⚠️ KPI Target Element [[data-kpi="other-staff"]] not present in current view. Skipping...
[2026-08-24T09:22:00.945Z] [INFO] Triggering action node: Academic Faculty Directory
[2026-08-24T09:22:00.960Z] [WARNING] ⚠️ KPI Target Element [[data-kpi="faculty"]] not present in current view. Skipping...
[2026-08-24T09:22:00.960Z] [INFO] Triggering action node: Active Centers Panel
[2026-08-24T09:22:00.976Z] [WARNING] ⚠️ KPI Target Element [[data-kpi="active-centers"]] not present in current view. Skipping...
[2026-08-24T09:22:00.977Z] [INFO] Evaluating Dexie.js offline DB initialization parameters...
[2026-08-24T09:22:00.995Z] [WARNING] ⚠️ Offline storage was not detected in local session context.
[2026-08-24T09:22:00.996Z] [INFO] ✅ Cycle #4 diagnostic check complete. Entering cooldown state...
[2026-08-24T09:22:31.014Z] [INFO] 
================================================================================
[2026-08-24T09:22:31.017Z] [INFO] 🌟 STARTING CONTINUOUS DIAGNOSTIC CYCLE #5 (Run Time: 2 mins)
[2026-08-24T09:22:31.018Z] [INFO] ================================================================================
[2026-08-24T09:22:31.018Z] [INFO] Checking FastAPI Port 8000 state...
[2026-08-24T09:22:31.055Z] [INFO] 🟢 FastAPI Backend is online. Verification Latency: 37ms
[2026-08-24T09:22:31.056Z] [INFO] Checking Next.js Port 3001 login terminal...
[2026-08-24T09:22:31.318Z] [SUCCESS] ⚡ Performance SLA verified for [/login]: 262ms
[2026-08-24T09:22:31.319Z] [INFO] Injecting session claims and verifying middleware token generation...
[2026-08-24T09:22:34.912Z] [INFO] Handshake successfully committed in: 3063ms
[2026-08-24T09:22:34.913Z] [INFO] Navigating to the central command node: http://localhost:3005/app/suffat/main/erp
[2026-08-24T09:22:35.779Z] [INFO] Triggering action node: Other Staff Directory (Non-Faculty)
[2026-08-24T09:22:35.822Z] [WARNING] ⚠️ KPI Target Element [[data-kpi="other-staff"]] not present in current view. Skipping...
[2026-08-24T09:22:35.823Z] [INFO] Triggering action node: Academic Faculty Directory
[2026-08-24T09:22:35.834Z] [WARNING] ⚠️ KPI Target Element [[data-kpi="faculty"]] not present in current view. Skipping...
[2026-08-24T09:22:35.834Z] [INFO] Triggering action node: Active Centers Panel
[2026-08-24T09:22:35.839Z] [WARNING] ⚠️ KPI Target Element [[data-kpi="active-centers"]] not present in current view. Skipping...
[2026-08-24T09:22:35.840Z] [INFO] Evaluating Dexie.js offline DB initialization parameters...
[2026-08-24T09:22:35.850Z] [WARNING] ⚠️ Offline storage was not detected in local session context.
[2026-08-24T09:22:35.851Z] [INFO] ✅ Cycle #5 diagnostic check complete. Entering cooldown state...
[2026-08-24T09:23:05.856Z] [INFO] 
================================================================================
[2026-08-24T09:23:05.857Z] [INFO] 🌟 STARTING CONTINUOUS DIAGNOSTIC CYCLE #6 (Run Time: 3 mins)
[2026-08-24T09:23:05.857Z] [INFO] ================================================================================
[2026-08-24T09:23:05.857Z] [INFO] Checking FastAPI Port 8000 state...
[2026-08-24T09:23:06.210Z] [INFO] 🟢 FastAPI Backend is online. Verification Latency: 352ms
[2026-08-24T09:23:06.210Z] [INFO] Checking Next.js Port 3001 login terminal...
[2026-08-24T09:23:06.410Z] [SUCCESS] ⚡ Performance SLA verified for [/login]: 199ms
[2026-08-24T09:23:06.411Z] [INFO] Injecting session claims and verifying middleware token generation...
[2026-08-24T09:23:09.835Z] [INFO] Handshake successfully committed in: 3117ms
[2026-08-24T09:23:09.835Z] [INFO] Navigating to the central command node: http://localhost:3005/app/suffat/main/erp
[2026-08-24T09:23:10.719Z] [INFO] Triggering action node: Other Staff Directory (Non-Faculty)
[2026-08-24T09:23:10.760Z] [WARNING] ⚠️ KPI Target Element [[data-kpi="other-staff"]] not present in current view. Skipping...
[2026-08-24T09:23:10.761Z] [INFO] Triggering action node: Academic Faculty Directory
[2026-08-24T09:23:10.768Z] [WARNING] ⚠️ KPI Target Element [[data-kpi="faculty"]] not present in current view. Skipping...
[2026-08-24T09:23:10.769Z] [INFO] Triggering action node: Active Centers Panel
[2026-08-24T09:23:10.775Z] [WARNING] ⚠️ KPI Target Element [[data-kpi="active-centers"]] not present in current view. Skipping...
[2026-08-24T09:23:10.775Z] [INFO] Evaluating Dexie.js offline DB initialization parameters...
[2026-08-24T09:23:10.785Z] [WARNING] ⚠️ Offline storage was not detected in local session context.
[2026-08-24T09:23:10.785Z] [INFO] ✅ Cycle #6 diagnostic check complete. Entering cooldown state...
[2026-08-24T09:23:40.797Z] [INFO] 
================================================================================
[2026-08-24T09:23:40.798Z] [INFO] 🌟 STARTING CONTINUOUS DIAGNOSTIC CYCLE #7 (Run Time: 3 mins)
[2026-08-24T09:23:40.798Z] [INFO] ================================================================================
[2026-08-24T09:23:40.798Z] [INFO] Checking FastAPI Port 8000 state...
[2026-08-24T09:23:40.830Z] [INFO] 🟢 FastAPI Backend is online. Verification Latency: 32ms
[2026-08-24T09:23:40.830Z] [INFO] Checking Next.js Port 3001 login terminal...
[2026-08-24T09:23:40.990Z] [SUCCESS] ⚡ Performance SLA verified for [/login]: 160ms
[2026-08-24T09:23:40.991Z] [INFO] Injecting session claims and verifying middleware token generation...
[2026-08-24T09:23:43.938Z] [INFO] Handshake successfully committed in: 2580ms
[2026-08-24T09:23:43.938Z] [INFO] Navigating to the central command node: http://localhost:3005/app/suffat/main/erp
[2026-08-24T09:23:44.942Z] [INFO] Triggering action node: Other Staff Directory (Non-Faculty)
[2026-08-24T09:23:44.979Z] [WARNING] ⚠️ KPI Target Element [[data-kpi="other-staff"]] not present in current view. Skipping...
[2026-08-24T09:23:44.979Z] [INFO] Triggering action node: Academic Faculty Directory
[2026-08-24T09:23:44.986Z] [WARNING] ⚠️ KPI Target Element [[data-kpi="faculty"]] not present in current view. Skipping...
[2026-08-24T09:23:44.987Z] [INFO] Triggering action node: Active Centers Panel
[2026-08-24T09:23:44.999Z] [WARNING] ⚠️ KPI Target Element [[data-kpi="active-centers"]] not present in current view. Skipping...
[2026-08-24T09:23:44.999Z] [INFO] Evaluating Dexie.js offline DB initialization parameters...
[2026-08-24T09:23:45.013Z] [WARNING] ⚠️ Offline storage was not detected in local session context.
[2026-08-24T09:23:45.013Z] [INFO] ✅ Cycle #7 diagnostic check complete. Entering cooldown state...
[2026-08-24T09:24:15.016Z] [INFO] 
================================================================================
[2026-08-24T09:24:15.017Z] [INFO] 🌟 STARTING CONTINUOUS DIAGNOSTIC CYCLE #8 (Run Time: 4 mins)
[2026-08-24T09:24:15.017Z] [INFO] ================================================================================
[2026-08-24T09:24:15.017Z] [INFO] Checking FastAPI Port 8000 state...
[2026-08-24T09:24:15.345Z] [INFO] 🟢 FastAPI Backend is online. Verification Latency: 328ms
[2026-08-24T09:24:15.346Z] [INFO] Checking Next.js Port 3001 login terminal...
[2026-08-24T09:24:15.526Z] [SUCCESS] ⚡ Performance SLA verified for [/login]: 180ms
[2026-08-24T09:24:15.527Z] [INFO] Injecting session claims and verifying middleware token generation...
[2026-08-24T09:24:18.983Z] [INFO] Handshake successfully committed in: 3099ms
[2026-08-24T09:24:18.983Z] [INFO] Navigating to the central command node: http://localhost:3005/app/suffat/main/erp
[2026-08-24T09:24:19.825Z] [INFO] Triggering action node: Other Staff Directory (Non-Faculty)
[2026-08-24T09:24:19.894Z] [WARNING] ⚠️ KPI Target Element [[data-kpi="other-staff"]] not present in current view. Skipping...
[2026-08-24T09:24:19.895Z] [INFO] Triggering action node: Academic Faculty Directory
[2026-08-24T09:24:19.906Z] [WARNING] ⚠️ KPI Target Element [[data-kpi="faculty"]] not present in current view. Skipping...
[2026-08-24T09:24:19.907Z] [INFO] Triggering action node: Active Centers Panel
[2026-08-24T09:24:19.910Z] [WARNING] ⚠️ KPI Target Element [[data-kpi="active-centers"]] not present in current view. Skipping...
[2026-08-24T09:24:19.910Z] [INFO] Evaluating Dexie.js offline DB initialization parameters...
[2026-08-24T09:24:19.927Z] [WARNING] ⚠️ Offline storage was not detected in local session context.
[2026-08-24T09:24:19.928Z] [INFO] ✅ Cycle #8 diagnostic check complete. Entering cooldown state...
[2026-08-24T09:24:49.942Z] [INFO] 
================================================================================
[2026-08-24T09:24:49.950Z] [INFO] 🌟 STARTING CONTINUOUS DIAGNOSTIC CYCLE #9 (Run Time: 4 mins)
[2026-08-24T09:24:49.950Z] [INFO] ================================================================================
[2026-08-24T09:24:49.950Z] [INFO] Checking FastAPI Port 8000 state...
[2026-08-24T09:24:49.982Z] [INFO] 🟢 FastAPI Backend is online. Verification Latency: 32ms
[2026-08-24T09:24:49.983Z] [INFO] Checking Next.js Port 3001 login terminal...
[2026-08-24T09:24:50.355Z] [SUCCESS] ⚡ Performance SLA verified for [/login]: 372ms
[2026-08-24T09:24:50.355Z] [INFO] Injecting session claims and verifying middleware token generation...
[2026-08-24T09:24:53.770Z] [INFO] Handshake successfully committed in: 3122ms
[2026-08-24T09:24:53.771Z] [INFO] Navigating to the central command node: http://localhost:3005/app/suffat/main/erp
[2026-08-24T09:24:54.609Z] [INFO] Triggering action node: Other Staff Directory (Non-Faculty)
[2026-08-24T09:24:54.657Z] [WARNING] ⚠️ KPI Target Element [[data-kpi="other-staff"]] not present in current view. Skipping...
[2026-08-24T09:24:54.657Z] [INFO] Triggering action node: Academic Faculty Directory
[2026-08-24T09:24:54.660Z] [WARNING] ⚠️ KPI Target Element [[data-kpi="faculty"]] not present in current view. Skipping...
[2026-08-24T09:24:54.661Z] [INFO] Triggering action node: Active Centers Panel
[2026-08-24T09:24:54.665Z] [WARNING] ⚠️ KPI Target Element [[data-kpi="active-centers"]] not present in current view. Skipping...
[2026-08-24T09:24:54.666Z] [INFO] Evaluating Dexie.js offline DB initialization parameters...
[2026-08-24T09:24:54.679Z] [WARNING] ⚠️ Offline storage was not detected in local session context.
[2026-08-24T09:24:54.679Z] [INFO] ✅ Cycle #9 diagnostic check complete. Entering cooldown state...
[2026-08-24T09:25:24.683Z] [INFO] 
================================================================================
[2026-08-24T09:25:24.683Z] [INFO] 🌟 STARTING CONTINUOUS DIAGNOSTIC CYCLE #10 (Run Time: 5 mins)
[2026-08-24T09:25:24.683Z] [INFO] ================================================================================
[2026-08-24T09:25:24.687Z] [INFO] Checking FastAPI Port 8000 state...
[2026-08-24T09:25:25.028Z] [INFO] 🟢 FastAPI Backend is online. Verification Latency: 340ms
[2026-08-24T09:25:25.028Z] [INFO] Checking Next.js Port 3001 login terminal...
[2026-08-24T09:25:25.155Z] [SUCCESS] ⚡ Performance SLA verified for [/login]: 127ms
[2026-08-24T09:25:25.155Z] [INFO] Injecting session claims and verifying middleware token generation...
[2026-08-24T09:25:28.650Z] [INFO] Handshake successfully committed in: 3101ms
[2026-08-24T09:25:28.650Z] [INFO] Navigating to the central command node: http://localhost:3005/app/suffat/main/erp
[2026-08-24T09:25:29.550Z] [INFO] Triggering action node: Other Staff Directory (Non-Faculty)
[2026-08-24T09:25:29.594Z] [WARNING] ⚠️ KPI Target Element [[data-kpi="other-staff"]] not present in current view. Skipping...
[2026-08-24T09:25:29.594Z] [INFO] Triggering action node: Academic Faculty Directory
[2026-08-24T09:25:29.602Z] [WARNING] ⚠️ KPI Target Element [[data-kpi="faculty"]] not present in current view. Skipping...
[2026-08-24T09:25:29.603Z] [INFO] Triggering action node: Active Centers Panel
[2026-08-24T09:25:29.606Z] [WARNING] ⚠️ KPI Target Element [[data-kpi="active-centers"]] not present in current view. Skipping...
[2026-08-24T09:25:29.606Z] [INFO] Evaluating Dexie.js offline DB initialization parameters...
[2026-08-24T09:25:29.620Z] [WARNING] ⚠️ Offline storage was not detected in local session context.
[2026-08-24T09:25:29.620Z] [INFO] ✅ Cycle #10 diagnostic check complete. Entering cooldown state...
[2026-08-24T09:25:59.621Z] [INFO] 🏁 Antigravity E2E Sentinel engine has reached its 10-hour limit. Shutting down browser.
[2026-08-24T09:29:29.606Z] [INFO] 🚀 Launching Antigravity E2E Sentinel engine...
[2026-08-24T09:29:29.965Z] [INFO] 
================================================================================
[2026-08-24T09:29:29.966Z] [INFO] 🌟 STARTING CONTINUOUS DIAGNOSTIC CYCLE #1 (Run Time: 0 mins)
[2026-08-24T09:29:29.966Z] [INFO] ================================================================================
[2026-08-24T09:29:29.966Z] [INFO] Checking FastAPI Port 8000 state...
[2026-08-24T09:29:32.338Z] [CRITICAL] ❌ FastAPI backend unreachable on Port 8000!
[2026-08-24T09:29:32.339Z] [WARNING] ⚠️ INITIATING AUTOMATED SELF-HEALING ACTION FOR: FASTAPI_DOWN
[2026-08-24T09:29:32.339Z] [SYSTEM] Targeting FastAPI Core... Wiping stagnant uvicorn sockets & rebooting server...
[2026-08-24T09:29:32.732Z] [INFO] ✅ Self-healing protocols dispatched and verified successfully.
[2026-08-24T09:29:42.738Z] [INFO] 
================================================================================
[2026-08-24T09:29:42.739Z] [INFO] 🌟 STARTING CONTINUOUS DIAGNOSTIC CYCLE #2 (Run Time: 0 mins)
[2026-08-24T09:29:42.740Z] [INFO] ================================================================================
[2026-08-24T09:29:42.740Z] [INFO] Checking FastAPI Port 8000 state...
[2026-08-24T09:29:43.089Z] [INFO] 🟢 FastAPI Backend is online. Verification Latency: 349ms
[2026-08-24T09:29:43.090Z] [INFO] Checking Next.js Port 3001 login terminal...
[2026-08-24T09:29:43.694Z] [SUCCESS] ⚡ Performance SLA verified for [/login]: 604ms
[2026-08-24T09:29:43.695Z] [INFO] Injecting session claims and verifying middleware token generation...
[2026-08-24T09:29:47.370Z] [INFO] Handshake successfully committed in: 3115ms
[2026-08-24T09:29:47.371Z] [INFO] Navigating to the central command node: http://localhost:3005/app/suffat/main/erp
[2026-08-24T09:29:48.185Z] [INFO] Triggering action node: Other Staff Directory (Non-Faculty)
[2026-08-24T09:29:48.218Z] [WARNING] ⚠️ KPI Target Element [[data-kpi="other-staff"]] not present in current view. Skipping...
[2026-08-24T09:29:48.218Z] [INFO] Triggering action node: Academic Faculty Directory
[2026-08-24T09:29:48.222Z] [WARNING] ⚠️ KPI Target Element [[data-kpi="faculty"]] not present in current view. Skipping...
[2026-08-24T09:29:48.222Z] [INFO] Triggering action node: Active Centers Panel
[2026-08-24T09:29:48.226Z] [WARNING] ⚠️ KPI Target Element [[data-kpi="active-centers"]] not present in current view. Skipping...
[2026-08-24T09:29:48.227Z] [INFO] Evaluating Dexie.js offline DB initialization parameters...
[2026-08-24T09:29:48.243Z] [WARNING] ⚠️ Offline storage was not detected in local session context.
[2026-08-24T09:29:48.243Z] [INFO] ✅ Cycle #2 diagnostic check complete. Entering cooldown state...
[2026-08-24T09:30:18.261Z] [INFO] 
================================================================================
[2026-08-24T09:30:18.265Z] [INFO] 🌟 STARTING CONTINUOUS DIAGNOSTIC CYCLE #3 (Run Time: 1 mins)
[2026-08-24T09:30:18.266Z] [INFO] ================================================================================
[2026-08-24T09:30:18.266Z] [INFO] Checking FastAPI Port 8000 state...
[2026-08-24T09:30:18.297Z] [INFO] 🟢 FastAPI Backend is online. Verification Latency: 31ms
[2026-08-24T09:30:18.297Z] [INFO] Checking Next.js Port 3001 login terminal...
[2026-08-24T09:30:18.485Z] [SUCCESS] ⚡ Performance SLA verified for [/login]: 188ms
[2026-08-24T09:30:18.486Z] [INFO] Injecting session claims and verifying middleware token generation...
[2026-08-24T09:30:22.006Z] [INFO] Handshake successfully committed in: 3123ms
[2026-08-24T09:30:22.006Z] [INFO] Navigating to the central command node: http://localhost:3005/app/suffat/main/erp
[2026-08-24T09:30:23.057Z] [INFO] Triggering action node: Other Staff Directory (Non-Faculty)
[2026-08-24T09:30:23.116Z] [WARNING] ⚠️ KPI Target Element [[data-kpi="other-staff"]] not present in current view. Skipping...
[2026-08-24T09:30:23.117Z] [INFO] Triggering action node: Academic Faculty Directory
[2026-08-24T09:30:23.127Z] [WARNING] ⚠️ KPI Target Element [[data-kpi="faculty"]] not present in current view. Skipping...
[2026-08-24T09:30:23.128Z] [INFO] Triggering action node: Active Centers Panel
[2026-08-24T09:30:23.132Z] [WARNING] ⚠️ KPI Target Element [[data-kpi="active-centers"]] not present in current view. Skipping...
[2026-08-24T09:30:23.132Z] [INFO] Evaluating Dexie.js offline DB initialization parameters...
[2026-08-24T09:30:23.152Z] [WARNING] ⚠️ Offline storage was not detected in local session context.
[2026-08-24T09:30:23.154Z] [INFO] ✅ Cycle #3 diagnostic check complete. Entering cooldown state...
[2026-08-24T09:30:53.159Z] [INFO] 
================================================================================
[2026-08-24T09:30:53.160Z] [INFO] 🌟 STARTING CONTINUOUS DIAGNOSTIC CYCLE #4 (Run Time: 1 mins)
[2026-08-24T09:30:53.160Z] [INFO] ================================================================================
[2026-08-24T09:30:53.161Z] [INFO] Checking FastAPI Port 8000 state...
[2026-08-24T09:30:53.498Z] [INFO] 🟢 FastAPI Backend is online. Verification Latency: 337ms
[2026-08-24T09:30:53.499Z] [INFO] Checking Next.js Port 3001 login terminal...
[2026-08-24T09:30:53.663Z] [SUCCESS] ⚡ Performance SLA verified for [/login]: 163ms
[2026-08-24T09:30:53.664Z] [INFO] Injecting session claims and verifying middleware token generation...
[2026-08-24T09:30:56.987Z] [INFO] Handshake successfully committed in: 3045ms
[2026-08-24T09:30:56.988Z] [INFO] Navigating to the central command node: http://localhost:3005/app/suffat/main/erp
[2026-08-24T09:30:57.800Z] [INFO] Triggering action node: Other Staff Directory (Non-Faculty)
[2026-08-24T09:30:57.833Z] [WARNING] ⚠️ KPI Target Element [[data-kpi="other-staff"]] not present in current view. Skipping...
[2026-08-24T09:30:57.834Z] [INFO] Triggering action node: Academic Faculty Directory
[2026-08-24T09:30:57.837Z] [WARNING] ⚠️ KPI Target Element [[data-kpi="faculty"]] not present in current view. Skipping...
[2026-08-24T09:30:57.837Z] [INFO] Triggering action node: Active Centers Panel
[2026-08-24T09:30:57.841Z] [WARNING] ⚠️ KPI Target Element [[data-kpi="active-centers"]] not present in current view. Skipping...
[2026-08-24T09:30:57.842Z] [INFO] Evaluating Dexie.js offline DB initialization parameters...
[2026-08-24T09:30:57.849Z] [WARNING] ⚠️ Offline storage was not detected in local session context.
[2026-08-24T09:30:57.850Z] [INFO] ✅ Cycle #4 diagnostic check complete. Entering cooldown state...
[2026-08-24T09:31:27.852Z] [INFO] 
================================================================================
[2026-08-24T09:31:27.852Z] [INFO] 🌟 STARTING CONTINUOUS DIAGNOSTIC CYCLE #5 (Run Time: 2 mins)
[2026-08-24T09:31:27.853Z] [INFO] ================================================================================
[2026-08-24T09:31:27.853Z] [INFO] Checking FastAPI Port 8000 state...
[2026-08-24T09:31:27.875Z] [INFO] 🟢 FastAPI Backend is online. Verification Latency: 22ms
[2026-08-24T09:31:27.876Z] [INFO] Checking Next.js Port 3001 login terminal...
[2026-08-24T09:31:28.014Z] [SUCCESS] ⚡ Performance SLA verified for [/login]: 138ms
[2026-08-24T09:31:28.014Z] [INFO] Injecting session claims and verifying middleware token generation...
[2026-08-24T09:31:31.329Z] [INFO] Handshake successfully committed in: 3062ms
[2026-08-24T09:31:31.330Z] [INFO] Navigating to the central command node: http://localhost:3005/app/suffat/main/erp
[2026-08-24T09:31:32.111Z] [INFO] Triggering action node: Other Staff Directory (Non-Faculty)
[2026-08-24T09:31:32.144Z] [WARNING] ⚠️ KPI Target Element [[data-kpi="other-staff"]] not present in current view. Skipping...
[2026-08-24T09:31:32.144Z] [INFO] Triggering action node: Academic Faculty Directory
[2026-08-24T09:31:32.148Z] [WARNING] ⚠️ KPI Target Element [[data-kpi="faculty"]] not present in current view. Skipping...
[2026-08-24T09:31:32.148Z] [INFO] Triggering action node: Active Centers Panel
[2026-08-24T09:31:32.165Z] [WARNING] ⚠️ KPI Target Element [[data-kpi="active-centers"]] not present in current view. Skipping...
[2026-08-24T09:31:32.165Z] [INFO] Evaluating Dexie.js offline DB initialization parameters...
[2026-08-24T09:31:32.171Z] [WARNING] ⚠️ Offline storage was not detected in local session context.
[2026-08-24T09:31:32.172Z] [INFO] ✅ Cycle #5 diagnostic check complete. Entering cooldown state...
[2026-08-24T09:32:02.196Z] [INFO] 
================================================================================
[2026-08-24T09:32:02.196Z] [INFO] 🌟 STARTING CONTINUOUS DIAGNOSTIC CYCLE #6 (Run Time: 3 mins)
[2026-08-24T09:32:02.196Z] [INFO] ================================================================================
[2026-08-24T09:32:02.196Z] [INFO] Checking FastAPI Port 8000 state...
[2026-08-24T09:32:02.628Z] [INFO] 🟢 FastAPI Backend is online. Verification Latency: 431ms
[2026-08-24T09:32:02.629Z] [INFO] Checking Next.js Port 3001 login terminal...
[2026-08-24T09:32:02.982Z] [SUCCESS] ⚡ Performance SLA verified for [/login]: 353ms
[2026-08-24T09:32:02.983Z] [INFO] Injecting session claims and verifying middleware token generation...
[2026-08-24T09:32:06.300Z] [INFO] Handshake successfully committed in: 2674ms
[2026-08-24T09:32:06.301Z] [INFO] Navigating to the central command node: http://localhost:3005/app/suffat/main/erp
[2026-08-24T09:32:07.042Z] [INFO] Triggering action node: Other Staff Directory (Non-Faculty)
[2026-08-24T09:32:07.076Z] [WARNING] ⚠️ KPI Target Element [[data-kpi="other-staff"]] not present in current view. Skipping...
[2026-08-24T09:32:07.077Z] [INFO] Triggering action node: Academic Faculty Directory
[2026-08-24T09:32:07.080Z] [WARNING] ⚠️ KPI Target Element [[data-kpi="faculty"]] not present in current view. Skipping...
[2026-08-24T09:32:07.080Z] [INFO] Triggering action node: Active Centers Panel
[2026-08-24T09:32:07.085Z] [WARNING] ⚠️ KPI Target Element [[data-kpi="active-centers"]] not present in current view. Skipping...
[2026-08-24T09:32:07.085Z] [INFO] Evaluating Dexie.js offline DB initialization parameters...
[2026-08-24T09:32:07.090Z] [WARNING] ⚠️ Offline storage was not detected in local session context.
[2026-08-24T09:32:07.091Z] [INFO] ✅ Cycle #6 diagnostic check complete. Entering cooldown state...
[2026-08-24T09:32:37.097Z] [INFO] 
================================================================================
[2026-08-24T09:32:37.097Z] [INFO] 🌟 STARTING CONTINUOUS DIAGNOSTIC CYCLE #7 (Run Time: 3 mins)
[2026-08-24T09:32:37.097Z] [INFO] ================================================================================
[2026-08-24T09:32:37.098Z] [INFO] Checking FastAPI Port 8000 state...
[2026-08-24T09:32:37.121Z] [INFO] 🟢 FastAPI Backend is online. Verification Latency: 23ms
[2026-08-24T09:32:37.121Z] [INFO] Checking Next.js Port 3001 login terminal...
[2026-08-24T09:32:37.276Z] [SUCCESS] ⚡ Performance SLA verified for [/login]: 155ms
[2026-08-24T09:32:37.277Z] [INFO] Injecting session claims and verifying middleware token generation...
[2026-08-24T09:32:40.615Z] [INFO] Handshake successfully committed in: 3055ms
[2026-08-24T09:32:40.616Z] [INFO] Navigating to the central command node: http://localhost:3005/app/suffat/main/erp
[2026-08-24T09:32:41.380Z] [INFO] Triggering action node: Other Staff Directory (Non-Faculty)
[2026-08-24T09:32:41.410Z] [WARNING] ⚠️ KPI Target Element [[data-kpi="other-staff"]] not present in current view. Skipping...
[2026-08-24T09:32:41.410Z] [INFO] Triggering action node: Academic Faculty Directory
[2026-08-24T09:32:41.413Z] [WARNING] ⚠️ KPI Target Element [[data-kpi="faculty"]] not present in current view. Skipping...
[2026-08-24T09:32:41.414Z] [INFO] Triggering action node: Active Centers Panel
[2026-08-24T09:32:41.421Z] [WARNING] ⚠️ KPI Target Element [[data-kpi="active-centers"]] not present in current view. Skipping...
[2026-08-24T09:32:41.421Z] [INFO] Evaluating Dexie.js offline DB initialization parameters...
[2026-08-24T09:32:41.428Z] [WARNING] ⚠️ Offline storage was not detected in local session context.
[2026-08-24T09:32:41.428Z] [INFO] ✅ Cycle #7 diagnostic check complete. Entering cooldown state...
[2026-08-24T09:33:11.435Z] [INFO] 
================================================================================
[2026-08-24T09:33:11.435Z] [INFO] 🌟 STARTING CONTINUOUS DIAGNOSTIC CYCLE #8 (Run Time: 4 mins)
[2026-08-24T09:33:11.436Z] [INFO] ================================================================================
[2026-08-24T09:33:11.436Z] [INFO] Checking FastAPI Port 8000 state...
[2026-08-24T09:33:11.767Z] [INFO] 🟢 FastAPI Backend is online. Verification Latency: 331ms
[2026-08-24T09:33:11.767Z] [INFO] Checking Next.js Port 3001 login terminal...
[2026-08-24T09:33:11.895Z] [SUCCESS] ⚡ Performance SLA verified for [/login]: 127ms
[2026-08-24T09:33:11.895Z] [INFO] Injecting session claims and verifying middleware token generation...
[2026-08-24T09:33:15.210Z] [INFO] Handshake successfully committed in: 3042ms
[2026-08-24T09:33:15.211Z] [INFO] Navigating to the central command node: http://localhost:3005/app/suffat/main/erp
[2026-08-24T09:33:15.985Z] [INFO] Triggering action node: Other Staff Directory (Non-Faculty)
[2026-08-24T09:33:16.019Z] [WARNING] ⚠️ KPI Target Element [[data-kpi="other-staff"]] not present in current view. Skipping...
[2026-08-24T09:33:16.019Z] [INFO] Triggering action node: Academic Faculty Directory
[2026-08-24T09:33:16.023Z] [WARNING] ⚠️ KPI Target Element [[data-kpi="faculty"]] not present in current view. Skipping...
[2026-08-24T09:33:16.024Z] [INFO] Triggering action node: Active Centers Panel
[2026-08-24T09:33:16.027Z] [WARNING] ⚠️ KPI Target Element [[data-kpi="active-centers"]] not present in current view. Skipping...
[2026-08-24T09:33:16.027Z] [INFO] Evaluating Dexie.js offline DB initialization parameters...
[2026-08-24T09:33:16.033Z] [WARNING] ⚠️ Offline storage was not detected in local session context.
[2026-08-24T09:33:16.033Z] [INFO] ✅ Cycle #8 diagnostic check complete. Entering cooldown state...
[2026-08-24T09:33:46.045Z] [INFO] 
================================================================================
[2026-08-24T09:33:46.046Z] [INFO] 🌟 STARTING CONTINUOUS DIAGNOSTIC CYCLE #9 (Run Time: 4 mins)
[2026-08-24T09:33:46.046Z] [INFO] ================================================================================
[2026-08-24T09:33:46.046Z] [INFO] Checking FastAPI Port 8000 state...
[2026-08-24T09:33:46.082Z] [INFO] 🟢 FastAPI Backend is online. Verification Latency: 35ms
[2026-08-24T09:33:46.082Z] [INFO] Checking Next.js Port 3001 login terminal...
[2026-08-24T09:33:46.269Z] [SUCCESS] ⚡ Performance SLA verified for [/login]: 187ms
[2026-08-24T09:33:46.270Z] [INFO] Injecting session claims and verifying middleware token generation...
[2026-08-24T09:33:49.724Z] [INFO] Handshake successfully committed in: 3089ms
[2026-08-24T09:33:49.724Z] [INFO] Navigating to the central command node: http://localhost:3005/app/suffat/main/erp
[2026-08-24T09:33:50.592Z] [INFO] Triggering action node: Other Staff Directory (Non-Faculty)
[2026-08-24T09:33:50.642Z] [WARNING] ⚠️ KPI Target Element [[data-kpi="other-staff"]] not present in current view. Skipping...
[2026-08-24T09:33:50.642Z] [INFO] Triggering action node: Academic Faculty Directory
[2026-08-24T09:33:50.645Z] [WARNING] ⚠️ KPI Target Element [[data-kpi="faculty"]] not present in current view. Skipping...
[2026-08-24T09:33:50.645Z] [INFO] Triggering action node: Active Centers Panel
[2026-08-24T09:33:50.658Z] [WARNING] ⚠️ KPI Target Element [[data-kpi="active-centers"]] not present in current view. Skipping...
[2026-08-24T09:33:50.659Z] [INFO] Evaluating Dexie.js offline DB initialization parameters...
[2026-08-24T09:33:50.664Z] [WARNING] ⚠️ Offline storage was not detected in local session context.
[2026-08-24T09:33:50.665Z] [INFO] ✅ Cycle #9 diagnostic check complete. Entering cooldown state...
[2026-08-24T09:34:20.679Z] [INFO] 
================================================================================
[2026-08-24T09:34:20.687Z] [INFO] 🌟 STARTING CONTINUOUS DIAGNOSTIC CYCLE #10 (Run Time: 5 mins)
[2026-08-24T09:34:20.687Z] [INFO] ================================================================================
[2026-08-24T09:34:20.688Z] [INFO] Checking FastAPI Port 8000 state...
[2026-08-24T09:34:21.029Z] [INFO] 🟢 FastAPI Backend is online. Verification Latency: 339ms
[2026-08-24T09:34:21.031Z] [INFO] Checking Next.js Port 3001 login terminal...
[2026-08-24T09:34:21.165Z] [SUCCESS] ⚡ Performance SLA verified for [/login]: 134ms
[2026-08-24T09:34:21.165Z] [INFO] Injecting session claims and verifying middleware token generation...
[2026-08-24T09:34:24.723Z] [INFO] Handshake successfully committed in: 3119ms
[2026-08-24T09:34:24.724Z] [INFO] Navigating to the central command node: http://localhost:3005/app/suffat/main/erp
[2026-08-24T09:34:25.684Z] [INFO] Triggering action node: Other Staff Directory (Non-Faculty)
[2026-08-24T09:34:25.731Z] [WARNING] ⚠️ KPI Target Element [[data-kpi="other-staff"]] not present in current view. Skipping...
[2026-08-24T09:34:25.731Z] [INFO] Triggering action node: Academic Faculty Directory
[2026-08-24T09:34:25.735Z] [WARNING] ⚠️ KPI Target Element [[data-kpi="faculty"]] not present in current view. Skipping...
[2026-08-24T09:34:25.735Z] [INFO] Triggering action node: Active Centers Panel
[2026-08-24T09:34:25.737Z] [WARNING] ⚠️ KPI Target Element [[data-kpi="active-centers"]] not present in current view. Skipping...
[2026-08-24T09:34:25.738Z] [INFO] Evaluating Dexie.js offline DB initialization parameters...
[2026-08-24T09:34:25.749Z] [WARNING] ⚠️ Offline storage was not detected in local session context.
[2026-08-24T09:34:25.749Z] [INFO] ✅ Cycle #10 diagnostic check complete. Entering cooldown state...
[2026-08-24T09:34:55.765Z] [INFO] 🏁 Antigravity E2E Sentinel engine has reached its 10-hour limit. Shutting down browser.
[2026-08-24T09:36:28.390Z] [INFO] 🚀 Launching Antigravity E2E Sentinel engine...
[2026-08-24T09:36:28.970Z] [INFO] 
================================================================================
[2026-08-24T09:36:28.970Z] [INFO] 🌟 STARTING CONTINUOUS DIAGNOSTIC CYCLE #1 (Run Time: 0 mins)
[2026-08-24T09:36:28.971Z] [INFO] ================================================================================
[2026-08-24T09:36:28.971Z] [INFO] Checking FastAPI Port 8000 state...
[2026-08-24T09:36:31.380Z] [CRITICAL] ❌ FastAPI backend unreachable on Port 8000!
[2026-08-24T09:36:31.381Z] [WARNING] ⚠️ INITIATING AUTOMATED SELF-HEALING ACTION FOR: FASTAPI_DOWN
[2026-08-24T09:36:31.381Z] [SYSTEM] Targeting FastAPI Core... Wiping stagnant uvicorn sockets & rebooting server...
[2026-08-24T09:36:31.952Z] [INFO] ✅ Self-healing protocols dispatched and verified successfully.
[2026-08-24T09:36:41.961Z] [INFO] 
================================================================================
[2026-08-24T09:36:41.961Z] [INFO] 🌟 STARTING CONTINUOUS DIAGNOSTIC CYCLE #2 (Run Time: 0 mins)
[2026-08-24T09:36:41.962Z] [INFO] ================================================================================
[2026-08-24T09:36:41.962Z] [INFO] Checking FastAPI Port 8000 state...
[2026-08-24T09:36:42.315Z] [INFO] 🟢 FastAPI Backend is online. Verification Latency: 353ms
[2026-08-24T09:36:42.316Z] [INFO] Checking Next.js Port 3001 login terminal...
[2026-08-24T09:36:42.540Z] [SUCCESS] ⚡ Performance SLA verified for [/login]: 224ms
[2026-08-24T09:36:42.541Z] [INFO] Injecting session claims and verifying middleware token generation...
[2026-08-24T09:36:46.189Z] [INFO] Handshake successfully committed in: 2572ms
[2026-08-24T09:36:46.190Z] [INFO] Navigating to the central command node: http://localhost:3005/app/suffat/main/erp
[2026-08-24T09:36:47.124Z] [INFO] Triggering action node: Other Staff Directory (Non-Faculty)
[2026-08-24T09:36:47.163Z] [WARNING] ⚠️ KPI Target Element [[data-kpi="other-staff"]] not present in current view. Skipping...
[2026-08-24T09:36:47.163Z] [INFO] Triggering action node: Academic Faculty Directory
[2026-08-24T09:36:47.166Z] [WARNING] ⚠️ KPI Target Element [[data-kpi="faculty"]] not present in current view. Skipping...
[2026-08-24T09:36:47.166Z] [INFO] Triggering action node: Active Centers Panel
[2026-08-24T09:36:47.175Z] [WARNING] ⚠️ KPI Target Element [[data-kpi="active-centers"]] not present in current view. Skipping...
[2026-08-24T09:36:47.176Z] [INFO] Evaluating Dexie.js offline DB initialization parameters...
[2026-08-24T09:36:47.186Z] [WARNING] ⚠️ Offline storage was not detected in local session context.
[2026-08-24T09:36:47.187Z] [INFO] ✅ Cycle #2 diagnostic check complete. Entering cooldown state...
[2026-08-24T09:37:17.207Z] [INFO] 
================================================================================
[2026-08-24T09:37:17.207Z] [INFO] 🌟 STARTING CONTINUOUS DIAGNOSTIC CYCLE #3 (Run Time: 1 mins)
[2026-08-24T09:37:17.207Z] [INFO] ================================================================================
[2026-08-24T09:37:17.208Z] [INFO] Checking FastAPI Port 8000 state...
[2026-08-24T09:37:17.251Z] [INFO] 🟢 FastAPI Backend is online. Verification Latency: 41ms
[2026-08-24T09:37:17.251Z] [INFO] Checking Next.js Port 3001 login terminal...
[2026-08-24T09:37:17.727Z] [SUCCESS] ⚡ Performance SLA verified for [/login]: 476ms
[2026-08-24T09:37:17.727Z] [INFO] Injecting session claims and verifying middleware token generation...
[2026-08-24T09:37:20.747Z] [INFO] Handshake successfully committed in: 2587ms
[2026-08-24T09:37:20.747Z] [INFO] Navigating to the central command node: http://localhost:3005/app/suffat/main/erp
[2026-08-24T09:37:21.800Z] [INFO] Triggering action node: Other Staff Directory (Non-Faculty)
[2026-08-24T09:37:21.846Z] [WARNING] ⚠️ KPI Target Element [[data-kpi="other-staff"]] not present in current view. Skipping...
[2026-08-24T09:37:21.846Z] [INFO] Triggering action node: Academic Faculty Directory
[2026-08-24T09:37:21.853Z] [WARNING] ⚠️ KPI Target Element [[data-kpi="faculty"]] not present in current view. Skipping...
[2026-08-24T09:37:21.853Z] [INFO] Triggering action node: Active Centers Panel
[2026-08-24T09:37:21.869Z] [WARNING] ⚠️ KPI Target Element [[data-kpi="active-centers"]] not present in current view. Skipping...
[2026-08-24T09:37:21.869Z] [INFO] Evaluating Dexie.js offline DB initialization parameters...
[2026-08-24T09:37:21.912Z] [WARNING] ⚠️ Offline storage was not detected in local session context.
[2026-08-24T09:37:21.912Z] [INFO] ✅ Cycle #3 diagnostic check complete. Entering cooldown state...
[2026-08-24T09:37:51.965Z] [INFO] 
================================================================================
[2026-08-24T09:37:51.965Z] [INFO] 🌟 STARTING CONTINUOUS DIAGNOSTIC CYCLE #4 (Run Time: 1 mins)
[2026-08-24T09:37:51.966Z] [INFO] ================================================================================
[2026-08-24T09:37:51.966Z] [INFO] Checking FastAPI Port 8000 state...
[2026-08-24T09:37:52.312Z] [INFO] 🟢 FastAPI Backend is online. Verification Latency: 346ms
[2026-08-24T09:37:52.312Z] [INFO] Checking Next.js Port 3001 login terminal...
[2026-08-24T09:37:52.521Z] [SUCCESS] ⚡ Performance SLA verified for [/login]: 209ms
[2026-08-24T09:37:52.521Z] [INFO] Injecting session claims and verifying middleware token generation...
[2026-08-24T09:37:55.696Z] [INFO] Handshake successfully committed in: 2537ms
[2026-08-24T09:37:55.696Z] [INFO] Navigating to the central command node: http://localhost:3005/app/suffat/main/erp
[2026-08-24T09:37:56.599Z] [INFO] Triggering action node: Other Staff Directory (Non-Faculty)
[2026-08-24T09:37:56.674Z] [WARNING] ⚠️ KPI Target Element [[data-kpi="other-staff"]] not present in current view. Skipping...
[2026-08-24T09:37:56.674Z] [INFO] Triggering action node: Academic Faculty Directory
[2026-08-24T09:37:56.710Z] [WARNING] ⚠️ KPI Target Element [[data-kpi="faculty"]] not present in current view. Skipping...
[2026-08-24T09:37:56.710Z] [INFO] Triggering action node: Active Centers Panel
[2026-08-24T09:37:56.740Z] [WARNING] ⚠️ KPI Target Element [[data-kpi="active-centers"]] not present in current view. Skipping...
[2026-08-24T09:37:56.741Z] [INFO] Evaluating Dexie.js offline DB initialization parameters...
[2026-08-24T09:37:56.750Z] [WARNING] ⚠️ Offline storage was not detected in local session context.
[2026-08-24T09:37:56.750Z] [INFO] ✅ Cycle #4 diagnostic check complete. Entering cooldown state...
[2026-08-24T09:38:26.760Z] [INFO] 
================================================================================
[2026-08-24T09:38:26.760Z] [INFO] 🌟 STARTING CONTINUOUS DIAGNOSTIC CYCLE #5 (Run Time: 2 mins)
[2026-08-24T09:38:26.760Z] [INFO] ================================================================================
[2026-08-24T09:38:26.760Z] [INFO] Checking FastAPI Port 8000 state...
[2026-08-24T09:38:26.792Z] [INFO] 🟢 FastAPI Backend is online. Verification Latency: 31ms
[2026-08-24T09:38:26.793Z] [INFO] Checking Next.js Port 3001 login terminal...
[2026-08-24T09:38:26.934Z] [SUCCESS] ⚡ Performance SLA verified for [/login]: 141ms
[2026-08-24T09:38:26.934Z] [INFO] Injecting session claims and verifying middleware token generation...
[2026-08-24T09:38:29.828Z] [INFO] Handshake successfully committed in: 2570ms
[2026-08-24T09:38:29.829Z] [INFO] Navigating to the central command node: http://localhost:3005/app/suffat/main/erp
[2026-08-24T09:38:30.630Z] [INFO] Triggering action node: Other Staff Directory (Non-Faculty)
[2026-08-24T09:38:30.668Z] [WARNING] ⚠️ KPI Target Element [[data-kpi="other-staff"]] not present in current view. Skipping...
[2026-08-24T09:38:30.669Z] [INFO] Triggering action node: Academic Faculty Directory
[2026-08-24T09:38:30.673Z] [WARNING] ⚠️ KPI Target Element [[data-kpi="faculty"]] not present in current view. Skipping...
[2026-08-24T09:38:30.673Z] [INFO] Triggering action node: Active Centers Panel
[2026-08-24T09:38:30.685Z] [WARNING] ⚠️ KPI Target Element [[data-kpi="active-centers"]] not present in current view. Skipping...
[2026-08-24T09:38:30.685Z] [INFO] Evaluating Dexie.js offline DB initialization parameters...
[2026-08-24T09:38:30.690Z] [WARNING] ⚠️ Offline storage was not detected in local session context.
[2026-08-24T09:38:30.690Z] [INFO] ✅ Cycle #5 diagnostic check complete. Entering cooldown state...
[2026-08-24T09:39:00.699Z] [INFO] 
================================================================================
[2026-08-24T09:39:00.700Z] [INFO] 🌟 STARTING CONTINUOUS DIAGNOSTIC CYCLE #6 (Run Time: 3 mins)
[2026-08-24T09:39:00.700Z] [INFO] ================================================================================
[2026-08-24T09:39:00.700Z] [INFO] Checking FastAPI Port 8000 state...
[2026-08-24T09:39:01.093Z] [INFO] 🟢 FastAPI Backend is online. Verification Latency: 392ms
[2026-08-24T09:39:01.094Z] [INFO] Checking Next.js Port 3001 login terminal...
[2026-08-24T09:39:01.350Z] [SUCCESS] ⚡ Performance SLA verified for [/login]: 256ms
[2026-08-24T09:39:01.350Z] [INFO] Injecting session claims and verifying middleware token generation...
[2026-08-24T09:39:04.886Z] [INFO] Handshake successfully committed in: 3177ms
[2026-08-24T09:39:04.886Z] [INFO] Navigating to the central command node: http://localhost:3005/app/suffat/main/erp
[2026-08-24T09:39:05.737Z] [INFO] Triggering action node: Other Staff Directory (Non-Faculty)
[2026-08-24T09:39:05.778Z] [WARNING] ⚠️ KPI Target Element [[data-kpi="other-staff"]] not present in current view. Skipping...
[2026-08-24T09:39:05.779Z] [INFO] Triggering action node: Academic Faculty Directory
[2026-08-24T09:39:05.786Z] [WARNING] ⚠️ KPI Target Element [[data-kpi="faculty"]] not present in current view. Skipping...
[2026-08-24T09:39:05.787Z] [INFO] Triggering action node: Active Centers Panel
[2026-08-24T09:39:05.793Z] [WARNING] ⚠️ KPI Target Element [[data-kpi="active-centers"]] not present in current view. Skipping...
[2026-08-24T09:39:05.793Z] [INFO] Evaluating Dexie.js offline DB initialization parameters...
[2026-08-24T09:39:05.802Z] [WARNING] ⚠️ Offline storage was not detected in local session context.
[2026-08-24T09:39:05.802Z] [INFO] ✅ Cycle #6 diagnostic check complete. Entering cooldown state...
[2026-08-24T09:39:35.804Z] [INFO] 
================================================================================
[2026-08-24T09:39:35.807Z] [INFO] 🌟 STARTING CONTINUOUS DIAGNOSTIC CYCLE #7 (Run Time: 3 mins)
[2026-08-24T09:39:35.808Z] [INFO] ================================================================================
[2026-08-24T09:39:35.808Z] [INFO] Checking FastAPI Port 8000 state...
[2026-08-24T09:39:35.848Z] [INFO] 🟢 FastAPI Backend is online. Verification Latency: 40ms
[2026-08-24T09:39:35.848Z] [INFO] Checking Next.js Port 3001 login terminal...
[2026-08-24T09:39:36.037Z] [SUCCESS] ⚡ Performance SLA verified for [/login]: 189ms
[2026-08-24T09:39:36.038Z] [INFO] Injecting session claims and verifying middleware token generation...
[2026-08-24T09:39:39.453Z] [INFO] Handshake successfully committed in: 3142ms
[2026-08-24T09:39:39.453Z] [INFO] Navigating to the central command node: http://localhost:3005/app/suffat/main/erp
[2026-08-24T09:39:40.383Z] [INFO] Triggering action node: Other Staff Directory (Non-Faculty)
[2026-08-24T09:39:40.588Z] [WARNING] ⚠️ KPI Target Element [[data-kpi="other-staff"]] not present in current view. Skipping...
[2026-08-24T09:39:40.589Z] [INFO] Triggering action node: Academic Faculty Directory
[2026-08-24T09:39:40.599Z] [WARNING] ⚠️ KPI Target Element [[data-kpi="faculty"]] not present in current view. Skipping...
[2026-08-24T09:39:40.600Z] [INFO] Triggering action node: Active Centers Panel
[2026-08-24T09:39:40.604Z] [WARNING] ⚠️ KPI Target Element [[data-kpi="active-centers"]] not present in current view. Skipping...
[2026-08-24T09:39:40.605Z] [INFO] Evaluating Dexie.js offline DB initialization parameters...
[2026-08-24T09:39:40.617Z] [WARNING] ⚠️ Offline storage was not detected in local session context.
[2026-08-24T09:39:40.617Z] [INFO] ✅ Cycle #7 diagnostic check complete. Entering cooldown state...
[2026-08-24T09:40:10.619Z] [INFO] 
================================================================================
[2026-08-24T09:40:10.620Z] [INFO] 🌟 STARTING CONTINUOUS DIAGNOSTIC CYCLE #8 (Run Time: 4 mins)
[2026-08-24T09:40:10.621Z] [INFO] ================================================================================
[2026-08-24T09:40:10.621Z] [INFO] Checking FastAPI Port 8000 state...
[2026-08-24T09:40:10.956Z] [INFO] 🟢 FastAPI Backend is online. Verification Latency: 335ms
[2026-08-24T09:40:11.033Z] [INFO] Checking Next.js Port 3001 login terminal...
[2026-08-24T09:40:11.167Z] [SUCCESS] ⚡ Performance SLA verified for [/login]: 133ms
[2026-08-24T09:40:11.167Z] [INFO] Injecting session claims and verifying middleware token generation...
[2026-08-24T09:40:14.027Z] [INFO] Handshake successfully committed in: 2582ms
[2026-08-24T09:40:14.027Z] [INFO] Navigating to the central command node: http://localhost:3005/app/suffat/main/erp
[2026-08-24T09:40:14.877Z] [INFO] Triggering action node: Other Staff Directory (Non-Faculty)
[2026-08-24T09:40:14.917Z] [WARNING] ⚠️ KPI Target Element [[data-kpi="other-staff"]] not present in current view. Skipping...
[2026-08-24T09:40:14.918Z] [INFO] Triggering action node: Academic Faculty Directory
[2026-08-24T09:40:14.922Z] [WARNING] ⚠️ KPI Target Element [[data-kpi="faculty"]] not present in current view. Skipping...
[2026-08-24T09:40:14.922Z] [INFO] Triggering action node: Active Centers Panel
[2026-08-24T09:40:14.925Z] [WARNING] ⚠️ KPI Target Element [[data-kpi="active-centers"]] not present in current view. Skipping...
[2026-08-24T09:40:14.925Z] [INFO] Evaluating Dexie.js offline DB initialization parameters...
[2026-08-24T09:40:14.930Z] [WARNING] ⚠️ Offline storage was not detected in local session context.
[2026-08-24T09:40:14.930Z] [INFO] ✅ Cycle #8 diagnostic check complete. Entering cooldown state...
[2026-08-24T09:40:44.952Z] [INFO] 
================================================================================
[2026-08-24T09:40:44.953Z] [INFO] 🌟 STARTING CONTINUOUS DIAGNOSTIC CYCLE #9 (Run Time: 4 mins)
[2026-08-24T09:40:44.953Z] [INFO] ================================================================================
[2026-08-24T09:40:44.954Z] [INFO] Checking FastAPI Port 8000 state...
[2026-08-24T09:40:44.993Z] [INFO] 🟢 FastAPI Backend is online. Verification Latency: 39ms
[2026-08-24T09:40:44.993Z] [INFO] Checking Next.js Port 3001 login terminal...
[2026-08-24T09:40:45.209Z] [SUCCESS] ⚡ Performance SLA verified for [/login]: 216ms
[2026-08-24T09:40:45.209Z] [INFO] Injecting session claims and verifying middleware token generation...
[2026-08-24T09:40:48.893Z] [INFO] Handshake successfully committed in: 3118ms
[2026-08-24T09:40:48.893Z] [INFO] Navigating to the central command node: http://localhost:3005/app/suffat/main/erp
[2026-08-24T09:40:49.791Z] [INFO] Triggering action node: Other Staff Directory (Non-Faculty)
[2026-08-24T09:40:49.826Z] [WARNING] ⚠️ KPI Target Element [[data-kpi="other-staff"]] not present in current view. Skipping...
[2026-08-24T09:40:49.827Z] [INFO] Triggering action node: Academic Faculty Directory
[2026-08-24T09:40:49.830Z] [WARNING] ⚠️ KPI Target Element [[data-kpi="faculty"]] not present in current view. Skipping...
[2026-08-24T09:40:49.830Z] [INFO] Triggering action node: Active Centers Panel
[2026-08-24T09:40:49.833Z] [WARNING] ⚠️ KPI Target Element [[data-kpi="active-centers"]] not present in current view. Skipping...
[2026-08-24T09:40:49.833Z] [INFO] Evaluating Dexie.js offline DB initialization parameters...
[2026-08-24T09:40:49.846Z] [WARNING] ⚠️ Offline storage was not detected in local session context.
[2026-08-24T09:40:49.846Z] [INFO] ✅ Cycle #9 diagnostic check complete. Entering cooldown state...
[2026-08-24T09:41:19.855Z] [INFO] 
================================================================================
[2026-08-24T09:41:19.855Z] [INFO] 🌟 STARTING CONTINUOUS DIAGNOSTIC CYCLE #10 (Run Time: 5 mins)
[2026-08-24T09:41:19.856Z] [INFO] ================================================================================
[2026-08-24T09:41:19.856Z] [INFO] Checking FastAPI Port 8000 state...
[2026-08-24T09:41:20.207Z] [INFO] 🟢 FastAPI Backend is online. Verification Latency: 351ms
[2026-08-24T09:41:20.207Z] [INFO] Checking Next.js Port 3001 login terminal...
[2026-08-24T09:41:20.350Z] [SUCCESS] ⚡ Performance SLA verified for [/login]: 143ms
[2026-08-24T09:41:20.350Z] [INFO] Injecting session claims and verifying middleware token generation...
[2026-08-24T09:41:23.696Z] [INFO] Handshake successfully committed in: 3080ms
[2026-08-24T09:41:23.696Z] [INFO] Navigating to the central command node: http://localhost:3005/app/suffat/main/erp
[2026-08-24T09:41:24.626Z] [INFO] Triggering action node: Other Staff Directory (Non-Faculty)
[2026-08-24T09:41:24.656Z] [WARNING] ⚠️ KPI Target Element [[data-kpi="other-staff"]] not present in current view. Skipping...
[2026-08-24T09:41:24.656Z] [INFO] Triggering action node: Academic Faculty Directory
[2026-08-24T09:41:24.659Z] [WARNING] ⚠️ KPI Target Element [[data-kpi="faculty"]] not present in current view. Skipping...
[2026-08-24T09:41:24.659Z] [INFO] Triggering action node: Active Centers Panel
[2026-08-24T09:41:24.665Z] [WARNING] ⚠️ KPI Target Element [[data-kpi="active-centers"]] not present in current view. Skipping...
[2026-08-24T09:41:24.665Z] [INFO] Evaluating Dexie.js offline DB initialization parameters...
[2026-08-24T09:41:24.673Z] [WARNING] ⚠️ Offline storage was not detected in local session context.
[2026-08-24T09:41:24.674Z] [INFO] ✅ Cycle #10 diagnostic check complete. Entering cooldown state...
[2026-08-24T09:43:48.755Z] [INFO] 🚀 Launching Antigravity E2E Sentinel engine...
[2026-08-24T09:43:49.096Z] [INFO] 
================================================================================
[2026-08-24T09:43:49.097Z] [INFO] 🌟 STARTING CONTINUOUS DIAGNOSTIC CYCLE #1 (Run Time: 0 mins)
[2026-08-24T09:43:49.097Z] [INFO] ================================================================================
[2026-08-24T09:43:49.097Z] [INFO] Checking FastAPI Port 8000 state...
[2026-08-24T09:43:51.469Z] [CRITICAL] ❌ FastAPI backend unreachable on Port 8000!
[2026-08-24T09:43:51.470Z] [WARNING] ⚠️ INITIATING AUTOMATED SELF-HEALING ACTION FOR: FASTAPI_DOWN
[2026-08-24T09:43:51.470Z] [SYSTEM] Targeting FastAPI Core... Wiping stagnant uvicorn sockets & rebooting server...
[2026-08-24T09:43:51.913Z] [INFO] ✅ Self-healing protocols dispatched and verified successfully.
[2026-08-24T09:44:01.921Z] [INFO] 
================================================================================
[2026-08-24T09:44:01.940Z] [INFO] 🌟 STARTING CONTINUOUS DIAGNOSTIC CYCLE #2 (Run Time: 0 mins)
[2026-08-24T09:44:01.941Z] [INFO] ================================================================================
[2026-08-24T09:44:01.941Z] [INFO] Checking FastAPI Port 8000 state...
[2026-08-24T09:44:02.292Z] [INFO] 🟢 FastAPI Backend is online. Verification Latency: 351ms
[2026-08-24T09:44:02.293Z] [INFO] Checking Next.js Port 3001 login terminal...
[2026-08-24T09:44:02.590Z] [SUCCESS] ⚡ Performance SLA verified for [/login]: 296ms
[2026-08-24T09:44:02.590Z] [INFO] Injecting session claims and verifying middleware token generation...
[2026-08-24T09:44:06.568Z] [INFO] Handshake successfully committed in: 3179ms
[2026-08-24T09:44:06.631Z] [INFO] Navigating to the central command node: http://localhost:3005/app/suffat/main/erp
[2026-08-24T09:44:07.769Z] [INFO] Triggering action node: Other Staff Directory (Non-Faculty)
[2026-08-24T09:44:07.923Z] [WARNING] ⚠️ KPI Target Element [[data-kpi="other-staff"]] not present in current view. Skipping...
[2026-08-24T09:44:07.924Z] [INFO] Triggering action node: Academic Faculty Directory
[2026-08-24T09:44:07.942Z] [WARNING] ⚠️ KPI Target Element [[data-kpi="faculty"]] not present in current view. Skipping...
[2026-08-24T09:44:07.943Z] [INFO] Triggering action node: Active Centers Panel
[2026-08-24T09:44:07.987Z] [WARNING] ⚠️ KPI Target Element [[data-kpi="active-centers"]] not present in current view. Skipping...
[2026-08-24T09:44:07.988Z] [INFO] Evaluating Dexie.js offline DB initialization parameters...
[2026-08-24T09:44:08.053Z] [WARNING] ⚠️ Offline storage was not detected in local session context.
[2026-08-24T09:44:08.053Z] [INFO] ✅ Cycle #2 diagnostic check complete. Entering cooldown state...
[2026-08-24T09:44:38.066Z] [INFO] 
================================================================================
[2026-08-24T09:44:38.066Z] [INFO] 🌟 STARTING CONTINUOUS DIAGNOSTIC CYCLE #3 (Run Time: 1 mins)
[2026-08-24T09:44:38.067Z] [INFO] ================================================================================
[2026-08-24T09:44:38.067Z] [INFO] Checking FastAPI Port 8000 state...
[2026-08-24T09:44:38.094Z] [INFO] 🟢 FastAPI Backend is online. Verification Latency: 27ms
[2026-08-24T09:44:38.095Z] [INFO] Checking Next.js Port 3001 login terminal...
[2026-08-24T09:44:38.249Z] [SUCCESS] ⚡ Performance SLA verified for [/login]: 154ms
[2026-08-24T09:44:38.249Z] [INFO] Injecting session claims and verifying middleware token generation...
[2026-08-24T09:44:41.992Z] [INFO] Handshake successfully committed in: 3182ms
[2026-08-24T09:44:41.993Z] [INFO] Navigating to the central command node: http://localhost:3005/app/suffat/main/erp
[2026-08-24T09:44:42.949Z] [INFO] Triggering action node: Other Staff Directory (Non-Faculty)
[2026-08-24T09:44:42.993Z] [WARNING] ⚠️ KPI Target Element [[data-kpi="other-staff"]] not present in current view. Skipping...
[2026-08-24T09:44:42.993Z] [INFO] Triggering action node: Academic Faculty Directory
[2026-08-24T09:44:43.002Z] [WARNING] ⚠️ KPI Target Element [[data-kpi="faculty"]] not present in current view. Skipping...
[2026-08-24T09:44:43.002Z] [INFO] Triggering action node: Active Centers Panel
[2026-08-24T09:44:43.007Z] [WARNING] ⚠️ KPI Target Element [[data-kpi="active-centers"]] not present in current view. Skipping...
[2026-08-24T09:44:43.008Z] [INFO] Evaluating Dexie.js offline DB initialization parameters...
[2026-08-24T09:44:43.020Z] [WARNING] ⚠️ Offline storage was not detected in local session context.
[2026-08-24T09:44:43.020Z] [INFO] ✅ Cycle #3 diagnostic check complete. Entering cooldown state...
[2026-08-24T09:45:13.042Z] [INFO] 
================================================================================
[2026-08-24T09:45:13.043Z] [INFO] 🌟 STARTING CONTINUOUS DIAGNOSTIC CYCLE #4 (Run Time: 1 mins)
[2026-08-24T09:45:13.043Z] [INFO] ================================================================================
[2026-08-24T09:45:13.043Z] [INFO] Checking FastAPI Port 8000 state...
[2026-08-24T09:45:13.384Z] [INFO] 🟢 FastAPI Backend is online. Verification Latency: 341ms
[2026-08-24T09:45:13.384Z] [INFO] Checking Next.js Port 3001 login terminal...
[2026-08-24T09:45:13.587Z] [SUCCESS] ⚡ Performance SLA verified for [/login]: 202ms
[2026-08-24T09:45:13.588Z] [INFO] Injecting session claims and verifying middleware token generation...
[2026-08-24T09:45:16.655Z] [INFO] Handshake successfully committed in: 2634ms
[2026-08-24T09:45:16.655Z] [INFO] Navigating to the central command node: http://localhost:3005/app/suffat/main/erp
[2026-08-24T09:45:17.604Z] [INFO] Triggering action node: Other Staff Directory (Non-Faculty)
[2026-08-24T09:45:17.653Z] [WARNING] ⚠️ KPI Target Element [[data-kpi="other-staff"]] not present in current view. Skipping...
[2026-08-24T09:45:17.653Z] [INFO] Triggering action node: Academic Faculty Directory
[2026-08-24T09:45:17.661Z] [WARNING] ⚠️ KPI Target Element [[data-kpi="faculty"]] not present in current view. Skipping...
[2026-08-24T09:45:17.661Z] [INFO] Triggering action node: Active Centers Panel
[2026-08-24T09:45:17.675Z] [WARNING] ⚠️ KPI Target Element [[data-kpi="active-centers"]] not present in current view. Skipping...
[2026-08-24T09:45:17.676Z] [INFO] Evaluating Dexie.js offline DB initialization parameters...
[2026-08-24T09:45:17.709Z] [WARNING] ⚠️ Offline storage was not detected in local session context.
[2026-08-24T09:45:17.710Z] [INFO] ✅ Cycle #4 diagnostic check complete. Entering cooldown state...
[2026-08-24T09:45:47.722Z] [INFO] 
================================================================================
[2026-08-24T09:45:47.723Z] [INFO] 🌟 STARTING CONTINUOUS DIAGNOSTIC CYCLE #5 (Run Time: 2 mins)
[2026-08-24T09:45:47.723Z] [INFO] ================================================================================
[2026-08-24T09:45:47.723Z] [INFO] Checking FastAPI Port 8000 state...
[2026-08-24T09:45:47.822Z] [INFO] 🟢 FastAPI Backend is online. Verification Latency: 98ms
[2026-08-24T09:45:47.823Z] [INFO] Checking Next.js Port 3001 login terminal...
[2026-08-24T09:45:47.988Z] [SUCCESS] ⚡ Performance SLA verified for [/login]: 151ms
[2026-08-24T09:45:47.989Z] [INFO] Injecting session claims and verifying middleware token generation...
[2026-08-24T09:45:51.180Z] [INFO] Handshake successfully committed in: 2240ms
[2026-08-24T09:45:51.180Z] [INFO] Navigating to the central command node: http://localhost:3005/app/suffat/main/erp
[2026-08-24T09:45:52.123Z] [INFO] Triggering action node: Other Staff Directory (Non-Faculty)
[2026-08-24T09:45:52.156Z] [WARNING] ⚠️ KPI Target Element [[data-kpi="other-staff"]] not present in current view. Skipping...
[2026-08-24T09:45:52.157Z] [INFO] Triggering action node: Academic Faculty Directory
[2026-08-24T09:45:52.162Z] [WARNING] ⚠️ KPI Target Element [[data-kpi="faculty"]] not present in current view. Skipping...
[2026-08-24T09:45:52.163Z] [INFO] Triggering action node: Active Centers Panel
[2026-08-24T09:45:52.166Z] [WARNING] ⚠️ KPI Target Element [[data-kpi="active-centers"]] not present in current view. Skipping...
[2026-08-24T09:45:52.166Z] [INFO] Evaluating Dexie.js offline DB initialization parameters...
[2026-08-24T09:45:52.179Z] [WARNING] ⚠️ Offline storage was not detected in local session context.
[2026-08-24T09:45:52.180Z] [INFO] ✅ Cycle #5 diagnostic check complete. Entering cooldown state...
[2026-08-24T09:46:22.189Z] [INFO] 
================================================================================
[2026-08-24T09:46:22.189Z] [INFO] 🌟 STARTING CONTINUOUS DIAGNOSTIC CYCLE #6 (Run Time: 3 mins)
[2026-08-24T09:46:22.189Z] [INFO] ================================================================================
[2026-08-24T09:46:22.190Z] [INFO] Checking FastAPI Port 8000 state...
[2026-08-24T09:46:22.520Z] [INFO] 🟢 FastAPI Backend is online. Verification Latency: 330ms
[2026-08-24T09:46:22.520Z] [INFO] Checking Next.js Port 3001 login terminal...
[2026-08-24T09:46:22.680Z] [SUCCESS] ⚡ Performance SLA verified for [/login]: 159ms
[2026-08-24T09:46:22.681Z] [INFO] Injecting session claims and verifying middleware token generation...
[2026-08-24T09:46:25.631Z] [INFO] Handshake successfully committed in: 2556ms
[2026-08-24T09:46:25.633Z] [INFO] Navigating to the central command node: http://localhost:3005/app/suffat/main/erp
[2026-08-24T09:46:26.464Z] [INFO] Triggering action node: Other Staff Directory (Non-Faculty)
[2026-08-24T09:46:26.494Z] [WARNING] ⚠️ KPI Target Element [[data-kpi="other-staff"]] not present in current view. Skipping...
[2026-08-24T09:46:26.494Z] [INFO] Triggering action node: Academic Faculty Directory
[2026-08-24T09:46:26.499Z] [WARNING] ⚠️ KPI Target Element [[data-kpi="faculty"]] not present in current view. Skipping...
[2026-08-24T09:46:26.499Z] [INFO] Triggering action node: Active Centers Panel
[2026-08-24T09:46:26.506Z] [WARNING] ⚠️ KPI Target Element [[data-kpi="active-centers"]] not present in current view. Skipping...
[2026-08-24T09:46:26.507Z] [INFO] Evaluating Dexie.js offline DB initialization parameters...
[2026-08-24T09:46:26.515Z] [WARNING] ⚠️ Offline storage was not detected in local session context.
[2026-08-24T09:46:26.515Z] [INFO] ✅ Cycle #6 diagnostic check complete. Entering cooldown state...
[2026-08-24T09:46:56.519Z] [INFO] 
================================================================================
[2026-08-24T09:46:56.520Z] [INFO] 🌟 STARTING CONTINUOUS DIAGNOSTIC CYCLE #7 (Run Time: 3 mins)
[2026-08-24T09:46:56.520Z] [INFO] ================================================================================
[2026-08-24T09:46:56.520Z] [INFO] Checking FastAPI Port 8000 state...
[2026-08-24T09:46:56.550Z] [INFO] 🟢 FastAPI Backend is online. Verification Latency: 30ms
[2026-08-24T09:46:56.551Z] [INFO] Checking Next.js Port 3001 login terminal...
[2026-08-24T09:46:56.681Z] [SUCCESS] ⚡ Performance SLA verified for [/login]: 130ms
[2026-08-24T09:46:56.681Z] [INFO] Injecting session claims and verifying middleware token generation...
[2026-08-24T09:46:59.585Z] [INFO] Handshake successfully committed in: 2578ms
[2026-08-24T09:46:59.586Z] [INFO] Navigating to the central command node: http://localhost:3005/app/suffat/main/erp
[2026-08-24T09:47:00.364Z] [INFO] Triggering action node: Other Staff Directory (Non-Faculty)
[2026-08-24T09:47:00.397Z] [WARNING] ⚠️ KPI Target Element [[data-kpi="other-staff"]] not present in current view. Skipping...
[2026-08-24T09:47:00.397Z] [INFO] Triggering action node: Academic Faculty Directory
[2026-08-24T09:47:00.402Z] [WARNING] ⚠️ KPI Target Element [[data-kpi="faculty"]] not present in current view. Skipping...
[2026-08-24T09:47:00.402Z] [INFO] Triggering action node: Active Centers Panel
[2026-08-24T09:47:00.412Z] [WARNING] ⚠️ KPI Target Element [[data-kpi="active-centers"]] not present in current view. Skipping...
[2026-08-24T09:47:00.412Z] [INFO] Evaluating Dexie.js offline DB initialization parameters...
[2026-08-24T09:47:00.416Z] [WARNING] ⚠️ Offline storage was not detected in local session context.
[2026-08-24T09:47:00.416Z] [INFO] ✅ Cycle #7 diagnostic check complete. Entering cooldown state...
[2026-08-24T09:47:30.418Z] [INFO] 
================================================================================
[2026-08-24T09:47:30.419Z] [INFO] 🌟 STARTING CONTINUOUS DIAGNOSTIC CYCLE #8 (Run Time: 4 mins)
[2026-08-24T09:47:30.420Z] [INFO] ================================================================================
[2026-08-24T09:47:30.420Z] [INFO] Checking FastAPI Port 8000 state...
[2026-08-24T09:47:30.753Z] [INFO] 🟢 FastAPI Backend is online. Verification Latency: 333ms
[2026-08-24T09:47:30.753Z] [INFO] Checking Next.js Port 3001 login terminal...
[2026-08-24T09:47:30.907Z] [SUCCESS] ⚡ Performance SLA verified for [/login]: 153ms
[2026-08-24T09:47:30.907Z] [INFO] Injecting session claims and verifying middleware token generation...
[2026-08-24T09:47:34.278Z] [INFO] Handshake successfully committed in: 3102ms
[2026-08-24T09:47:34.279Z] [INFO] Navigating to the central command node: http://localhost:3005/app/suffat/main/erp
[2026-08-24T09:47:35.081Z] [INFO] Triggering action node: Other Staff Directory (Non-Faculty)
[2026-08-24T09:47:35.111Z] [WARNING] ⚠️ KPI Target Element [[data-kpi="other-staff"]] not present in current view. Skipping...
[2026-08-24T09:47:35.111Z] [INFO] Triggering action node: Academic Faculty Directory
[2026-08-24T09:47:35.118Z] [WARNING] ⚠️ KPI Target Element [[data-kpi="faculty"]] not present in current view. Skipping...
[2026-08-24T09:47:35.118Z] [INFO] Triggering action node: Active Centers Panel
[2026-08-24T09:47:35.123Z] [WARNING] ⚠️ KPI Target Element [[data-kpi="active-centers"]] not present in current view. Skipping...
[2026-08-24T09:47:35.123Z] [INFO] Evaluating Dexie.js offline DB initialization parameters...
[2026-08-24T09:47:35.130Z] [WARNING] ⚠️ Offline storage was not detected in local session context.
[2026-08-24T09:47:35.131Z] [INFO] ✅ Cycle #8 diagnostic check complete. Entering cooldown state...
[2026-08-24T09:48:05.139Z] [INFO] 
================================================================================
[2026-08-24T09:48:05.139Z] [INFO] 🌟 STARTING CONTINUOUS DIAGNOSTIC CYCLE #9 (Run Time: 4 mins)
[2026-08-24T09:48:05.139Z] [INFO] ================================================================================
[2026-08-24T09:48:05.139Z] [INFO] Checking FastAPI Port 8000 state...
[2026-08-24T09:48:05.169Z] [INFO] 🟢 FastAPI Backend is online. Verification Latency: 29ms
[2026-08-24T09:48:05.169Z] [INFO] Checking Next.js Port 3001 login terminal...
[2026-08-24T09:48:05.344Z] [SUCCESS] ⚡ Performance SLA verified for [/login]: 175ms
[2026-08-24T09:48:05.344Z] [INFO] Injecting session claims and verifying middleware token generation...
[2026-08-24T09:48:08.702Z] [INFO] Handshake successfully committed in: 3072ms
[2026-08-24T09:48:08.702Z] [INFO] Navigating to the central command node: http://localhost:3005/app/suffat/main/erp
[2026-08-24T09:48:09.508Z] [INFO] Triggering action node: Other Staff Directory (Non-Faculty)
[2026-08-24T09:48:09.542Z] [WARNING] ⚠️ KPI Target Element [[data-kpi="other-staff"]] not present in current view. Skipping...
[2026-08-24T09:48:09.543Z] [INFO] Triggering action node: Academic Faculty Directory
[2026-08-24T09:48:09.546Z] [WARNING] ⚠️ KPI Target Element [[data-kpi="faculty"]] not present in current view. Skipping...
[2026-08-24T09:48:09.547Z] [INFO] Triggering action node: Active Centers Panel
[2026-08-24T09:48:09.550Z] [WARNING] ⚠️ KPI Target Element [[data-kpi="active-centers"]] not present in current view. Skipping...
[2026-08-24T09:48:09.550Z] [INFO] Evaluating Dexie.js offline DB initialization parameters...
[2026-08-24T09:48:09.559Z] [WARNING] ⚠️ Offline storage was not detected in local session context.
[2026-08-24T09:48:09.559Z] [INFO] ✅ Cycle #9 diagnostic check complete. Entering cooldown state...
[2026-08-24T09:48:39.565Z] [INFO] 
================================================================================
[2026-08-24T09:48:39.567Z] [INFO] 🌟 STARTING CONTINUOUS DIAGNOSTIC CYCLE #10 (Run Time: 5 mins)
[2026-08-24T09:48:39.567Z] [INFO] ================================================================================
[2026-08-24T09:48:39.568Z] [INFO] Checking FastAPI Port 8000 state...
[2026-08-24T09:48:39.896Z] [INFO] 🟢 FastAPI Backend is online. Verification Latency: 327ms
[2026-08-24T09:48:39.896Z] [INFO] Checking Next.js Port 3001 login terminal...
[2026-08-24T09:48:40.049Z] [SUCCESS] ⚡ Performance SLA verified for [/login]: 152ms
[2026-08-24T09:48:40.049Z] [INFO] Injecting session claims and verifying middleware token generation...
[2026-08-24T09:48:43.424Z] [INFO] Handshake successfully committed in: 3109ms
[2026-08-24T09:48:43.424Z] [INFO] Navigating to the central command node: http://localhost:3005/app/suffat/main/erp
[2026-08-24T09:48:44.194Z] [INFO] Triggering action node: Other Staff Directory (Non-Faculty)
[2026-08-24T09:48:44.231Z] [WARNING] ⚠️ KPI Target Element [[data-kpi="other-staff"]] not present in current view. Skipping...
[2026-08-24T09:48:44.231Z] [INFO] Triggering action node: Academic Faculty Directory
[2026-08-24T09:48:44.234Z] [WARNING] ⚠️ KPI Target Element [[data-kpi="faculty"]] not present in current view. Skipping...
[2026-08-24T09:48:44.234Z] [INFO] Triggering action node: Active Centers Panel
[2026-08-24T09:48:44.238Z] [WARNING] ⚠️ KPI Target Element [[data-kpi="active-centers"]] not present in current view. Skipping...
[2026-08-24T09:48:44.239Z] [INFO] Evaluating Dexie.js offline DB initialization parameters...
[2026-08-24T09:48:44.243Z] [WARNING] ⚠️ Offline storage was not detected in local session context.
[2026-08-24T09:48:44.243Z] [INFO] ✅ Cycle #10 diagnostic check complete. Entering cooldown state...
[2026-08-24T09:57:08.336Z] [INFO] 🚀 Launching Antigravity E2E Sentinel engine...
[2026-08-24T09:57:08.966Z] [INFO] 
================================================================================
[2026-08-24T09:57:08.967Z] [INFO] 🌟 STARTING CONTINUOUS DIAGNOSTIC CYCLE #1 (Run Time: 0 mins)
[2026-08-24T09:57:08.967Z] [INFO] ================================================================================
[2026-08-24T09:57:08.967Z] [INFO] Checking FastAPI Port 8000 state...
[2026-08-24T09:57:11.431Z] [CRITICAL] ❌ FastAPI backend unreachable on Port 8000!
[2026-08-24T09:57:11.431Z] [WARNING] ⚠️ INITIATING AUTOMATED SELF-HEALING ACTION FOR: FASTAPI_DOWN
[2026-08-24T09:57:11.432Z] [SYSTEM] Targeting FastAPI Core... Wiping stagnant uvicorn sockets & rebooting server...
[2026-08-24T09:57:12.739Z] [INFO] ✅ Self-healing protocols dispatched and verified successfully.
[2026-08-24T09:57:22.751Z] [INFO] 
================================================================================
[2026-08-24T09:57:22.752Z] [INFO] 🌟 STARTING CONTINUOUS DIAGNOSTIC CYCLE #2 (Run Time: 0 mins)
[2026-08-24T09:57:22.753Z] [INFO] ================================================================================
[2026-08-24T09:57:22.753Z] [INFO] Checking FastAPI Port 8000 state...
[2026-08-24T09:57:23.119Z] [INFO] 🟢 FastAPI Backend is online. Verification Latency: 366ms
[2026-08-24T09:57:23.119Z] [INFO] Checking Next.js Port 3001 login terminal...
[2026-08-24T09:57:25.470Z] [CRITICAL] ❌ Next.js unreachable: page.goto: net::ERR_CONNECTION_REFUSED at http://localhost:3005/login
Call log:
[2m  - navigating to "http://localhost:3005/login", waiting until "domcontentloaded"[22m

[2026-08-24T09:57:25.471Z] [CRITICAL] ❌ Next.js application returned invalid status code: NO_RESPONSE
[2026-08-24T09:57:25.471Z] [WARNING] ⚠️ INITIATING AUTOMATED SELF-HEALING ACTION FOR: NEXTJS_DOWN
[2026-08-24T09:57:25.471Z] [SYSTEM] Targeting Next.js Web Server... Attempting PM2 recycling process...
[2026-08-24T09:57:45.359Z] [CRITICAL] ❌ Critical Fail: Self-healing operation failed to run: Command failed: npx pm2 restart suffat-erp
[2026-08-24T09:57:55.365Z] [INFO] 
================================================================================
[2026-08-24T09:57:55.366Z] [INFO] 🌟 STARTING CONTINUOUS DIAGNOSTIC CYCLE #3 (Run Time: 1 mins)
[2026-08-24T09:57:55.366Z] [INFO] ================================================================================
[2026-08-24T09:57:55.366Z] [INFO] Checking FastAPI Port 8000 state...
[2026-08-24T09:57:55.460Z] [INFO] 🟢 FastAPI Backend is online. Verification Latency: 93ms
[2026-08-24T09:57:55.460Z] [INFO] Checking Next.js Port 3001 login terminal...
[2026-08-24T09:57:57.824Z] [CRITICAL] ❌ Next.js unreachable: page.goto: net::ERR_CONNECTION_REFUSED at http://localhost:3005/login
Call log:
[2m  - navigating to "http://localhost:3005/login", waiting until "domcontentloaded"[22m

[2026-08-24T09:57:57.824Z] [CRITICAL] ❌ Next.js application returned invalid status code: NO_RESPONSE
[2026-08-24T09:57:57.825Z] [WARNING] ⚠️ INITIATING AUTOMATED SELF-HEALING ACTION FOR: NEXTJS_DOWN
[2026-08-24T09:57:57.825Z] [SYSTEM] Targeting Next.js Web Server... Attempting PM2 recycling process...
[2026-08-24T09:58:04.084Z] [CRITICAL] ❌ Critical Fail: Self-healing operation failed to run: Command failed: npx pm2 restart suffat-erp
[2026-08-24T09:58:14.088Z] [INFO] 
================================================================================
[2026-08-24T09:58:14.088Z] [INFO] 🌟 STARTING CONTINUOUS DIAGNOSTIC CYCLE #4 (Run Time: 1 mins)
[2026-08-24T09:58:14.088Z] [INFO] ================================================================================
[2026-08-24T09:58:14.089Z] [INFO] Checking FastAPI Port 8000 state...
[2026-08-24T09:58:14.429Z] [INFO] 🟢 FastAPI Backend is online. Verification Latency: 340ms
[2026-08-24T09:58:14.430Z] [INFO] Checking Next.js Port 3001 login terminal...
[2026-08-24T09:58:16.771Z] [CRITICAL] ❌ Next.js unreachable: page.goto: net::ERR_CONNECTION_REFUSED at http://localhost:3005/login
Call log:
[2m  - navigating to "http://localhost:3005/login", waiting until "domcontentloaded"[22m

[2026-08-24T09:58:16.771Z] [CRITICAL] ❌ Next.js application returned invalid status code: NO_RESPONSE
[2026-08-24T09:58:16.772Z] [WARNING] ⚠️ INITIATING AUTOMATED SELF-HEALING ACTION FOR: NEXTJS_DOWN
[2026-08-24T09:58:16.772Z] [SYSTEM] Targeting Next.js Web Server... Attempting PM2 recycling process...
[2026-08-24T09:58:25.833Z] [CRITICAL] ❌ Critical Fail: Self-healing operation failed to run: Command failed: npx pm2 restart suffat-erp
[2026-08-24T09:58:35.849Z] [INFO] 
================================================================================
[2026-08-24T09:58:35.850Z] [INFO] 🌟 STARTING CONTINUOUS DIAGNOSTIC CYCLE #5 (Run Time: 1 mins)
[2026-08-24T09:58:35.850Z] [INFO] ================================================================================
[2026-08-24T09:58:35.851Z] [INFO] Checking FastAPI Port 8000 state...
[2026-08-24T09:58:35.947Z] [INFO] 🟢 FastAPI Backend is online. Verification Latency: 96ms
[2026-08-24T09:58:35.948Z] [INFO] Checking Next.js Port 3001 login terminal...
[2026-08-24T09:58:38.263Z] [CRITICAL] ❌ Next.js unreachable: page.goto: net::ERR_CONNECTION_REFUSED at http://localhost:3005/login
Call log:
[2m  - navigating to "http://localhost:3005/login", waiting until "domcontentloaded"[22m

[2026-08-24T09:58:38.263Z] [CRITICAL] ❌ Next.js application returned invalid status code: NO_RESPONSE
[2026-08-24T09:58:38.263Z] [WARNING] ⚠️ INITIATING AUTOMATED SELF-HEALING ACTION FOR: NEXTJS_DOWN
[2026-08-24T09:58:38.264Z] [SYSTEM] Targeting Next.js Web Server... Attempting PM2 recycling process...
[2026-08-24T09:58:44.681Z] [CRITICAL] ❌ Critical Fail: Self-healing operation failed to run: Command failed: npx pm2 restart suffat-erp
[2026-08-24T09:58:54.693Z] [INFO] 
================================================================================
[2026-08-24T09:58:54.694Z] [INFO] 🌟 STARTING CONTINUOUS DIAGNOSTIC CYCLE #6 (Run Time: 2 mins)
[2026-08-24T09:58:54.694Z] [INFO] ================================================================================
[2026-08-24T09:58:54.694Z] [INFO] Checking FastAPI Port 8000 state...
[2026-08-24T09:58:55.041Z] [INFO] 🟢 FastAPI Backend is online. Verification Latency: 346ms
[2026-08-24T09:58:55.042Z] [INFO] Checking Next.js Port 3001 login terminal...
[2026-08-24T09:58:57.400Z] [CRITICAL] ❌ Next.js unreachable: page.goto: net::ERR_CONNECTION_REFUSED at http://localhost:3005/login
Call log:
[2m  - navigating to "http://localhost:3005/login", waiting until "domcontentloaded"[22m

[2026-08-24T09:58:57.401Z] [CRITICAL] ❌ Next.js application returned invalid status code: NO_RESPONSE
[2026-08-24T09:58:57.401Z] [WARNING] ⚠️ INITIATING AUTOMATED SELF-HEALING ACTION FOR: NEXTJS_DOWN
[2026-08-24T09:58:57.401Z] [SYSTEM] Targeting Next.js Web Server... Attempting PM2 recycling process...
[2026-08-24T09:59:05.354Z] [CRITICAL] ❌ Critical Fail: Self-healing operation failed to run: Command failed: npx pm2 restart suffat-erp
[2026-08-24T09:59:15.360Z] [INFO] 
================================================================================
[2026-08-24T09:59:15.361Z] [INFO] 🌟 STARTING CONTINUOUS DIAGNOSTIC CYCLE #7 (Run Time: 2 mins)
[2026-08-24T09:59:15.361Z] [INFO] ================================================================================
[2026-08-24T09:59:15.361Z] [INFO] Checking FastAPI Port 8000 state...
[2026-08-24T09:59:15.446Z] [INFO] 🟢 FastAPI Backend is online. Verification Latency: 84ms
[2026-08-24T09:59:15.446Z] [INFO] Checking Next.js Port 3001 login terminal...
[2026-08-24T09:59:17.803Z] [CRITICAL] ❌ Next.js unreachable: page.goto: net::ERR_CONNECTION_REFUSED at http://localhost:3005/login
Call log:
[2m  - navigating to "http://localhost:3005/login", waiting until "domcontentloaded"[22m

[2026-08-24T09:59:17.804Z] [CRITICAL] ❌ Next.js application returned invalid status code: NO_RESPONSE
[2026-08-24T09:59:17.805Z] [WARNING] ⚠️ INITIATING AUTOMATED SELF-HEALING ACTION FOR: NEXTJS_DOWN
[2026-08-24T09:59:17.805Z] [SYSTEM] Targeting Next.js Web Server... Attempting PM2 recycling process...
[2026-08-24T09:59:24.355Z] [CRITICAL] ❌ Critical Fail: Self-healing operation failed to run: Command failed: npx pm2 restart suffat-erp
[2026-08-24T09:59:34.369Z] [INFO] 
================================================================================
[2026-08-24T09:59:34.370Z] [INFO] 🌟 STARTING CONTINUOUS DIAGNOSTIC CYCLE #8 (Run Time: 2 mins)
[2026-08-24T09:59:34.370Z] [INFO] ================================================================================
[2026-08-24T09:59:34.371Z] [INFO] Checking FastAPI Port 8000 state...
[2026-08-24T09:59:34.723Z] [INFO] 🟢 FastAPI Backend is online. Verification Latency: 352ms
[2026-08-24T09:59:34.723Z] [INFO] Checking Next.js Port 3001 login terminal...
[2026-08-24T09:59:37.084Z] [CRITICAL] ❌ Next.js unreachable: page.goto: net::ERR_CONNECTION_REFUSED at http://localhost:3005/login
Call log:
[2m  - navigating to "http://localhost:3005/login", waiting until "domcontentloaded"[22m

[2026-08-24T09:59:37.084Z] [CRITICAL] ❌ Next.js application returned invalid status code: NO_RESPONSE
[2026-08-24T09:59:37.085Z] [WARNING] ⚠️ INITIATING AUTOMATED SELF-HEALING ACTION FOR: NEXTJS_DOWN
[2026-08-24T09:59:37.085Z] [SYSTEM] Targeting Next.js Web Server... Attempting PM2 recycling process...
[2026-08-24T09:59:43.447Z] [CRITICAL] ❌ Critical Fail: Self-healing operation failed to run: Command failed: npx pm2 restart suffat-erp
[2026-08-24T09:59:53.459Z] [INFO] 
================================================================================
[2026-08-24T09:59:53.460Z] [INFO] 🌟 STARTING CONTINUOUS DIAGNOSTIC CYCLE #9 (Run Time: 3 mins)
[2026-08-24T09:59:53.460Z] [INFO] ================================================================================
[2026-08-24T09:59:53.460Z] [INFO] Checking FastAPI Port 8000 state...
[2026-08-24T09:59:53.553Z] [INFO] 🟢 FastAPI Backend is online. Verification Latency: 92ms
[2026-08-24T09:59:53.554Z] [INFO] Checking Next.js Port 3001 login terminal...
[2026-08-24T09:59:55.902Z] [CRITICAL] ❌ Next.js unreachable: page.goto: net::ERR_CONNECTION_REFUSED at http://localhost:3005/login
Call log:
[2m  - navigating to "http://localhost:3005/login", waiting until "domcontentloaded"[22m

[2026-08-24T09:59:55.902Z] [CRITICAL] ❌ Next.js application returned invalid status code: NO_RESPONSE
[2026-08-24T09:59:55.902Z] [WARNING] ⚠️ INITIATING AUTOMATED SELF-HEALING ACTION FOR: NEXTJS_DOWN
[2026-08-24T09:59:55.903Z] [SYSTEM] Targeting Next.js Web Server... Attempting PM2 recycling process...
[2026-08-24T10:00:03.801Z] [CRITICAL] ❌ Critical Fail: Self-healing operation failed to run: Command failed: npx pm2 restart suffat-erp
[2026-08-24T10:00:13.817Z] [INFO] 
================================================================================
[2026-08-24T10:00:13.818Z] [INFO] 🌟 STARTING CONTINUOUS DIAGNOSTIC CYCLE #10 (Run Time: 3 mins)
[2026-08-24T10:00:13.818Z] [INFO] ================================================================================
[2026-08-24T10:00:13.818Z] [INFO] Checking FastAPI Port 8000 state...
[2026-08-24T10:00:14.163Z] [INFO] 🟢 FastAPI Backend is online. Verification Latency: 345ms
[2026-08-24T10:00:14.163Z] [INFO] Checking Next.js Port 3001 login terminal...
[2026-08-24T10:00:16.527Z] [CRITICAL] ❌ Next.js unreachable: page.goto: net::ERR_CONNECTION_REFUSED at http://localhost:3005/login
Call log:
[2m  - navigating to "http://localhost:3005/login", waiting until "domcontentloaded"[22m

[2026-08-24T10:00:16.527Z] [CRITICAL] ❌ Next.js application returned invalid status code: NO_RESPONSE
[2026-08-24T10:00:16.527Z] [WARNING] ⚠️ INITIATING AUTOMATED SELF-HEALING ACTION FOR: NEXTJS_DOWN
[2026-08-24T10:00:16.527Z] [SYSTEM] Targeting Next.js Web Server... Attempting PM2 recycling process...
[2026-08-24T10:00:23.394Z] [CRITICAL] ❌ Critical Fail: Self-healing operation failed to run: Command failed: npx pm2 restart suffat-erp
[2026-08-24T10:00:33.410Z] [INFO] 
================================================================================
[2026-08-24T10:00:33.411Z] [INFO] 🌟 STARTING CONTINUOUS DIAGNOSTIC CYCLE #11 (Run Time: 3 mins)
[2026-08-24T10:00:33.412Z] [INFO] ================================================================================
[2026-08-24T10:00:33.412Z] [INFO] Checking FastAPI Port 8000 state...
[2026-08-24T10:00:33.501Z] [INFO] 🟢 FastAPI Backend is online. Verification Latency: 88ms
[2026-08-24T10:00:33.501Z] [INFO] Checking Next.js Port 3001 login terminal...
[2026-08-24T10:00:35.853Z] [CRITICAL] ❌ Next.js unreachable: page.goto: net::ERR_CONNECTION_REFUSED at http://localhost:3005/login
Call log:
[2m  - navigating to "http://localhost:3005/login", waiting until "domcontentloaded"[22m

[2026-08-24T10:00:35.854Z] [CRITICAL] ❌ Next.js application returned invalid status code: NO_RESPONSE
[2026-08-24T10:00:35.854Z] [WARNING] ⚠️ INITIATING AUTOMATED SELF-HEALING ACTION FOR: NEXTJS_DOWN
[2026-08-24T10:00:35.855Z] [SYSTEM] Targeting Next.js Web Server... Attempting PM2 recycling process...
[2026-08-24T10:00:42.371Z] [CRITICAL] ❌ Critical Fail: Self-healing operation failed to run: Command failed: npx pm2 restart suffat-erp
[2026-08-24T10:00:52.382Z] [INFO] 
================================================================================
[2026-08-24T10:00:52.382Z] [INFO] 🌟 STARTING CONTINUOUS DIAGNOSTIC CYCLE #12 (Run Time: 4 mins)
[2026-08-24T10:00:52.383Z] [INFO] ================================================================================
[2026-08-24T10:00:52.383Z] [INFO] Checking FastAPI Port 8000 state...
[2026-08-24T10:00:52.719Z] [INFO] 🟢 FastAPI Backend is online. Verification Latency: 336ms
[2026-08-24T10:00:52.720Z] [INFO] Checking Next.js Port 3001 login terminal...
[2026-08-24T10:00:55.059Z] [CRITICAL] ❌ Next.js unreachable: page.goto: net::ERR_CONNECTION_REFUSED at http://localhost:3005/login
Call log:
[2m  - navigating to "http://localhost:3005/login", waiting until "domcontentloaded"[22m

[2026-08-24T10:00:55.059Z] [CRITICAL] ❌ Next.js application returned invalid status code: NO_RESPONSE
[2026-08-24T10:00:55.060Z] [WARNING] ⚠️ INITIATING AUTOMATED SELF-HEALING ACTION FOR: NEXTJS_DOWN
[2026-08-24T10:00:55.060Z] [SYSTEM] Targeting Next.js Web Server... Attempting PM2 recycling process...
[2026-08-24T10:01:02.041Z] [CRITICAL] ❌ Critical Fail: Self-healing operation failed to run: Command failed: npx pm2 restart suffat-erp
[2026-08-24T10:01:12.051Z] [INFO] 
================================================================================
[2026-08-24T10:01:12.051Z] [INFO] 🌟 STARTING CONTINUOUS DIAGNOSTIC CYCLE #13 (Run Time: 4 mins)
[2026-08-24T10:01:12.052Z] [INFO] ================================================================================
[2026-08-24T10:01:12.052Z] [INFO] Checking FastAPI Port 8000 state...
[2026-08-24T10:01:12.141Z] [INFO] 🟢 FastAPI Backend is online. Verification Latency: 89ms
[2026-08-24T10:01:12.142Z] [INFO] Checking Next.js Port 3001 login terminal...
[2026-08-24T10:01:14.500Z] [CRITICAL] ❌ Next.js unreachable: page.goto: net::ERR_CONNECTION_REFUSED at http://localhost:3005/login
Call log:
[2m  - navigating to "http://localhost:3005/login", waiting until "domcontentloaded"[22m

[2026-08-24T10:01:14.501Z] [CRITICAL] ❌ Next.js application returned invalid status code: NO_RESPONSE
[2026-08-24T10:01:14.502Z] [WARNING] ⚠️ INITIATING AUTOMATED SELF-HEALING ACTION FOR: NEXTJS_DOWN
[2026-08-24T10:01:14.502Z] [SYSTEM] Targeting Next.js Web Server... Attempting PM2 recycling process...
[2026-08-24T10:01:21.410Z] [CRITICAL] ❌ Critical Fail: Self-healing operation failed to run: Command failed: npx pm2 restart suffat-erp
[2026-08-24T10:01:31.413Z] [INFO] 
================================================================================
[2026-08-24T10:01:31.414Z] [INFO] 🌟 STARTING CONTINUOUS DIAGNOSTIC CYCLE #14 (Run Time: 4 mins)
[2026-08-24T10:01:31.414Z] [INFO] ================================================================================
[2026-08-24T10:01:31.414Z] [INFO] Checking FastAPI Port 8000 state...
[2026-08-24T10:01:31.758Z] [INFO] 🟢 FastAPI Backend is online. Verification Latency: 344ms
[2026-08-24T10:01:31.758Z] [INFO] Checking Next.js Port 3001 login terminal...
[2026-08-24T10:01:34.115Z] [CRITICAL] ❌ Next.js unreachable: page.goto: net::ERR_CONNECTION_REFUSED at http://localhost:3005/login
Call log:
[2m  - navigating to "http://localhost:3005/login", waiting until "domcontentloaded"[22m

[2026-08-24T10:01:34.115Z] [CRITICAL] ❌ Next.js application returned invalid status code: NO_RESPONSE
[2026-08-24T10:01:34.116Z] [WARNING] ⚠️ INITIATING AUTOMATED SELF-HEALING ACTION FOR: NEXTJS_DOWN
[2026-08-24T10:01:34.116Z] [SYSTEM] Targeting Next.js Web Server... Attempting PM2 recycling process...
[2026-08-24T10:01:41.009Z] [CRITICAL] ❌ Critical Fail: Self-healing operation failed to run: Command failed: npx pm2 restart suffat-erp
[2026-08-24T10:01:51.012Z] [INFO] 
================================================================================
[2026-08-24T10:01:51.013Z] [INFO] 🌟 STARTING CONTINUOUS DIAGNOSTIC CYCLE #15 (Run Time: 5 mins)
[2026-08-24T10:01:51.013Z] [INFO] ================================================================================
[2026-08-24T10:01:51.013Z] [INFO] Checking FastAPI Port 8000 state...
[2026-08-24T10:01:51.143Z] [INFO] 🟢 FastAPI Backend is online. Verification Latency: 130ms
[2026-08-24T10:01:51.144Z] [INFO] Checking Next.js Port 3001 login terminal...
[2026-08-24T10:01:53.508Z] [CRITICAL] ❌ Next.js unreachable: page.goto: net::ERR_CONNECTION_REFUSED at http://localhost:3005/login
Call log:
[2m  - navigating to "http://localhost:3005/login", waiting until "domcontentloaded"[22m

[2026-08-24T10:01:53.508Z] [CRITICAL] ❌ Next.js application returned invalid status code: NO_RESPONSE
[2026-08-24T10:01:53.508Z] [WARNING] ⚠️ INITIATING AUTOMATED SELF-HEALING ACTION FOR: NEXTJS_DOWN
[2026-08-24T10:01:53.509Z] [SYSTEM] Targeting Next.js Web Server... Attempting PM2 recycling process...
[2026-08-24T10:02:02.773Z] [CRITICAL] ❌ Critical Fail: Self-healing operation failed to run: Command failed: npx pm2 restart suffat-erp
[2026-08-24T10:02:12.789Z] [INFO] 🏁 Antigravity E2E Sentinel engine has reached its 10-hour limit. Shutting down browser.
[2026-08-24T10:02:38.122Z] [INFO] 🚀 Launching Antigravity E2E Sentinel engine...
[2026-08-24T10:02:38.454Z] [INFO] 
================================================================================
[2026-08-24T10:02:38.455Z] [INFO] 🌟 STARTING CONTINUOUS DIAGNOSTIC CYCLE #1 (Run Time: 0 mins)
[2026-08-24T10:02:38.455Z] [INFO] ================================================================================
[2026-08-24T10:02:38.455Z] [INFO] Checking FastAPI Port 8000 state...
[2026-08-24T10:02:40.828Z] [CRITICAL] ❌ FastAPI backend unreachable on Port 8000!
[2026-08-24T10:02:40.828Z] [WARNING] ⚠️ INITIATING AUTOMATED SELF-HEALING ACTION FOR: FASTAPI_DOWN
[2026-08-24T10:02:40.829Z] [SYSTEM] Targeting FastAPI Core... Wiping stagnant uvicorn sockets & rebooting server...
[2026-08-24T10:02:41.236Z] [INFO] ✅ Self-healing protocols dispatched and verified successfully.
[2026-08-24T10:02:51.238Z] [INFO] 
================================================================================
[2026-08-24T10:02:51.239Z] [INFO] 🌟 STARTING CONTINUOUS DIAGNOSTIC CYCLE #2 (Run Time: 0 mins)
[2026-08-24T10:02:51.239Z] [INFO] ================================================================================
[2026-08-24T10:02:51.240Z] [INFO] Checking FastAPI Port 8000 state...
[2026-08-24T10:02:51.594Z] [INFO] 🟢 FastAPI Backend is online. Verification Latency: 354ms
[2026-08-24T10:02:51.594Z] [INFO] Checking Next.js Port 3001 login terminal...
[2026-08-24T10:03:01.606Z] [CRITICAL] ❌ Next.js unreachable: page.goto: Timeout 10000ms exceeded.
Call log:
[2m  - navigating to "http://localhost:3005/login", waiting until "domcontentloaded"[22m

[2026-08-24T10:03:01.607Z] [CRITICAL] ❌ Next.js application returned invalid status code: NO_RESPONSE
[2026-08-24T10:03:01.607Z] [WARNING] ⚠️ INITIATING AUTOMATED SELF-HEALING ACTION FOR: NEXTJS_DOWN
[2026-08-24T10:03:01.608Z] [SYSTEM] Targeting Next.js Web Server... Attempting PM2 recycling process...
[2026-08-24T10:03:08.495Z] [CRITICAL] ❌ Critical Fail: Self-healing operation failed to run: Command failed: npx pm2 restart suffat-erp
[2026-08-24T10:03:18.510Z] [INFO] 
================================================================================
[2026-08-24T10:03:18.510Z] [INFO] 🌟 STARTING CONTINUOUS DIAGNOSTIC CYCLE #3 (Run Time: 1 mins)
[2026-08-24T10:03:18.511Z] [INFO] ================================================================================
[2026-08-24T10:03:18.512Z] [INFO] Checking FastAPI Port 8000 state...
[2026-08-24T10:03:18.545Z] [INFO] 🟢 FastAPI Backend is online. Verification Latency: 33ms
[2026-08-24T10:03:18.545Z] [INFO] Checking Next.js Port 3001 login terminal...
[2026-08-24T10:03:28.557Z] [CRITICAL] ❌ Next.js unreachable: page.goto: Timeout 10000ms exceeded.
Call log:
[2m  - navigating to "http://localhost:3005/login", waiting until "domcontentloaded"[22m

[2026-08-24T10:03:28.557Z] [CRITICAL] ❌ Next.js application returned invalid status code: NO_RESPONSE
[2026-08-24T10:03:28.558Z] [WARNING] ⚠️ INITIATING AUTOMATED SELF-HEALING ACTION FOR: NEXTJS_DOWN
[2026-08-24T10:03:28.558Z] [SYSTEM] Targeting Next.js Web Server... Attempting PM2 recycling process...
[2026-08-24T10:03:35.631Z] [CRITICAL] ❌ Critical Fail: Self-healing operation failed to run: Command failed: npx pm2 restart suffat-erp
[2026-08-24T10:03:45.646Z] [INFO] 
================================================================================
[2026-08-24T10:03:45.646Z] [INFO] 🌟 STARTING CONTINUOUS DIAGNOSTIC CYCLE #4 (Run Time: 1 mins)
[2026-08-24T10:03:45.647Z] [INFO] ================================================================================
[2026-08-24T10:03:45.647Z] [INFO] Checking FastAPI Port 8000 state...
[2026-08-24T10:03:45.983Z] [INFO] 🟢 FastAPI Backend is online. Verification Latency: 336ms
[2026-08-24T10:03:45.983Z] [INFO] Checking Next.js Port 3001 login terminal...
[2026-08-24T10:03:55.989Z] [CRITICAL] ❌ Next.js unreachable: page.goto: Timeout 10000ms exceeded.
Call log:
[2m  - navigating to "http://localhost:3005/login", waiting until "domcontentloaded"[22m

[2026-08-24T10:03:55.989Z] [CRITICAL] ❌ Next.js application returned invalid status code: NO_RESPONSE
[2026-08-24T10:03:55.990Z] [WARNING] ⚠️ INITIATING AUTOMATED SELF-HEALING ACTION FOR: NEXTJS_DOWN
[2026-08-24T10:03:55.990Z] [SYSTEM] Targeting Next.js Web Server... Attempting PM2 recycling process...
[2026-08-24T10:04:02.207Z] [CRITICAL] ❌ Critical Fail: Self-healing operation failed to run: Command failed: npx pm2 restart suffat-erp
[2026-08-24T10:04:12.211Z] [INFO] 
================================================================================
[2026-08-24T10:04:12.212Z] [INFO] 🌟 STARTING CONTINUOUS DIAGNOSTIC CYCLE #5 (Run Time: 2 mins)
[2026-08-24T10:04:12.213Z] [INFO] ================================================================================
[2026-08-24T10:04:12.213Z] [INFO] Checking FastAPI Port 8000 state...
[2026-08-24T10:04:12.237Z] [INFO] 🟢 FastAPI Backend is online. Verification Latency: 24ms
[2026-08-24T10:04:12.238Z] [INFO] Checking Next.js Port 3001 login terminal...
[2026-08-24T10:04:12.350Z] [SUCCESS] ⚡ Performance SLA verified for [/login]: 112ms
[2026-08-24T10:04:12.350Z] [INFO] Injecting session claims and verifying middleware token generation...
[2026-08-24T10:04:15.737Z] [INFO] Handshake successfully committed in: 3091ms
[2026-08-24T10:04:15.738Z] [INFO] Navigating to the central command node: http://localhost:3005/app/suffat/main/erp
[2026-08-24T10:04:16.512Z] [INFO] Triggering action node: Other Staff Directory (Non-Faculty)
[2026-08-24T10:04:16.541Z] [WARNING] ⚠️ KPI Target Element [[data-kpi="other-staff"]] not present in current view. Skipping...
[2026-08-24T10:04:16.542Z] [INFO] Triggering action node: Academic Faculty Directory
[2026-08-24T10:04:16.545Z] [WARNING] ⚠️ KPI Target Element [[data-kpi="faculty"]] not present in current view. Skipping...
[2026-08-24T10:04:16.545Z] [INFO] Triggering action node: Active Centers Panel
[2026-08-24T10:04:16.549Z] [WARNING] ⚠️ KPI Target Element [[data-kpi="active-centers"]] not present in current view. Skipping...
[2026-08-24T10:04:16.549Z] [INFO] Evaluating Dexie.js offline DB initialization parameters...
[2026-08-24T10:04:16.560Z] [WARNING] ⚠️ Offline storage was not detected in local session context.
[2026-08-24T10:04:16.561Z] [INFO] ✅ Cycle #5 diagnostic check complete. Entering cooldown state...
[2026-08-24T10:04:46.572Z] [INFO] 
================================================================================
[2026-08-24T10:04:46.574Z] [INFO] 🌟 STARTING CONTINUOUS DIAGNOSTIC CYCLE #6 (Run Time: 2 mins)
[2026-08-24T10:04:46.575Z] [INFO] ================================================================================
[2026-08-24T10:04:46.575Z] [INFO] Checking FastAPI Port 8000 state...
[2026-08-24T10:04:46.911Z] [INFO] 🟢 FastAPI Backend is online. Verification Latency: 333ms
[2026-08-24T10:04:46.911Z] [INFO] Checking Next.js Port 3001 login terminal...
[2026-08-24T10:04:47.086Z] [SUCCESS] ⚡ Performance SLA verified for [/login]: 175ms
[2026-08-24T10:04:47.087Z] [INFO] Injecting session claims and verifying middleware token generation...
[2026-08-24T10:04:50.452Z] [INFO] Handshake successfully committed in: 3112ms
[2026-08-24T10:04:50.453Z] [INFO] Navigating to the central command node: http://localhost:3005/app/suffat/main/erp
[2026-08-24T10:04:51.228Z] [INFO] Triggering action node: Other Staff Directory (Non-Faculty)
[2026-08-24T10:04:51.259Z] [WARNING] ⚠️ KPI Target Element [[data-kpi="other-staff"]] not present in current view. Skipping...
[2026-08-24T10:04:51.259Z] [INFO] Triggering action node: Academic Faculty Directory
[2026-08-24T10:04:51.262Z] [WARNING] ⚠️ KPI Target Element [[data-kpi="faculty"]] not present in current view. Skipping...
[2026-08-24T10:04:51.262Z] [INFO] Triggering action node: Active Centers Panel
[2026-08-24T10:04:51.265Z] [WARNING] ⚠️ KPI Target Element [[data-kpi="active-centers"]] not present in current view. Skipping...
[2026-08-24T10:04:51.266Z] [INFO] Evaluating Dexie.js offline DB initialization parameters...
[2026-08-24T10:04:51.271Z] [WARNING] ⚠️ Offline storage was not detected in local session context.
[2026-08-24T10:04:51.271Z] [INFO] ✅ Cycle #6 diagnostic check complete. Entering cooldown state...
[2026-08-24T10:05:21.275Z] [INFO] 
================================================================================
[2026-08-24T10:05:21.276Z] [INFO] 🌟 STARTING CONTINUOUS DIAGNOSTIC CYCLE #7 (Run Time: 3 mins)
[2026-08-24T10:05:21.276Z] [INFO] ================================================================================
[2026-08-24T10:05:21.276Z] [INFO] Checking FastAPI Port 8000 state...
[2026-08-24T10:05:21.308Z] [INFO] 🟢 FastAPI Backend is online. Verification Latency: 31ms
[2026-08-24T10:05:21.309Z] [INFO] Checking Next.js Port 3001 login terminal...
[2026-08-24T10:05:21.416Z] [SUCCESS] ⚡ Performance SLA verified for [/login]: 107ms
[2026-08-24T10:05:21.417Z] [INFO] Injecting session claims and verifying middleware token generation...
[2026-08-24T10:05:24.801Z] [INFO] Handshake successfully committed in: 3092ms
[2026-08-24T10:05:24.801Z] [INFO] Navigating to the central command node: http://localhost:3005/app/suffat/main/erp
[2026-08-24T10:05:25.572Z] [INFO] Triggering action node: Other Staff Directory (Non-Faculty)
[2026-08-24T10:05:25.604Z] [WARNING] ⚠️ KPI Target Element [[data-kpi="other-staff"]] not present in current view. Skipping...
[2026-08-24T10:05:25.604Z] [INFO] Triggering action node: Academic Faculty Directory
[2026-08-24T10:05:25.608Z] [WARNING] ⚠️ KPI Target Element [[data-kpi="faculty"]] not present in current view. Skipping...
[2026-08-24T10:05:25.609Z] [INFO] Triggering action node: Active Centers Panel
[2026-08-24T10:05:25.612Z] [WARNING] ⚠️ KPI Target Element [[data-kpi="active-centers"]] not present in current view. Skipping...
[2026-08-24T10:05:25.612Z] [INFO] Evaluating Dexie.js offline DB initialization parameters...
[2026-08-24T10:05:25.619Z] [WARNING] ⚠️ Offline storage was not detected in local session context.
[2026-08-24T10:05:25.619Z] [INFO] ✅ Cycle #7 diagnostic check complete. Entering cooldown state...
[2026-08-24T10:05:55.632Z] [INFO] 
================================================================================
[2026-08-24T10:05:55.632Z] [INFO] 🌟 STARTING CONTINUOUS DIAGNOSTIC CYCLE #8 (Run Time: 3 mins)
[2026-08-24T10:05:55.632Z] [INFO] ================================================================================
[2026-08-24T10:05:55.633Z] [INFO] Checking FastAPI Port 8000 state...
[2026-08-24T10:05:55.960Z] [INFO] 🟢 FastAPI Backend is online. Verification Latency: 327ms
[2026-08-24T10:05:55.961Z] [INFO] Checking Next.js Port 3001 login terminal...
[2026-08-24T10:05:56.161Z] [SUCCESS] ⚡ Performance SLA verified for [/login]: 200ms
[2026-08-24T10:05:56.162Z] [INFO] Injecting session claims and verifying middleware token generation...
[2026-08-24T10:05:59.455Z] [INFO] Handshake successfully committed in: 3047ms
[2026-08-24T10:05:59.455Z] [INFO] Navigating to the central command node: http://localhost:3005/app/suffat/main/erp
[2026-08-24T10:06:00.244Z] [INFO] Triggering action node: Other Staff Directory (Non-Faculty)
[2026-08-24T10:06:00.273Z] [WARNING] ⚠️ KPI Target Element [[data-kpi="other-staff"]] not present in current view. Skipping...
[2026-08-24T10:06:00.273Z] [INFO] Triggering action node: Academic Faculty Directory
[2026-08-24T10:06:00.276Z] [WARNING] ⚠️ KPI Target Element [[data-kpi="faculty"]] not present in current view. Skipping...
[2026-08-24T10:06:00.276Z] [INFO] Triggering action node: Active Centers Panel
[2026-08-24T10:06:00.279Z] [WARNING] ⚠️ KPI Target Element [[data-kpi="active-centers"]] not present in current view. Skipping...
[2026-08-24T10:06:00.280Z] [INFO] Evaluating Dexie.js offline DB initialization parameters...
[2026-08-24T10:06:00.289Z] [WARNING] ⚠️ Offline storage was not detected in local session context.
[2026-08-24T10:06:00.290Z] [INFO] ✅ Cycle #8 diagnostic check complete. Entering cooldown state...
[2026-08-24T10:06:30.299Z] [INFO] 
================================================================================
[2026-08-24T10:06:30.301Z] [INFO] 🌟 STARTING CONTINUOUS DIAGNOSTIC CYCLE #9 (Run Time: 4 mins)
[2026-08-24T10:06:30.302Z] [INFO] ================================================================================
[2026-08-24T10:06:30.303Z] [INFO] Checking FastAPI Port 8000 state...
[2026-08-24T10:06:30.334Z] [INFO] 🟢 FastAPI Backend is online. Verification Latency: 31ms
[2026-08-24T10:06:30.334Z] [INFO] Checking Next.js Port 3001 login terminal...
[2026-08-24T10:06:30.450Z] [SUCCESS] ⚡ Performance SLA verified for [/login]: 115ms
[2026-08-24T10:06:30.451Z] [INFO] Injecting session claims and verifying middleware token generation...
[2026-08-24T10:06:33.778Z] [INFO] Handshake successfully committed in: 3028ms
[2026-08-24T10:06:33.779Z] [INFO] Navigating to the central command node: http://localhost:3005/app/suffat/main/erp
[2026-08-24T10:06:34.561Z] [INFO] Triggering action node: Other Staff Directory (Non-Faculty)
[2026-08-24T10:06:34.590Z] [WARNING] ⚠️ KPI Target Element [[data-kpi="other-staff"]] not present in current view. Skipping...
[2026-08-24T10:06:34.590Z] [INFO] Triggering action node: Academic Faculty Directory
[2026-08-24T10:06:34.594Z] [WARNING] ⚠️ KPI Target Element [[data-kpi="faculty"]] not present in current view. Skipping...
[2026-08-24T10:06:34.595Z] [INFO] Triggering action node: Active Centers Panel
[2026-08-24T10:06:34.599Z] [WARNING] ⚠️ KPI Target Element [[data-kpi="active-centers"]] not present in current view. Skipping...
[2026-08-24T10:06:34.599Z] [INFO] Evaluating Dexie.js offline DB initialization parameters...
[2026-08-24T10:06:34.603Z] [WARNING] ⚠️ Offline storage was not detected in local session context.
[2026-08-24T10:06:34.604Z] [INFO] ✅ Cycle #9 diagnostic check complete. Entering cooldown state...
[2026-08-24T10:07:04.607Z] [INFO] 
================================================================================
[2026-08-24T10:07:04.607Z] [INFO] 🌟 STARTING CONTINUOUS DIAGNOSTIC CYCLE #10 (Run Time: 4 mins)
[2026-08-24T10:07:04.607Z] [INFO] ================================================================================
[2026-08-24T10:07:04.608Z] [INFO] Checking FastAPI Port 8000 state...
[2026-08-24T10:07:04.936Z] [INFO] 🟢 FastAPI Backend is online. Verification Latency: 328ms
[2026-08-24T10:07:04.936Z] [INFO] Checking Next.js Port 3001 login terminal...
[2026-08-24T10:07:05.062Z] [SUCCESS] ⚡ Performance SLA verified for [/login]: 125ms
[2026-08-24T10:07:05.062Z] [INFO] Injecting session claims and verifying middleware token generation...
[2026-08-24T10:07:08.418Z] [INFO] Handshake successfully committed in: 3058ms
[2026-08-24T10:07:08.419Z] [INFO] Navigating to the central command node: http://localhost:3005/app/suffat/main/erp
[2026-08-24T10:07:09.190Z] [INFO] Triggering action node: Other Staff Directory (Non-Faculty)
[2026-08-24T10:07:09.221Z] [WARNING] ⚠️ KPI Target Element [[data-kpi="other-staff"]] not present in current view. Skipping...
[2026-08-24T10:07:09.221Z] [INFO] Triggering action node: Academic Faculty Directory
[2026-08-24T10:07:09.224Z] [WARNING] ⚠️ KPI Target Element [[data-kpi="faculty"]] not present in current view. Skipping...
[2026-08-24T10:07:09.224Z] [INFO] Triggering action node: Active Centers Panel
[2026-08-24T10:07:09.227Z] [WARNING] ⚠️ KPI Target Element [[data-kpi="active-centers"]] not present in current view. Skipping...
[2026-08-24T10:07:09.228Z] [INFO] Evaluating Dexie.js offline DB initialization parameters...
[2026-08-24T10:07:09.238Z] [WARNING] ⚠️ Offline storage was not detected in local session context.
[2026-08-24T10:07:09.239Z] [INFO] ✅ Cycle #10 diagnostic check complete. Entering cooldown state...
[2026-08-24T10:07:39.287Z] [INFO] 🏁 Antigravity E2E Sentinel engine has reached its 10-hour limit. Shutting down browser.
[2026-08-24T10:09:43.550Z] [INFO] 🚀 Launching Antigravity E2E Sentinel engine...
[2026-08-24T10:09:43.994Z] [INFO] 
================================================================================
[2026-08-24T10:09:43.995Z] [INFO] 🌟 STARTING CONTINUOUS DIAGNOSTIC CYCLE #1 (Run Time: 0 mins)
[2026-08-24T10:09:43.995Z] [INFO] ================================================================================
[2026-08-24T10:09:43.995Z] [INFO] Checking FastAPI Port 8000 state...
[2026-08-24T10:09:46.338Z] [CRITICAL] ❌ FastAPI backend unreachable on Port 8000!
[2026-08-24T10:09:46.339Z] [WARNING] ⚠️ INITIATING AUTOMATED SELF-HEALING ACTION FOR: FASTAPI_DOWN
[2026-08-24T10:09:46.340Z] [SYSTEM] Targeting FastAPI Core... Wiping stagnant uvicorn sockets & rebooting server...
[2026-08-24T10:09:46.830Z] [INFO] ✅ Self-healing protocols dispatched and verified successfully.
[2026-08-24T10:09:56.844Z] [INFO] 
================================================================================
[2026-08-24T10:09:56.845Z] [INFO] 🌟 STARTING CONTINUOUS DIAGNOSTIC CYCLE #2 (Run Time: 0 mins)
[2026-08-24T10:09:56.846Z] [INFO] ================================================================================
[2026-08-24T10:09:56.846Z] [INFO] Checking FastAPI Port 8000 state...
[2026-08-24T10:09:57.236Z] [INFO] 🟢 FastAPI Backend is online. Verification Latency: 390ms
[2026-08-24T10:09:57.237Z] [INFO] Checking Next.js Port 3001 login terminal...
[2026-08-24T10:09:58.119Z] [SUCCESS] ⚡ Performance SLA verified for [/login]: 882ms
[2026-08-24T10:09:58.120Z] [INFO] Injecting session claims and verifying middleware token generation...
[2026-08-24T10:10:01.998Z] [INFO] Handshake successfully committed in: 3198ms
[2026-08-24T10:10:01.999Z] [INFO] Navigating to the central command node: http://localhost:3005/app/suffat/main/erp
[2026-08-24T10:10:02.845Z] [INFO] Triggering action node: Other Staff Directory (Non-Faculty)
[2026-08-24T10:10:02.876Z] [WARNING] ⚠️ KPI Target Element [[data-kpi="other-staff"]] not present in current view. Skipping...
[2026-08-24T10:10:02.876Z] [INFO] Triggering action node: Academic Faculty Directory
[2026-08-24T10:10:02.880Z] [WARNING] ⚠️ KPI Target Element [[data-kpi="faculty"]] not present in current view. Skipping...
[2026-08-24T10:10:02.881Z] [INFO] Triggering action node: Active Centers Panel
[2026-08-24T10:10:02.885Z] [WARNING] ⚠️ KPI Target Element [[data-kpi="active-centers"]] not present in current view. Skipping...
[2026-08-24T10:10:02.886Z] [INFO] Evaluating Dexie.js offline DB initialization parameters...
[2026-08-24T10:10:02.892Z] [WARNING] ⚠️ Offline storage was not detected in local session context.
[2026-08-24T10:10:02.892Z] [INFO] ✅ Cycle #2 diagnostic check complete. Entering cooldown state...
[2026-08-24T10:10:32.907Z] [INFO] 
================================================================================
[2026-08-24T10:10:32.908Z] [INFO] 🌟 STARTING CONTINUOUS DIAGNOSTIC CYCLE #3 (Run Time: 1 mins)
[2026-08-24T10:10:32.908Z] [INFO] ================================================================================
[2026-08-24T10:10:32.908Z] [INFO] Checking FastAPI Port 8000 state...
[2026-08-24T10:10:32.931Z] [INFO] 🟢 FastAPI Backend is online. Verification Latency: 23ms
[2026-08-24T10:10:32.932Z] [INFO] Checking Next.js Port 3001 login terminal...
[2026-08-24T10:10:33.087Z] [SUCCESS] ⚡ Performance SLA verified for [/login]: 155ms
[2026-08-24T10:10:33.087Z] [INFO] Injecting session claims and verifying middleware token generation...
[2026-08-24T10:10:36.404Z] [INFO] Handshake successfully committed in: 3075ms
[2026-08-24T10:10:36.404Z] [INFO] Navigating to the central command node: http://localhost:3005/app/suffat/main/erp
[2026-08-24T10:10:37.175Z] [INFO] Triggering action node: Other Staff Directory (Non-Faculty)
[2026-08-24T10:10:37.204Z] [WARNING] ⚠️ KPI Target Element [[data-kpi="other-staff"]] not present in current view. Skipping...
[2026-08-24T10:10:37.205Z] [INFO] Triggering action node: Academic Faculty Directory
[2026-08-24T10:10:37.207Z] [WARNING] ⚠️ KPI Target Element [[data-kpi="faculty"]] not present in current view. Skipping...
[2026-08-24T10:10:37.208Z] [INFO] Triggering action node: Active Centers Panel
[2026-08-24T10:10:37.212Z] [WARNING] ⚠️ KPI Target Element [[data-kpi="active-centers"]] not present in current view. Skipping...
[2026-08-24T10:10:37.212Z] [INFO] Evaluating Dexie.js offline DB initialization parameters...
[2026-08-24T10:10:37.220Z] [WARNING] ⚠️ Offline storage was not detected in local session context.
[2026-08-24T10:10:37.221Z] [INFO] ✅ Cycle #3 diagnostic check complete. Entering cooldown state...
[2026-08-24T10:11:07.230Z] [INFO] 
================================================================================
[2026-08-24T10:11:07.231Z] [INFO] 🌟 STARTING CONTINUOUS DIAGNOSTIC CYCLE #4 (Run Time: 1 mins)
[2026-08-24T10:11:07.231Z] [INFO] ================================================================================
[2026-08-24T10:11:07.232Z] [INFO] Checking FastAPI Port 8000 state...
[2026-08-24T10:11:07.560Z] [INFO] 🟢 FastAPI Backend is online. Verification Latency: 328ms
[2026-08-24T10:11:07.561Z] [INFO] Checking Next.js Port 3001 login terminal...
[2026-08-24T10:11:07.704Z] [SUCCESS] ⚡ Performance SLA verified for [/login]: 143ms
[2026-08-24T10:11:07.705Z] [INFO] Injecting session claims and verifying middleware token generation...
[2026-08-24T10:11:11.039Z] [INFO] Handshake successfully committed in: 3073ms
[2026-08-24T10:11:11.040Z] [INFO] Navigating to the central command node: http://localhost:3005/app/suffat/main/erp
[2026-08-24T10:11:12.089Z] [INFO] Triggering action node: Other Staff Directory (Non-Faculty)
[2026-08-24T10:11:12.145Z] [WARNING] ⚠️ KPI Target Element [[data-kpi="other-staff"]] not present in current view. Skipping...
[2026-08-24T10:11:12.146Z] [INFO] Triggering action node: Academic Faculty Directory
[2026-08-24T10:11:12.150Z] [WARNING] ⚠️ KPI Target Element [[data-kpi="faculty"]] not present in current view. Skipping...
[2026-08-24T10:11:12.150Z] [INFO] Triggering action node: Active Centers Panel
[2026-08-24T10:11:12.159Z] [WARNING] ⚠️ KPI Target Element [[data-kpi="active-centers"]] not present in current view. Skipping...
[2026-08-24T10:11:12.160Z] [INFO] Evaluating Dexie.js offline DB initialization parameters...
[2026-08-24T10:11:12.165Z] [WARNING] ⚠️ Offline storage was not detected in local session context.
[2026-08-24T10:11:12.166Z] [INFO] ✅ Cycle #4 diagnostic check complete. Entering cooldown state...
[2026-08-24T10:11:42.168Z] [INFO] 
================================================================================
[2026-08-24T10:11:42.170Z] [INFO] 🌟 STARTING CONTINUOUS DIAGNOSTIC CYCLE #5 (Run Time: 2 mins)
[2026-08-24T10:11:42.170Z] [INFO] ================================================================================
[2026-08-24T10:11:42.171Z] [INFO] Checking FastAPI Port 8000 state...
[2026-08-24T10:11:42.223Z] [INFO] 🟢 FastAPI Backend is online. Verification Latency: 52ms
[2026-08-24T10:11:42.224Z] [INFO] Checking Next.js Port 3001 login terminal...
[2026-08-24T10:11:42.454Z] [SUCCESS] ⚡ Performance SLA verified for [/login]: 230ms
[2026-08-24T10:11:42.454Z] [INFO] Injecting session claims and verifying middleware token generation...
[2026-08-24T10:11:45.845Z] [INFO] Handshake successfully committed in: 3096ms
[2026-08-24T10:11:45.846Z] [INFO] Navigating to the central command node: http://localhost:3005/app/suffat/main/erp
[2026-08-24T10:11:46.738Z] [INFO] Triggering action node: Other Staff Directory (Non-Faculty)
[2026-08-24T10:11:46.882Z] [WARNING] ⚠️ KPI Target Element [[data-kpi="other-staff"]] not present in current view. Skipping...
[2026-08-24T10:11:46.883Z] [INFO] Triggering action node: Academic Faculty Directory
[2026-08-24T10:11:47.054Z] [WARNING] ⚠️ KPI Target Element [[data-kpi="faculty"]] not present in current view. Skipping...
[2026-08-24T10:11:47.055Z] [INFO] Triggering action node: Active Centers Panel
[2026-08-24T10:11:47.186Z] [WARNING] ⚠️ KPI Target Element [[data-kpi="active-centers"]] not present in current view. Skipping...
[2026-08-24T10:11:47.187Z] [INFO] Evaluating Dexie.js offline DB initialization parameters...
[2026-08-24T10:11:47.219Z] [WARNING] ⚠️ Offline storage was not detected in local session context.
[2026-08-24T10:11:47.220Z] [INFO] ✅ Cycle #5 diagnostic check complete. Entering cooldown state...
[2026-08-24T10:12:17.235Z] [INFO] 
================================================================================
[2026-08-24T10:12:17.235Z] [INFO] 🌟 STARTING CONTINUOUS DIAGNOSTIC CYCLE #6 (Run Time: 3 mins)
[2026-08-24T10:12:17.235Z] [INFO] ================================================================================
[2026-08-24T10:12:17.236Z] [INFO] Checking FastAPI Port 8000 state...
[2026-08-24T10:12:17.581Z] [INFO] 🟢 FastAPI Backend is online. Verification Latency: 345ms
[2026-08-24T10:12:17.582Z] [INFO] Checking Next.js Port 3001 login terminal...
[2026-08-24T10:12:18.015Z] [SUCCESS] ⚡ Performance SLA verified for [/login]: 433ms
[2026-08-24T10:12:18.015Z] [INFO] Injecting session claims and verifying middleware token generation...
[2026-08-24T10:12:21.512Z] [INFO] Handshake successfully committed in: 3129ms
[2026-08-24T10:12:21.513Z] [INFO] Navigating to the central command node: http://localhost:3005/app/suffat/main/erp
[2026-08-24T10:12:22.452Z] [INFO] Triggering action node: Other Staff Directory (Non-Faculty)
[2026-08-24T10:12:22.501Z] [WARNING] ⚠️ KPI Target Element [[data-kpi="other-staff"]] not present in current view. Skipping...
[2026-08-24T10:12:22.501Z] [INFO] Triggering action node: Academic Faculty Directory
[2026-08-24T10:12:22.505Z] [WARNING] ⚠️ KPI Target Element [[data-kpi="faculty"]] not present in current view. Skipping...
[2026-08-24T10:12:22.505Z] [INFO] Triggering action node: Active Centers Panel
[2026-08-24T10:12:22.513Z] [WARNING] ⚠️ KPI Target Element [[data-kpi="active-centers"]] not present in current view. Skipping...
[2026-08-24T10:12:22.513Z] [INFO] Evaluating Dexie.js offline DB initialization parameters...
[2026-08-24T10:12:22.527Z] [WARNING] ⚠️ Offline storage was not detected in local session context.
[2026-08-24T10:12:22.528Z] [INFO] ✅ Cycle #6 diagnostic check complete. Entering cooldown state...
[2026-08-24T10:12:52.531Z] [INFO] 
================================================================================
[2026-08-24T10:12:52.532Z] [INFO] 🌟 STARTING CONTINUOUS DIAGNOSTIC CYCLE #7 (Run Time: 3 mins)
[2026-08-24T10:12:52.538Z] [INFO] ================================================================================
[2026-08-24T10:12:52.538Z] [INFO] Checking FastAPI Port 8000 state...
[2026-08-24T10:12:52.576Z] [INFO] 🟢 FastAPI Backend is online. Verification Latency: 38ms
[2026-08-24T10:12:52.576Z] [INFO] Checking Next.js Port 3001 login terminal...
[2026-08-24T10:12:52.807Z] [SUCCESS] ⚡ Performance SLA verified for [/login]: 231ms
[2026-08-24T10:12:52.807Z] [INFO] Injecting session claims and verifying middleware token generation...
[2026-08-24T10:12:55.887Z] [INFO] Handshake successfully committed in: 2565ms
[2026-08-24T10:12:55.888Z] [INFO] Navigating to the central command node: http://localhost:3005/app/suffat/main/erp
[2026-08-24T10:12:56.897Z] [INFO] Triggering action node: Other Staff Directory (Non-Faculty)
[2026-08-24T10:12:56.953Z] [WARNING] ⚠️ KPI Target Element [[data-kpi="other-staff"]] not present in current view. Skipping...
[2026-08-24T10:12:56.954Z] [INFO] Triggering action node: Academic Faculty Directory
[2026-08-24T10:12:56.963Z] [WARNING] ⚠️ KPI Target Element [[data-kpi="faculty"]] not present in current view. Skipping...
[2026-08-24T10:12:56.963Z] [INFO] Triggering action node: Active Centers Panel
[2026-08-24T10:12:56.969Z] [WARNING] ⚠️ KPI Target Element [[data-kpi="active-centers"]] not present in current view. Skipping...
[2026-08-24T10:12:56.970Z] [INFO] Evaluating Dexie.js offline DB initialization parameters...
[2026-08-24T10:12:56.985Z] [WARNING] ⚠️ Offline storage was not detected in local session context.
[2026-08-24T10:12:56.985Z] [INFO] ✅ Cycle #7 diagnostic check complete. Entering cooldown state...
[2026-08-24T10:13:26.986Z] [INFO] 
================================================================================
[2026-08-24T10:13:26.992Z] [INFO] 🌟 STARTING CONTINUOUS DIAGNOSTIC CYCLE #8 (Run Time: 4 mins)
[2026-08-24T10:13:26.992Z] [INFO] ================================================================================
[2026-08-24T10:13:26.993Z] [INFO] Checking FastAPI Port 8000 state...
[2026-08-24T10:13:27.362Z] [INFO] 🟢 FastAPI Backend is online. Verification Latency: 369ms
[2026-08-24T10:13:27.362Z] [INFO] Checking Next.js Port 3001 login terminal...
[2026-08-24T10:13:27.561Z] [SUCCESS] ⚡ Performance SLA verified for [/login]: 198ms
[2026-08-24T10:13:27.561Z] [INFO] Injecting session claims and verifying middleware token generation...
[2026-08-24T10:13:31.016Z] [INFO] Handshake successfully committed in: 3071ms
[2026-08-24T10:13:31.016Z] [INFO] Navigating to the central command node: http://localhost:3005/app/suffat/main/erp
[2026-08-24T10:13:31.949Z] [INFO] Triggering action node: Other Staff Directory (Non-Faculty)
[2026-08-24T10:13:31.991Z] [WARNING] ⚠️ KPI Target Element [[data-kpi="other-staff"]] not present in current view. Skipping...
[2026-08-24T10:13:31.992Z] [INFO] Triggering action node: Academic Faculty Directory
[2026-08-24T10:13:32.002Z] [WARNING] ⚠️ KPI Target Element [[data-kpi="faculty"]] not present in current view. Skipping...
[2026-08-24T10:13:32.003Z] [INFO] Triggering action node: Active Centers Panel
[2026-08-24T10:13:32.006Z] [WARNING] ⚠️ KPI Target Element [[data-kpi="active-centers"]] not present in current view. Skipping...
[2026-08-24T10:13:32.007Z] [INFO] Evaluating Dexie.js offline DB initialization parameters...
[2026-08-24T10:13:32.025Z] [WARNING] ⚠️ Offline storage was not detected in local session context.
[2026-08-24T10:13:32.026Z] [INFO] ✅ Cycle #8 diagnostic check complete. Entering cooldown state...
[2026-08-24T10:14:02.031Z] [INFO] 
================================================================================
[2026-08-24T10:14:02.032Z] [INFO] 🌟 STARTING CONTINUOUS DIAGNOSTIC CYCLE #9 (Run Time: 4 mins)
[2026-08-24T10:14:02.032Z] [INFO] ================================================================================
[2026-08-24T10:14:02.033Z] [INFO] Checking FastAPI Port 8000 state...
[2026-08-24T10:14:02.064Z] [INFO] 🟢 FastAPI Backend is online. Verification Latency: 31ms
[2026-08-24T10:14:02.065Z] [INFO] Checking Next.js Port 3001 login terminal...
[2026-08-24T10:14:02.336Z] [SUCCESS] ⚡ Performance SLA verified for [/login]: 271ms
[2026-08-24T10:14:02.336Z] [INFO] Injecting session claims and verifying middleware token generation...
[2026-08-24T10:14:05.961Z] [INFO] Handshake successfully committed in: 3108ms
[2026-08-24T10:14:05.961Z] [INFO] Navigating to the central command node: http://localhost:3005/app/suffat/main/erp
[2026-08-24T10:14:07.279Z] [INFO] Triggering action node: Other Staff Directory (Non-Faculty)
[2026-08-24T10:14:07.351Z] [WARNING] ⚠️ KPI Target Element [[data-kpi="other-staff"]] not present in current view. Skipping...
[2026-08-24T10:14:07.352Z] [INFO] Triggering action node: Academic Faculty Directory
[2026-08-24T10:14:07.366Z] [WARNING] ⚠️ KPI Target Element [[data-kpi="faculty"]] not present in current view. Skipping...
[2026-08-24T10:14:07.366Z] [INFO] Triggering action node: Active Centers Panel
[2026-08-24T10:14:07.375Z] [WARNING] ⚠️ KPI Target Element [[data-kpi="active-centers"]] not present in current view. Skipping...
[2026-08-24T10:14:07.376Z] [INFO] Evaluating Dexie.js offline DB initialization parameters...
[2026-08-24T10:14:07.409Z] [WARNING] ⚠️ Offline storage was not detected in local session context.
[2026-08-24T10:14:07.409Z] [INFO] ✅ Cycle #9 diagnostic check complete. Entering cooldown state...
[2026-08-24T10:14:37.425Z] [INFO] 
================================================================================
[2026-08-24T10:14:37.426Z] [INFO] 🌟 STARTING CONTINUOUS DIAGNOSTIC CYCLE #10 (Run Time: 5 mins)
[2026-08-24T10:14:37.427Z] [INFO] ================================================================================
[2026-08-24T10:14:37.427Z] [INFO] Checking FastAPI Port 8000 state...
[2026-08-24T10:14:37.803Z] [INFO] 🟢 FastAPI Backend is online. Verification Latency: 376ms
[2026-08-24T10:14:37.803Z] [INFO] Checking Next.js Port 3001 login terminal...
[2026-08-24T10:14:38.389Z] [SUCCESS] ⚡ Performance SLA verified for [/login]: 586ms
[2026-08-24T10:14:38.389Z] [INFO] Injecting session claims and verifying middleware token generation...
[2026-08-24T10:14:41.866Z] [INFO] Handshake successfully committed in: 3195ms
[2026-08-24T10:14:41.866Z] [INFO] Navigating to the central command node: http://localhost:3005/app/suffat/main/erp
[2026-08-24T10:14:42.698Z] [INFO] Triggering action node: Other Staff Directory (Non-Faculty)
[2026-08-24T10:14:42.753Z] [WARNING] ⚠️ KPI Target Element [[data-kpi="other-staff"]] not present in current view. Skipping...
[2026-08-24T10:14:42.753Z] [INFO] Triggering action node: Academic Faculty Directory
[2026-08-24T10:14:42.768Z] [WARNING] ⚠️ KPI Target Element [[data-kpi="faculty"]] not present in current view. Skipping...
[2026-08-24T10:14:42.769Z] [INFO] Triggering action node: Active Centers Panel
[2026-08-24T10:14:42.774Z] [WARNING] ⚠️ KPI Target Element [[data-kpi="active-centers"]] not present in current view. Skipping...
[2026-08-24T10:14:42.774Z] [INFO] Evaluating Dexie.js offline DB initialization parameters...
[2026-08-24T10:14:42.807Z] [WARNING] ⚠️ Offline storage was not detected in local session context.
[2026-08-24T10:14:42.807Z] [INFO] ✅ Cycle #10 diagnostic check complete. Entering cooldown state...
[2026-08-24T15:25:41.440Z] [INFO] 🚀 Launching Antigravity E2E Sentinel engine...
[2026-08-24T15:25:42.034Z] [INFO] 
================================================================================
[2026-08-24T15:25:42.034Z] [INFO] 🌟 STARTING CONTINUOUS DIAGNOSTIC CYCLE #1 (Run Time: 0 mins)
[2026-08-24T15:25:42.035Z] [INFO] ================================================================================
[2026-08-24T15:25:42.035Z] [INFO] Checking FastAPI Port 8000 state...
[2026-08-24T15:25:42.193Z] [INFO] 🟢 FastAPI Backend is online. Verification Latency: 157ms
[2026-08-24T15:25:42.193Z] [INFO] Checking Next.js Port 3001 login terminal...
[2026-08-24T15:25:45.275Z] [WARNING] 🐢 SLA Violation Detected! Path [/login] took 3080ms to respond.
[2026-08-24T15:25:45.275Z] [INFO] Injecting session claims and verifying middleware token generation...
[2026-08-24T15:25:48.115Z] [INFO] Handshake successfully committed in: 2424ms
[2026-08-24T15:25:48.116Z] [INFO] Navigating to the central command node: http://localhost:5000/app/suffat/main/erp
[2026-08-24T15:25:49.095Z] [INFO] Triggering action node: Other Staff Directory (Non-Faculty)
[2026-08-24T15:25:49.138Z] [WARNING] ⚠️ KPI Target Element [[data-kpi="other-staff"]] not present in current view. Skipping...
[2026-08-24T15:25:49.139Z] [INFO] Triggering action node: Academic Faculty Directory
[2026-08-24T15:25:49.154Z] [WARNING] ⚠️ KPI Target Element [[data-kpi="faculty"]] not present in current view. Skipping...
[2026-08-24T15:25:49.154Z] [INFO] Triggering action node: Active Centers Panel
[2026-08-24T15:25:49.186Z] [WARNING] ⚠️ KPI Target Element [[data-kpi="active-centers"]] not present in current view. Skipping...
[2026-08-24T15:25:49.186Z] [INFO] Evaluating Dexie.js offline DB initialization parameters...
[2026-08-24T15:25:49.252Z] [WARNING] ⚠️ Offline storage was not detected in local session context.
[2026-08-24T15:25:49.253Z] [INFO] ✅ Cycle #1 diagnostic check complete. Entering cooldown state...
[2026-08-24T15:26:19.266Z] [INFO] 
================================================================================
[2026-08-24T15:26:19.267Z] [INFO] 🌟 STARTING CONTINUOUS DIAGNOSTIC CYCLE #2 (Run Time: 1 mins)
[2026-08-24T15:26:19.267Z] [INFO] ================================================================================
[2026-08-24T15:26:19.267Z] [INFO] Checking FastAPI Port 8000 state...
[2026-08-24T15:26:19.301Z] [INFO] 🟢 FastAPI Backend is online. Verification Latency: 33ms
[2026-08-24T15:26:19.302Z] [INFO] Checking Next.js Port 3001 login terminal...
[2026-08-24T15:26:19.515Z] [SUCCESS] ⚡ Performance SLA verified for [/login]: 213ms
[2026-08-24T15:26:19.515Z] [INFO] Injecting session claims and verifying middleware token generation...
[2026-08-24T15:26:22.870Z] [INFO] Handshake successfully committed in: 3041ms
[2026-08-24T15:26:22.870Z] [INFO] Navigating to the central command node: http://localhost:5000/app/suffat/main/erp
[2026-08-24T15:26:23.820Z] [INFO] Triggering action node: Other Staff Directory (Non-Faculty)
[2026-08-24T15:26:23.864Z] [WARNING] ⚠️ KPI Target Element [[data-kpi="other-staff"]] not present in current view. Skipping...
[2026-08-24T15:26:23.864Z] [INFO] Triggering action node: Academic Faculty Directory
[2026-08-24T15:26:23.872Z] [WARNING] ⚠️ KPI Target Element [[data-kpi="faculty"]] not present in current view. Skipping...
[2026-08-24T15:26:23.873Z] [INFO] Triggering action node: Active Centers Panel
[2026-08-24T15:26:23.876Z] [WARNING] ⚠️ KPI Target Element [[data-kpi="active-centers"]] not present in current view. Skipping...
[2026-08-24T15:26:23.876Z] [INFO] Evaluating Dexie.js offline DB initialization parameters...
[2026-08-24T15:26:23.898Z] [WARNING] ⚠️ Offline storage was not detected in local session context.
[2026-08-24T15:26:23.899Z] [INFO] ✅ Cycle #2 diagnostic check complete. Entering cooldown state...
[2026-08-24T15:26:53.912Z] [INFO] 
================================================================================
[2026-08-24T15:26:53.912Z] [INFO] 🌟 STARTING CONTINUOUS DIAGNOSTIC CYCLE #3 (Run Time: 1 mins)
[2026-08-24T15:26:53.913Z] [INFO] ================================================================================
[2026-08-24T15:26:53.913Z] [INFO] Checking FastAPI Port 8000 state...
[2026-08-24T15:26:53.960Z] [INFO] 🟢 FastAPI Backend is online. Verification Latency: 47ms
[2026-08-24T15:26:53.961Z] [INFO] Checking Next.js Port 3001 login terminal...
[2026-08-24T15:26:54.108Z] [SUCCESS] ⚡ Performance SLA verified for [/login]: 147ms
[2026-08-24T15:26:54.108Z] [INFO] Injecting session claims and verifying middleware token generation...
[2026-08-24T15:26:57.456Z] [INFO] Handshake successfully committed in: 2605ms
[2026-08-24T15:26:57.457Z] [INFO] Navigating to the central command node: http://localhost:5000/app/suffat/main/erp
[2026-08-24T15:27:02.174Z] [INFO] Triggering action node: Other Staff Directory (Non-Faculty)
[2026-08-24T15:27:02.226Z] [WARNING] ⚠️ KPI Target Element [[data-kpi="other-staff"]] not present in current view. Skipping...
[2026-08-24T15:27:02.227Z] [INFO] Triggering action node: Academic Faculty Directory
[2026-08-24T15:27:02.230Z] [WARNING] ⚠️ KPI Target Element [[data-kpi="faculty"]] not present in current view. Skipping...
[2026-08-24T15:27:02.231Z] [INFO] Triggering action node: Active Centers Panel
[2026-08-24T15:27:02.251Z] [WARNING] ⚠️ KPI Target Element [[data-kpi="active-centers"]] not present in current view. Skipping...
[2026-08-24T15:27:02.251Z] [INFO] Evaluating Dexie.js offline DB initialization parameters...
[2026-08-24T15:27:02.267Z] [WARNING] ⚠️ Offline storage was not detected in local session context.
[2026-08-24T15:27:02.267Z] [INFO] ✅ Cycle #3 diagnostic check complete. Entering cooldown state...
[2026-08-24T15:27:32.283Z] [INFO] 
================================================================================
[2026-08-24T15:27:32.284Z] [INFO] 🌟 STARTING CONTINUOUS DIAGNOSTIC CYCLE #4 (Run Time: 2 mins)
[2026-08-24T15:27:32.284Z] [INFO] ================================================================================
[2026-08-24T15:27:32.285Z] [INFO] Checking FastAPI Port 8000 state...
[2026-08-24T15:27:32.308Z] [INFO] 🟢 FastAPI Backend is online. Verification Latency: 23ms
[2026-08-24T15:27:32.309Z] [INFO] Checking Next.js Port 3001 login terminal...
[2026-08-24T15:27:32.986Z] [SUCCESS] ⚡ Performance SLA verified for [/login]: 677ms
[2026-08-24T15:27:32.987Z] [INFO] Injecting session claims and verifying middleware token generation...
[2026-08-24T15:28:02.998Z] [CRITICAL] ❌ Critical cycle intercept caught: page.fill: Timeout 30000ms exceeded.
Call log:
[2m  - waiting for locator('input[type="text"], input[type="email"]')[22m

[2026-08-24T15:28:18.000Z] [INFO] 
================================================================================
[2026-08-24T15:28:18.001Z] [INFO] 🌟 STARTING CONTINUOUS DIAGNOSTIC CYCLE #5 (Run Time: 3 mins)
[2026-08-24T15:28:18.001Z] [INFO] ================================================================================
[2026-08-24T15:28:18.001Z] [INFO] Checking FastAPI Port 8000 state...
[2026-08-24T15:28:18.021Z] [INFO] 🟢 FastAPI Backend is online. Verification Latency: 20ms
[2026-08-24T15:28:18.022Z] [INFO] Checking Next.js Port 3001 login terminal...
[2026-08-24T15:28:18.269Z] [SUCCESS] ⚡ Performance SLA verified for [/login]: 247ms
[2026-08-24T15:28:18.270Z] [INFO] Injecting session claims and verifying middleware token generation...
[2026-08-24T15:28:48.284Z] [CRITICAL] ❌ Critical cycle intercept caught: page.fill: Timeout 30000ms exceeded.
Call log:
[2m  - waiting for locator('input[type="text"], input[type="email"]')[22m

[2026-08-24T15:29:03.298Z] [INFO] 
================================================================================
[2026-08-24T15:29:03.298Z] [INFO] 🌟 STARTING CONTINUOUS DIAGNOSTIC CYCLE #6 (Run Time: 3 mins)
[2026-08-24T15:29:03.299Z] [INFO] ================================================================================
[2026-08-24T15:29:03.299Z] [INFO] Checking FastAPI Port 8000 state...
[2026-08-24T15:29:03.324Z] [INFO] 🟢 FastAPI Backend is online. Verification Latency: 25ms
[2026-08-24T15:29:03.324Z] [INFO] Checking Next.js Port 3001 login terminal...
[2026-08-24T15:29:03.564Z] [SUCCESS] ⚡ Performance SLA verified for [/login]: 239ms
[2026-08-24T15:29:03.565Z] [INFO] Injecting session claims and verifying middleware token generation...
[2026-08-24T15:29:33.566Z] [CRITICAL] ❌ Critical cycle intercept caught: page.fill: Timeout 30000ms exceeded.
Call log:
[2m  - waiting for locator('input[type="text"], input[type="email"]')[22m

[2026-08-24T15:29:48.570Z] [INFO] 
================================================================================
[2026-08-24T15:29:48.570Z] [INFO] 🌟 STARTING CONTINUOUS DIAGNOSTIC CYCLE #7 (Run Time: 4 mins)
[2026-08-24T15:29:48.570Z] [INFO] ================================================================================
[2026-08-24T15:29:48.571Z] [INFO] Checking FastAPI Port 8000 state...
[2026-08-24T15:29:48.595Z] [INFO] 🟢 FastAPI Backend is online. Verification Latency: 24ms
[2026-08-24T15:29:48.595Z] [INFO] Checking Next.js Port 3001 login terminal...
[2026-08-24T15:29:48.913Z] [SUCCESS] ⚡ Performance SLA verified for [/login]: 318ms
[2026-08-24T15:29:48.914Z] [INFO] Injecting session claims and verifying middleware token generation...
[2026-08-24T15:30:18.925Z] [CRITICAL] ❌ Critical cycle intercept caught: page.fill: Timeout 30000ms exceeded.
Call log:
[2m  - waiting for locator('input[type="text"], input[type="email"]')[22m

[2026-08-24T15:30:33.927Z] [INFO] 
================================================================================
[2026-08-24T15:30:33.928Z] [INFO] 🌟 STARTING CONTINUOUS DIAGNOSTIC CYCLE #8 (Run Time: 5 mins)
[2026-08-24T15:30:33.928Z] [INFO] ================================================================================
[2026-08-24T15:30:33.930Z] [INFO] Checking FastAPI Port 8000 state...
[2026-08-24T15:30:33.975Z] [INFO] 🟢 FastAPI Backend is online. Verification Latency: 45ms
[2026-08-24T15:30:33.975Z] [INFO] Checking Next.js Port 3001 login terminal...
[2026-08-24T15:30:34.308Z] [SUCCESS] ⚡ Performance SLA verified for [/login]: 333ms
[2026-08-24T15:30:34.309Z] [INFO] Injecting session claims and verifying middleware token generation...
[2026-08-24T15:31:04.325Z] [CRITICAL] ❌ Critical cycle intercept caught: page.fill: Timeout 30000ms exceeded.
Call log:
[2m  - waiting for locator('input[type="text"], input[type="email"]')[22m

[2026-08-24T15:31:19.330Z] [INFO] 
================================================================================
[2026-08-24T15:31:19.330Z] [INFO] 🌟 STARTING CONTINUOUS DIAGNOSTIC CYCLE #9 (Run Time: 6 mins)
[2026-08-24T15:31:19.331Z] [INFO] ================================================================================
[2026-08-24T15:31:19.331Z] [INFO] Checking FastAPI Port 8000 state...
[2026-08-24T15:31:19.372Z] [INFO] 🟢 FastAPI Backend is online. Verification Latency: 41ms
[2026-08-24T15:31:19.373Z] [INFO] Checking Next.js Port 3001 login terminal...
[2026-08-24T15:31:19.699Z] [SUCCESS] ⚡ Performance SLA verified for [/login]: 326ms
[2026-08-24T15:31:19.699Z] [INFO] Injecting session claims and verifying middleware token generation...
[2026-08-24T15:31:49.703Z] [CRITICAL] ❌ Critical cycle intercept caught: page.fill: Timeout 30000ms exceeded.
Call log:
[2m  - waiting for locator('input[type="text"], input[type="email"]')[22m

[2026-08-24T15:32:04.712Z] [INFO] 
================================================================================
[2026-08-24T15:32:04.713Z] [INFO] 🌟 STARTING CONTINUOUS DIAGNOSTIC CYCLE #10 (Run Time: 6 mins)
[2026-08-24T15:32:04.713Z] [INFO] ================================================================================
[2026-08-24T15:32:04.713Z] [INFO] Checking FastAPI Port 8000 state...
[2026-08-24T15:32:04.732Z] [INFO] 🟢 FastAPI Backend is online. Verification Latency: 19ms
[2026-08-24T15:32:04.732Z] [INFO] Checking Next.js Port 3001 login terminal...
[2026-08-24T15:32:04.986Z] [SUCCESS] ⚡ Performance SLA verified for [/login]: 253ms
[2026-08-24T15:32:04.986Z] [INFO] Injecting session claims and verifying middleware token generation...
[2026-08-24T15:32:35.002Z] [CRITICAL] ❌ Critical cycle intercept caught: page.fill: Timeout 30000ms exceeded.
Call log:
[2m  - waiting for locator('input[type="text"], input[type="email"]')[22m

[2026-08-24T15:32:50.009Z] [INFO] 
================================================================================
[2026-08-24T15:32:50.010Z] [INFO] 🌟 STARTING CONTINUOUS DIAGNOSTIC CYCLE #11 (Run Time: 7 mins)
[2026-08-24T15:32:50.010Z] [INFO] ================================================================================
[2026-08-24T15:32:50.010Z] [INFO] Checking FastAPI Port 8000 state...
[2026-08-24T15:32:50.036Z] [INFO] 🟢 FastAPI Backend is online. Verification Latency: 25ms
[2026-08-24T15:32:50.036Z] [INFO] Checking Next.js Port 3001 login terminal...
[2026-08-24T15:32:50.259Z] [SUCCESS] ⚡ Performance SLA verified for [/login]: 223ms
[2026-08-24T15:32:50.260Z] [INFO] Injecting session claims and verifying middleware token generation...
[2026-08-24T15:33:20.267Z] [CRITICAL] ❌ Critical cycle intercept caught: page.fill: Timeout 30000ms exceeded.
Call log:
[2m  - waiting for locator('input[type="text"], input[type="email"]')[22m

[2026-08-24T15:33:35.279Z] [INFO] 
================================================================================
[2026-08-24T15:33:35.280Z] [INFO] 🌟 STARTING CONTINUOUS DIAGNOSTIC CYCLE #12 (Run Time: 8 mins)
[2026-08-24T15:33:35.280Z] [INFO] ================================================================================
[2026-08-24T15:33:35.280Z] [INFO] Checking FastAPI Port 8000 state...
[2026-08-24T15:33:35.303Z] [INFO] 🟢 FastAPI Backend is online. Verification Latency: 23ms
[2026-08-24T15:33:35.304Z] [INFO] Checking Next.js Port 3001 login terminal...
[2026-08-24T15:33:35.752Z] [SUCCESS] ⚡ Performance SLA verified for [/login]: 448ms
[2026-08-24T15:33:35.752Z] [INFO] Injecting session claims and verifying middleware token generation...
[2026-08-24T15:34:05.760Z] [CRITICAL] ❌ Critical cycle intercept caught: page.fill: Timeout 30000ms exceeded.
Call log:
[2m  - waiting for locator('input[type="text"], input[type="email"]')[22m

[2026-08-24T15:34:20.775Z] [INFO] 
================================================================================
[2026-08-24T15:34:20.776Z] [INFO] 🌟 STARTING CONTINUOUS DIAGNOSTIC CYCLE #13 (Run Time: 9 mins)
[2026-08-24T15:34:20.776Z] [INFO] ================================================================================
[2026-08-24T15:34:20.776Z] [INFO] Checking FastAPI Port 8000 state...
[2026-08-24T15:34:20.804Z] [INFO] 🟢 FastAPI Backend is online. Verification Latency: 28ms
[2026-08-24T15:34:20.805Z] [INFO] Checking Next.js Port 3001 login terminal...
[2026-08-24T15:34:21.059Z] [SUCCESS] ⚡ Performance SLA verified for [/login]: 254ms
[2026-08-24T15:34:21.059Z] [INFO] Injecting session claims and verifying middleware token generation...
[2026-08-24T15:34:51.064Z] [CRITICAL] ❌ Critical cycle intercept caught: page.fill: Timeout 30000ms exceeded.
Call log:
[2m  - waiting for locator('input[type="text"], input[type="email"]')[22m

[2026-08-24T15:35:06.078Z] [INFO] 
================================================================================
[2026-08-24T15:35:06.078Z] [INFO] 🌟 STARTING CONTINUOUS DIAGNOSTIC CYCLE #14 (Run Time: 9 mins)
[2026-08-24T15:35:06.078Z] [INFO] ================================================================================
[2026-08-24T15:35:06.079Z] [INFO] Checking FastAPI Port 8000 state...
[2026-08-24T15:35:06.107Z] [INFO] 🟢 FastAPI Backend is online. Verification Latency: 28ms
[2026-08-24T15:35:06.108Z] [INFO] Checking Next.js Port 3001 login terminal...
[2026-08-24T15:35:06.344Z] [SUCCESS] ⚡ Performance SLA verified for [/login]: 235ms
[2026-08-24T15:35:06.344Z] [INFO] Injecting session claims and verifying middleware token generation...
[2026-08-24T15:35:36.357Z] [CRITICAL] ❌ Critical cycle intercept caught: page.fill: Timeout 30000ms exceeded.
Call log:
[2m  - waiting for locator('input[type="text"], input[type="email"]')[22m

[2026-08-24T15:35:51.369Z] [INFO] 
================================================================================
[2026-08-24T15:35:51.369Z] [INFO] 🌟 STARTING CONTINUOUS DIAGNOSTIC CYCLE #15 (Run Time: 10 mins)
[2026-08-24T15:35:51.370Z] [INFO] ================================================================================
[2026-08-24T15:35:51.370Z] [INFO] Checking FastAPI Port 8000 state...
[2026-08-24T15:35:51.392Z] [INFO] 🟢 FastAPI Backend is online. Verification Latency: 22ms
[2026-08-24T15:35:51.392Z] [INFO] Checking Next.js Port 3001 login terminal...
[2026-08-24T15:35:51.586Z] [SUCCESS] ⚡ Performance SLA verified for [/login]: 194ms
[2026-08-24T15:35:51.586Z] [INFO] Injecting session claims and verifying middleware token generation...
[2026-08-24T15:36:21.600Z] [CRITICAL] ❌ Critical cycle intercept caught: page.fill: Timeout 30000ms exceeded.
Call log:
[2m  - waiting for locator('input[type="text"], input[type="email"]')[22m

[2026-08-24T15:36:36.614Z] [INFO] 
================================================================================
[2026-08-24T15:36:36.614Z] [INFO] 🌟 STARTING CONTINUOUS DIAGNOSTIC CYCLE #16 (Run Time: 11 mins)
[2026-08-24T15:36:36.614Z] [INFO] ================================================================================
[2026-08-24T15:36:36.615Z] [INFO] Checking FastAPI Port 8000 state...
[2026-08-24T15:36:36.633Z] [INFO] 🟢 FastAPI Backend is online. Verification Latency: 18ms
[2026-08-24T15:36:36.633Z] [INFO] Checking Next.js Port 3001 login terminal...
[2026-08-24T15:36:36.840Z] [SUCCESS] ⚡ Performance SLA verified for [/login]: 207ms
[2026-08-24T15:36:36.840Z] [INFO] Injecting session claims and verifying middleware token generation...
[2026-08-24T15:37:06.844Z] [CRITICAL] ❌ Critical cycle intercept caught: page.fill: Timeout 30000ms exceeded.
Call log:
[2m  - waiting for locator('input[type="text"], input[type="email"]')[22m

[2026-08-24T15:37:21.846Z] [INFO] 
================================================================================
[2026-08-24T15:37:21.847Z] [INFO] 🌟 STARTING CONTINUOUS DIAGNOSTIC CYCLE #17 (Run Time: 12 mins)
[2026-08-24T15:37:21.847Z] [INFO] ================================================================================
[2026-08-24T15:37:21.847Z] [INFO] Checking FastAPI Port 8000 state...
[2026-08-24T15:37:21.868Z] [INFO] 🟢 FastAPI Backend is online. Verification Latency: 20ms
[2026-08-24T15:37:21.869Z] [INFO] Checking Next.js Port 3001 login terminal...
[2026-08-24T15:37:22.187Z] [SUCCESS] ⚡ Performance SLA verified for [/login]: 318ms
[2026-08-24T15:37:22.187Z] [INFO] Injecting session claims and verifying middleware token generation...
[2026-08-24T15:37:52.200Z] [CRITICAL] ❌ Critical cycle intercept caught: page.fill: Timeout 30000ms exceeded.
Call log:
[2m  - waiting for locator('input[type="text"], input[type="email"]')[22m

[2026-08-24T15:38:07.200Z] [INFO] 
================================================================================
[2026-08-24T15:38:07.201Z] [INFO] 🌟 STARTING CONTINUOUS DIAGNOSTIC CYCLE #18 (Run Time: 12 mins)
[2026-08-24T15:38:07.201Z] [INFO] ================================================================================
[2026-08-24T15:38:07.202Z] [INFO] Checking FastAPI Port 8000 state...
[2026-08-24T15:38:07.223Z] [INFO] 🟢 FastAPI Backend is online. Verification Latency: 21ms
[2026-08-24T15:38:07.223Z] [INFO] Checking Next.js Port 3001 login terminal...
[2026-08-24T15:38:07.441Z] [SUCCESS] ⚡ Performance SLA verified for [/login]: 217ms
[2026-08-24T15:38:07.441Z] [INFO] Injecting session claims and verifying middleware token generation...
[2026-08-24T15:38:37.447Z] [CRITICAL] ❌ Critical cycle intercept caught: page.fill: Timeout 30000ms exceeded.
Call log:
[2m  - waiting for locator('input[type="text"], input[type="email"]')[22m

[2026-08-24T15:38:52.463Z] [INFO] 
================================================================================
[2026-08-24T15:38:52.464Z] [INFO] 🌟 STARTING CONTINUOUS DIAGNOSTIC CYCLE #19 (Run Time: 13 mins)
[2026-08-24T15:38:52.464Z] [INFO] ================================================================================
[2026-08-24T15:38:52.464Z] [INFO] Checking FastAPI Port 8000 state...
[2026-08-24T15:38:52.483Z] [INFO] 🟢 FastAPI Backend is online. Verification Latency: 18ms
[2026-08-24T15:38:52.483Z] [INFO] Checking Next.js Port 3001 login terminal...
[2026-08-24T15:38:52.755Z] [SUCCESS] ⚡ Performance SLA verified for [/login]: 272ms
[2026-08-24T15:38:52.756Z] [INFO] Injecting session claims and verifying middleware token generation...
[2026-08-24T15:39:22.765Z] [CRITICAL] ❌ Critical cycle intercept caught: page.fill: Timeout 30000ms exceeded.
Call log:
[2m  - waiting for locator('input[type="text"], input[type="email"]')[22m

[2026-08-24T15:39:37.773Z] [INFO] 
================================================================================
[2026-08-24T15:39:37.774Z] [INFO] 🌟 STARTING CONTINUOUS DIAGNOSTIC CYCLE #20 (Run Time: 14 mins)
[2026-08-24T15:39:37.774Z] [INFO] ================================================================================
[2026-08-24T15:39:37.774Z] [INFO] Checking FastAPI Port 8000 state...
[2026-08-24T15:39:37.794Z] [INFO] 🟢 FastAPI Backend is online. Verification Latency: 20ms
[2026-08-24T15:39:37.795Z] [INFO] Checking Next.js Port 3001 login terminal...
[2026-08-24T15:39:38.044Z] [SUCCESS] ⚡ Performance SLA verified for [/login]: 249ms
[2026-08-24T15:39:38.045Z] [INFO] Injecting session claims and verifying middleware token generation...
[2026-08-24T15:40:08.060Z] [CRITICAL] ❌ Critical cycle intercept caught: page.fill: Timeout 30000ms exceeded.
Call log:
[2m  - waiting for locator('input[type="text"], input[type="email"]')[22m

[2026-08-24T15:40:23.075Z] [INFO] 
================================================================================
[2026-08-24T15:40:23.076Z] [INFO] 🌟 STARTING CONTINUOUS DIAGNOSTIC CYCLE #21 (Run Time: 15 mins)
[2026-08-24T15:40:23.076Z] [INFO] ================================================================================
[2026-08-24T15:40:23.076Z] [INFO] Checking FastAPI Port 8000 state...
[2026-08-24T15:40:23.096Z] [INFO] 🟢 FastAPI Backend is online. Verification Latency: 20ms
[2026-08-24T15:40:23.097Z] [INFO] Checking Next.js Port 3001 login terminal...
[2026-08-24T15:40:23.499Z] [SUCCESS] ⚡ Performance SLA verified for [/login]: 402ms
[2026-08-24T15:40:23.500Z] [INFO] Injecting session claims and verifying middleware token generation...
[2026-08-24T15:40:53.510Z] [CRITICAL] ❌ Critical cycle intercept caught: page.fill: Timeout 30000ms exceeded.
Call log:
[2m  - waiting for locator('input[type="text"], input[type="email"]')[22m

[2026-08-24T15:41:08.523Z] [INFO] 
================================================================================
[2026-08-24T15:41:08.527Z] [INFO] 🌟 STARTING CONTINUOUS DIAGNOSTIC CYCLE #22 (Run Time: 15 mins)
[2026-08-24T15:41:08.527Z] [INFO] ================================================================================
[2026-08-24T15:41:08.527Z] [INFO] Checking FastAPI Port 8000 state...
[2026-08-24T15:41:08.550Z] [INFO] 🟢 FastAPI Backend is online. Verification Latency: 22ms
[2026-08-24T15:41:08.550Z] [INFO] Checking Next.js Port 3001 login terminal...
[2026-08-24T15:41:08.854Z] [SUCCESS] ⚡ Performance SLA verified for [/login]: 304ms
[2026-08-24T15:41:08.854Z] [INFO] Injecting session claims and verifying middleware token generation...
[2026-08-24T15:41:38.859Z] [CRITICAL] ❌ Critical cycle intercept caught: page.fill: Timeout 30000ms exceeded.
Call log:
[2m  - waiting for locator('input[type="text"], input[type="email"]')[22m

[2026-08-24T15:41:53.875Z] [INFO] 
================================================================================
[2026-08-24T15:41:53.875Z] [INFO] 🌟 STARTING CONTINUOUS DIAGNOSTIC CYCLE #23 (Run Time: 16 mins)
[2026-08-24T15:41:53.875Z] [INFO] ================================================================================
[2026-08-24T15:41:53.876Z] [INFO] Checking FastAPI Port 8000 state...
[2026-08-24T15:41:53.909Z] [INFO] 🟢 FastAPI Backend is online. Verification Latency: 33ms
[2026-08-24T15:41:53.909Z] [INFO] Checking Next.js Port 3001 login terminal...
[2026-08-24T15:41:54.542Z] [SUCCESS] ⚡ Performance SLA verified for [/login]: 633ms
[2026-08-24T15:41:54.543Z] [INFO] Injecting session claims and verifying middleware token generation...
[2026-08-24T15:42:24.552Z] [CRITICAL] ❌ Critical cycle intercept caught: page.fill: Timeout 30000ms exceeded.
Call log:
[2m  - waiting for locator('input[type="text"], input[type="email"]')[22m

[2026-08-24T15:42:39.565Z] [INFO] 
================================================================================
[2026-08-24T15:42:39.566Z] [INFO] 🌟 STARTING CONTINUOUS DIAGNOSTIC CYCLE #24 (Run Time: 17 mins)
[2026-08-24T15:42:39.566Z] [INFO] ================================================================================
[2026-08-24T15:42:39.567Z] [INFO] Checking FastAPI Port 8000 state...
[2026-08-24T15:42:39.687Z] [INFO] 🟢 FastAPI Backend is online. Verification Latency: 120ms
[2026-08-24T15:42:39.688Z] [INFO] Checking Next.js Port 3001 login terminal...
[2026-08-24T15:42:40.521Z] [SUCCESS] ⚡ Performance SLA verified for [/login]: 833ms
[2026-08-24T15:42:40.522Z] [INFO] Injecting session claims and verifying middleware token generation...
[2026-08-24T15:43:10.526Z] [CRITICAL] ❌ Critical cycle intercept caught: page.fill: Timeout 30000ms exceeded.
Call log:
[2m  - waiting for locator('input[type="text"], input[type="email"]')[22m

[2026-08-24T15:43:25.538Z] [INFO] 
================================================================================
[2026-08-24T15:43:25.538Z] [INFO] 🌟 STARTING CONTINUOUS DIAGNOSTIC CYCLE #25 (Run Time: 18 mins)
[2026-08-24T15:43:25.538Z] [INFO] ================================================================================
[2026-08-24T15:43:25.538Z] [INFO] Checking FastAPI Port 8000 state...
[2026-08-24T15:43:25.632Z] [INFO] 🟢 FastAPI Backend is online. Verification Latency: 94ms
[2026-08-24T15:43:25.633Z] [INFO] Checking Next.js Port 3001 login terminal...
[2026-08-24T15:43:26.396Z] [SUCCESS] ⚡ Performance SLA verified for [/login]: 763ms
[2026-08-24T15:43:26.396Z] [INFO] Injecting session claims and verifying middleware token generation...
[2026-08-24T15:43:56.401Z] [CRITICAL] ❌ Critical cycle intercept caught: page.fill: Timeout 30000ms exceeded.
Call log:
[2m  - waiting for locator('input[type="text"], input[type="email"]')[22m

[2026-08-24T15:44:11.406Z] [INFO] 
================================================================================
[2026-08-24T15:44:11.406Z] [INFO] 🌟 STARTING CONTINUOUS DIAGNOSTIC CYCLE #26 (Run Time: 18 mins)
[2026-08-24T15:44:11.407Z] [INFO] ================================================================================
[2026-08-24T15:44:11.407Z] [INFO] Checking FastAPI Port 8000 state...
[2026-08-24T15:44:11.435Z] [INFO] 🟢 FastAPI Backend is online. Verification Latency: 28ms
[2026-08-24T15:44:11.436Z] [INFO] Checking Next.js Port 3001 login terminal...
[2026-08-24T15:44:11.827Z] [SUCCESS] ⚡ Performance SLA verified for [/login]: 391ms
[2026-08-24T15:44:11.827Z] [INFO] Injecting session claims and verifying middleware token generation...
[2026-08-24T15:44:41.837Z] [CRITICAL] ❌ Critical cycle intercept caught: page.fill: Timeout 30000ms exceeded.
Call log:
[2m  - waiting for locator('input[type="text"], input[type="email"]')[22m

[2026-08-24T15:44:56.837Z] [INFO] 
================================================================================
[2026-08-24T15:44:56.838Z] [INFO] 🌟 STARTING CONTINUOUS DIAGNOSTIC CYCLE #27 (Run Time: 19 mins)
[2026-08-24T15:44:56.839Z] [INFO] ================================================================================
[2026-08-24T15:44:56.839Z] [INFO] Checking FastAPI Port 8000 state...
[2026-08-24T15:44:56.871Z] [INFO] 🟢 FastAPI Backend is online. Verification Latency: 32ms
[2026-08-24T15:44:56.872Z] [INFO] Checking Next.js Port 3001 login terminal...
[2026-08-24T15:44:57.179Z] [SUCCESS] ⚡ Performance SLA verified for [/login]: 307ms
[2026-08-24T15:44:57.179Z] [INFO] Injecting session claims and verifying middleware token generation...
[2026-08-24T15:45:27.194Z] [CRITICAL] ❌ Critical cycle intercept caught: page.fill: Timeout 30000ms exceeded.
Call log:
[2m  - waiting for locator('input[type="text"], input[type="email"]')[22m

[2026-08-24T15:45:42.206Z] [INFO] 
================================================================================
[2026-08-24T15:45:42.208Z] [INFO] 🌟 STARTING CONTINUOUS DIAGNOSTIC CYCLE #28 (Run Time: 20 mins)
[2026-08-24T15:45:42.208Z] [INFO] ================================================================================
[2026-08-24T15:45:42.209Z] [INFO] Checking FastAPI Port 8000 state...
[2026-08-24T15:45:42.282Z] [INFO] 🟢 FastAPI Backend is online. Verification Latency: 73ms
[2026-08-24T15:45:42.282Z] [INFO] Checking Next.js Port 3001 login terminal...
[2026-08-24T15:45:43.011Z] [SUCCESS] ⚡ Performance SLA verified for [/login]: 729ms
[2026-08-24T15:45:43.012Z] [INFO] Injecting session claims and verifying middleware token generation...
[2026-08-24T15:46:13.017Z] [CRITICAL] ❌ Critical cycle intercept caught: page.fill: Timeout 30000ms exceeded.
Call log:
[2m  - waiting for locator('input[type="text"], input[type="email"]')[22m

[2026-08-24T15:46:28.023Z] [INFO] 
================================================================================
[2026-08-24T15:46:28.024Z] [INFO] 🌟 STARTING CONTINUOUS DIAGNOSTIC CYCLE #29 (Run Time: 21 mins)
[2026-08-24T15:46:28.024Z] [INFO] ================================================================================
[2026-08-24T15:46:28.024Z] [INFO] Checking FastAPI Port 8000 state...
[2026-08-24T15:46:28.074Z] [INFO] 🟢 FastAPI Backend is online. Verification Latency: 50ms
[2026-08-24T15:46:28.075Z] [INFO] Checking Next.js Port 3001 login terminal...
[2026-08-24T15:46:28.527Z] [SUCCESS] ⚡ Performance SLA verified for [/login]: 452ms
[2026-08-24T15:46:28.528Z] [INFO] Injecting session claims and verifying middleware token generation...
[2026-08-24T15:46:58.535Z] [CRITICAL] ❌ Critical cycle intercept caught: page.fill: Timeout 30000ms exceeded.
Call log:
[2m  - waiting for locator('input[type="text"], input[type="email"]')[22m

[2026-08-24T15:47:13.543Z] [INFO] 
================================================================================
[2026-08-24T15:47:13.544Z] [INFO] 🌟 STARTING CONTINUOUS DIAGNOSTIC CYCLE #30 (Run Time: 22 mins)
[2026-08-24T15:47:13.544Z] [INFO] ================================================================================
[2026-08-24T15:47:13.544Z] [INFO] Checking FastAPI Port 8000 state...
[2026-08-24T15:47:13.567Z] [INFO] 🟢 FastAPI Backend is online. Verification Latency: 22ms
[2026-08-24T15:47:13.568Z] [INFO] Checking Next.js Port 3001 login terminal...
[2026-08-24T15:47:13.853Z] [SUCCESS] ⚡ Performance SLA verified for [/login]: 285ms
[2026-08-24T15:47:13.854Z] [INFO] Injecting session claims and verifying middleware token generation...
[2026-08-24T15:47:43.864Z] [CRITICAL] ❌ Critical cycle intercept caught: page.fill: Timeout 30000ms exceeded.
Call log:
[2m  - waiting for locator('input[type="text"], input[type="email"]')[22m

[2026-08-24T15:47:58.881Z] [INFO] 
================================================================================
[2026-08-24T15:47:58.881Z] [INFO] 🌟 STARTING CONTINUOUS DIAGNOSTIC CYCLE #31 (Run Time: 22 mins)
[2026-08-24T15:47:58.882Z] [INFO] ================================================================================
[2026-08-24T15:47:58.882Z] [INFO] Checking FastAPI Port 8000 state...
[2026-08-24T15:47:59.048Z] [INFO] 🟢 FastAPI Backend is online. Verification Latency: 166ms
[2026-08-24T15:47:59.048Z] [INFO] Checking Next.js Port 3001 login terminal...
[2026-08-24T15:48:01.378Z] [WARNING] 🐢 SLA Violation Detected! Path [/login] took 2330ms to respond.
[2026-08-24T15:48:01.379Z] [INFO] Injecting session claims and verifying middleware token generation...
[2026-08-24T15:48:31.388Z] [CRITICAL] ❌ Critical cycle intercept caught: page.fill: Timeout 30000ms exceeded.
Call log:
[2m  - waiting for locator('input[type="text"], input[type="email"]')[22m

[2026-08-24T15:48:46.393Z] [INFO] 
================================================================================
[2026-08-24T15:48:46.394Z] [INFO] 🌟 STARTING CONTINUOUS DIAGNOSTIC CYCLE #32 (Run Time: 23 mins)
[2026-08-24T15:48:46.394Z] [INFO] ================================================================================
[2026-08-24T15:48:46.394Z] [INFO] Checking FastAPI Port 8000 state...
[2026-08-24T15:48:46.418Z] [INFO] 🟢 FastAPI Backend is online. Verification Latency: 24ms
[2026-08-24T15:48:46.418Z] [INFO] Checking Next.js Port 3001 login terminal...
[2026-08-24T15:48:46.687Z] [SUCCESS] ⚡ Performance SLA verified for [/login]: 269ms
[2026-08-24T15:48:46.687Z] [INFO] Injecting session claims and verifying middleware token generation...
[2026-08-24T15:49:16.690Z] [CRITICAL] ❌ Critical cycle intercept caught: page.fill: Timeout 30000ms exceeded.
Call log:
[2m  - waiting for locator('input[type="text"], input[type="email"]')[22m

[2026-08-24T15:49:31.706Z] [INFO] 
================================================================================
[2026-08-24T15:49:31.709Z] [INFO] 🌟 STARTING CONTINUOUS DIAGNOSTIC CYCLE #33 (Run Time: 24 mins)
[2026-08-24T15:49:31.712Z] [INFO] ================================================================================
[2026-08-24T15:49:31.712Z] [INFO] Checking FastAPI Port 8000 state...
[2026-08-24T15:49:31.743Z] [INFO] 🟢 FastAPI Backend is online. Verification Latency: 30ms
[2026-08-24T15:49:31.744Z] [INFO] Checking Next.js Port 3001 login terminal...
[2026-08-24T15:49:32.035Z] [SUCCESS] ⚡ Performance SLA verified for [/login]: 291ms
[2026-08-24T15:49:32.036Z] [INFO] Injecting session claims and verifying middleware token generation...
[2026-08-24T15:50:02.046Z] [CRITICAL] ❌ Critical cycle intercept caught: page.fill: Timeout 30000ms exceeded.
Call log:
[2m  - waiting for locator('input[type="text"], input[type="email"]')[22m

[2026-08-24T15:50:17.051Z] [INFO] 
================================================================================
[2026-08-24T15:50:17.052Z] [INFO] 🌟 STARTING CONTINUOUS DIAGNOSTIC CYCLE #34 (Run Time: 25 mins)
[2026-08-24T15:50:17.052Z] [INFO] ================================================================================
[2026-08-24T15:50:17.053Z] [INFO] Checking FastAPI Port 8000 state...
[2026-08-24T15:50:17.105Z] [INFO] 🟢 FastAPI Backend is online. Verification Latency: 52ms
[2026-08-24T15:50:17.106Z] [INFO] Checking Next.js Port 3001 login terminal...
[2026-08-24T15:50:17.564Z] [SUCCESS] ⚡ Performance SLA verified for [/login]: 458ms
[2026-08-24T15:50:17.564Z] [INFO] Injecting session claims and verifying middleware token generation...
[2026-08-24T15:50:47.569Z] [CRITICAL] ❌ Critical cycle intercept caught: page.fill: Timeout 30000ms exceeded.
Call log:
[2m  - waiting for locator('input[type="text"], input[type="email"]')[22m

[2026-08-24T15:51:02.577Z] [INFO] 
================================================================================
[2026-08-24T15:51:02.577Z] [INFO] 🌟 STARTING CONTINUOUS DIAGNOSTIC CYCLE #35 (Run Time: 25 mins)
[2026-08-24T15:51:02.577Z] [INFO] ================================================================================
[2026-08-24T15:51:02.578Z] [INFO] Checking FastAPI Port 8000 state...
[2026-08-24T15:51:02.623Z] [INFO] 🟢 FastAPI Backend is online. Verification Latency: 45ms
[2026-08-24T15:51:02.624Z] [INFO] Checking Next.js Port 3001 login terminal...
[2026-08-24T15:51:03.028Z] [SUCCESS] ⚡ Performance SLA verified for [/login]: 404ms
[2026-08-24T15:51:03.030Z] [INFO] Injecting session claims and verifying middleware token generation...
[2026-08-24T15:51:33.039Z] [CRITICAL] ❌ Critical cycle intercept caught: page.fill: Timeout 30000ms exceeded.
Call log:
[2m  - waiting for locator('input[type="text"], input[type="email"]')[22m

[2026-08-24T15:51:48.049Z] [INFO] 
================================================================================
[2026-08-24T15:51:48.050Z] [INFO] 🌟 STARTING CONTINUOUS DIAGNOSTIC CYCLE #36 (Run Time: 26 mins)
[2026-08-24T15:51:48.050Z] [INFO] ================================================================================
[2026-08-24T15:51:48.050Z] [INFO] Checking FastAPI Port 8000 state...
[2026-08-24T15:51:48.080Z] [INFO] 🟢 FastAPI Backend is online. Verification Latency: 30ms
[2026-08-24T15:51:48.080Z] [INFO] Checking Next.js Port 3001 login terminal...
[2026-08-24T15:51:48.404Z] [SUCCESS] ⚡ Performance SLA verified for [/login]: 323ms
[2026-08-24T15:51:48.404Z] [INFO] Injecting session claims and verifying middleware token generation...
[2026-08-24T15:52:18.416Z] [CRITICAL] ❌ Critical cycle intercept caught: page.fill: Timeout 30000ms exceeded.
Call log:
[2m  - waiting for locator('input[type="text"], input[type="email"]')[22m

[2026-08-24T15:52:33.424Z] [INFO] 
================================================================================
[2026-08-24T15:52:33.425Z] [INFO] 🌟 STARTING CONTINUOUS DIAGNOSTIC CYCLE #37 (Run Time: 27 mins)
[2026-08-24T15:52:33.425Z] [INFO] ================================================================================
[2026-08-24T15:52:33.425Z] [INFO] Checking FastAPI Port 8000 state...
[2026-08-24T15:52:33.468Z] [INFO] 🟢 FastAPI Backend is online. Verification Latency: 43ms
[2026-08-24T15:52:33.469Z] [INFO] Checking Next.js Port 3001 login terminal...
[2026-08-24T15:52:33.832Z] [SUCCESS] ⚡ Performance SLA verified for [/login]: 363ms
[2026-08-24T15:52:33.832Z] [INFO] Injecting session claims and verifying middleware token generation...
[2026-08-24T15:53:03.833Z] [CRITICAL] ❌ Critical cycle intercept caught: page.fill: Timeout 30000ms exceeded.
Call log:
[2m  - waiting for locator('input[type="text"], input[type="email"]')[22m

[2026-08-24T15:53:18.847Z] [INFO] 
================================================================================
[2026-08-24T15:53:18.847Z] [INFO] 🌟 STARTING CONTINUOUS DIAGNOSTIC CYCLE #38 (Run Time: 28 mins)
[2026-08-24T15:53:18.848Z] [INFO] ================================================================================
[2026-08-24T15:53:18.848Z] [INFO] Checking FastAPI Port 8000 state...
[2026-08-24T15:53:18.870Z] [INFO] 🟢 FastAPI Backend is online. Verification Latency: 22ms
[2026-08-24T15:53:18.870Z] [INFO] Checking Next.js Port 3001 login terminal...
[2026-08-24T15:53:19.157Z] [SUCCESS] ⚡ Performance SLA verified for [/login]: 287ms
[2026-08-24T15:53:19.158Z] [INFO] Injecting session claims and verifying middleware token generation...
[2026-08-24T15:53:49.170Z] [CRITICAL] ❌ Critical cycle intercept caught: page.fill: Timeout 30000ms exceeded.
Call log:
[2m  - waiting for locator('input[type="text"], input[type="email"]')[22m

[2026-08-24T15:54:04.179Z] [INFO] 
================================================================================
[2026-08-24T15:54:04.180Z] [INFO] 🌟 STARTING CONTINUOUS DIAGNOSTIC CYCLE #39 (Run Time: 28 mins)
[2026-08-24T15:54:04.180Z] [INFO] ================================================================================
[2026-08-24T15:54:04.180Z] [INFO] Checking FastAPI Port 8000 state...
[2026-08-24T15:54:04.225Z] [INFO] 🟢 FastAPI Backend is online. Verification Latency: 44ms
[2026-08-24T15:54:04.225Z] [INFO] Checking Next.js Port 3001 login terminal...
[2026-08-24T15:54:04.775Z] [SUCCESS] ⚡ Performance SLA verified for [/login]: 548ms
[2026-08-24T15:54:04.776Z] [INFO] Injecting session claims and verifying middleware token generation...
[2026-08-24T15:54:34.778Z] [CRITICAL] ❌ Critical cycle intercept caught: page.fill: Timeout 30000ms exceeded.
Call log:
[2m  - waiting for locator('input[type="text"], input[type="email"]')[22m

[2026-08-24T15:54:49.793Z] [INFO] 
================================================================================
[2026-08-24T15:54:49.793Z] [INFO] 🌟 STARTING CONTINUOUS DIAGNOSTIC CYCLE #40 (Run Time: 29 mins)
[2026-08-24T15:54:49.793Z] [INFO] ================================================================================
[2026-08-24T15:54:49.794Z] [INFO] Checking FastAPI Port 8000 state...
[2026-08-24T15:54:49.834Z] [INFO] 🟢 FastAPI Backend is online. Verification Latency: 40ms
[2026-08-24T15:54:49.834Z] [INFO] Checking Next.js Port 3001 login terminal...
[2026-08-24T15:54:50.192Z] [SUCCESS] ⚡ Performance SLA verified for [/login]: 357ms
[2026-08-24T15:54:50.201Z] [INFO] Injecting session claims and verifying middleware token generation...
[2026-08-24T15:55:20.215Z] [CRITICAL] ❌ Critical cycle intercept caught: page.fill: Timeout 30000ms exceeded.
Call log:
[2m  - waiting for locator('input[type="text"], input[type="email"]')[22m

[2026-08-24T15:55:35.225Z] [INFO] 
================================================================================
[2026-08-24T15:55:35.226Z] [INFO] 🌟 STARTING CONTINUOUS DIAGNOSTIC CYCLE #41 (Run Time: 30 mins)
[2026-08-24T15:55:35.226Z] [INFO] ================================================================================
[2026-08-24T15:55:35.226Z] [INFO] Checking FastAPI Port 8000 state...
[2026-08-24T15:55:35.250Z] [INFO] 🟢 FastAPI Backend is online. Verification Latency: 24ms
[2026-08-24T15:55:35.250Z] [INFO] Checking Next.js Port 3001 login terminal...
[2026-08-24T15:55:35.555Z] [SUCCESS] ⚡ Performance SLA verified for [/login]: 304ms
[2026-08-24T15:55:35.556Z] [INFO] Injecting session claims and verifying middleware token generation...
[2026-08-24T15:56:05.569Z] [CRITICAL] ❌ Critical cycle intercept caught: page.fill: Timeout 30000ms exceeded.
Call log:
[2m  - waiting for locator('input[type="text"], input[type="email"]')[22m

[2026-08-24T15:56:20.575Z] [INFO] 
================================================================================
[2026-08-24T15:56:20.578Z] [INFO] 🌟 STARTING CONTINUOUS DIAGNOSTIC CYCLE #42 (Run Time: 31 mins)
[2026-08-24T15:56:20.578Z] [INFO] ================================================================================
[2026-08-24T15:56:20.578Z] [INFO] Checking FastAPI Port 8000 state...
[2026-08-24T15:56:20.616Z] [INFO] 🟢 FastAPI Backend is online. Verification Latency: 37ms
[2026-08-24T15:56:20.616Z] [INFO] Checking Next.js Port 3001 login terminal...
[2026-08-24T15:56:20.988Z] [SUCCESS] ⚡ Performance SLA verified for [/login]: 371ms
[2026-08-24T15:56:20.988Z] [INFO] Injecting session claims and verifying middleware token generation...
[2026-08-24T15:56:50.999Z] [CRITICAL] ❌ Critical cycle intercept caught: page.fill: Timeout 30000ms exceeded.
Call log:
[2m  - waiting for locator('input[type="text"], input[type="email"]')[22m

[2026-08-24T15:57:06.015Z] [INFO] 
================================================================================
[2026-08-24T15:57:06.016Z] [INFO] 🌟 STARTING CONTINUOUS DIAGNOSTIC CYCLE #43 (Run Time: 31 mins)
[2026-08-24T15:57:06.017Z] [INFO] ================================================================================
[2026-08-24T15:57:06.017Z] [INFO] Checking FastAPI Port 8000 state...
[2026-08-24T15:57:06.039Z] [INFO] 🟢 FastAPI Backend is online. Verification Latency: 22ms
[2026-08-24T15:57:06.040Z] [INFO] Checking Next.js Port 3001 login terminal...
[2026-08-24T15:57:06.323Z] [SUCCESS] ⚡ Performance SLA verified for [/login]: 283ms
[2026-08-24T15:57:06.324Z] [INFO] Injecting session claims and verifying middleware token generation...
[2026-08-24T15:57:36.332Z] [CRITICAL] ❌ Critical cycle intercept caught: page.fill: Timeout 30000ms exceeded.
Call log:
[2m  - waiting for locator('input[type="text"], input[type="email"]')[22m

[2026-08-24T15:57:51.343Z] [INFO] 
================================================================================
[2026-08-24T15:57:51.344Z] [INFO] 🌟 STARTING CONTINUOUS DIAGNOSTIC CYCLE #44 (Run Time: 32 mins)
[2026-08-24T15:57:51.344Z] [INFO] ================================================================================
[2026-08-24T15:57:51.344Z] [INFO] Checking FastAPI Port 8000 state...
[2026-08-24T15:57:51.374Z] [INFO] 🟢 FastAPI Backend is online. Verification Latency: 30ms
[2026-08-24T15:57:51.375Z] [INFO] Checking Next.js Port 3001 login terminal...
[2026-08-24T15:57:51.640Z] [SUCCESS] ⚡ Performance SLA verified for [/login]: 265ms
[2026-08-24T15:57:51.640Z] [INFO] Injecting session claims and verifying middleware token generation...
[2026-08-24T15:58:21.653Z] [CRITICAL] ❌ Critical cycle intercept caught: page.fill: Timeout 30000ms exceeded.
Call log:
[2m  - waiting for locator('input[type="text"], input[type="email"]')[22m

[2026-08-24T15:58:36.654Z] [INFO] 
================================================================================
[2026-08-24T15:58:36.655Z] [INFO] 🌟 STARTING CONTINUOUS DIAGNOSTIC CYCLE #45 (Run Time: 33 mins)
[2026-08-24T15:58:36.655Z] [INFO] ================================================================================
[2026-08-24T15:58:36.655Z] [INFO] Checking FastAPI Port 8000 state...
[2026-08-24T15:58:36.690Z] [INFO] 🟢 FastAPI Backend is online. Verification Latency: 35ms
[2026-08-24T15:58:36.690Z] [INFO] Checking Next.js Port 3001 login terminal...
[2026-08-24T15:58:37.121Z] [SUCCESS] ⚡ Performance SLA verified for [/login]: 431ms
[2026-08-24T15:58:37.121Z] [INFO] Injecting session claims and verifying middleware token generation...
[2026-08-24T15:59:07.137Z] [CRITICAL] ❌ Critical cycle intercept caught: page.fill: Timeout 30000ms exceeded.
Call log:
[2m  - waiting for locator('input[type="text"], input[type="email"]')[22m

[2026-08-24T15:59:22.149Z] [INFO] 
================================================================================
[2026-08-24T15:59:22.149Z] [INFO] 🌟 STARTING CONTINUOUS DIAGNOSTIC CYCLE #46 (Run Time: 34 mins)
[2026-08-24T15:59:22.149Z] [INFO] ================================================================================
[2026-08-24T15:59:22.150Z] [INFO] Checking FastAPI Port 8000 state...
[2026-08-24T15:59:22.178Z] [INFO] 🟢 FastAPI Backend is online. Verification Latency: 28ms
[2026-08-24T15:59:22.179Z] [INFO] Checking Next.js Port 3001 login terminal...
[2026-08-24T15:59:22.528Z] [SUCCESS] ⚡ Performance SLA verified for [/login]: 349ms
[2026-08-24T15:59:22.528Z] [INFO] Injecting session claims and verifying middleware token generation...
[2026-08-24T15:59:52.536Z] [CRITICAL] ❌ Critical cycle intercept caught: page.fill: Timeout 30000ms exceeded.
Call log:
[2m  - waiting for locator('input[type="text"], input[type="email"]')[22m

[2026-08-24T16:00:07.547Z] [INFO] 
================================================================================
[2026-08-24T16:00:07.547Z] [INFO] 🌟 STARTING CONTINUOUS DIAGNOSTIC CYCLE #47 (Run Time: 34 mins)
[2026-08-24T16:00:07.547Z] [INFO] ================================================================================
[2026-08-24T16:00:07.548Z] [INFO] Checking FastAPI Port 8000 state...
[2026-08-24T16:00:07.571Z] [INFO] 🟢 FastAPI Backend is online. Verification Latency: 23ms
[2026-08-24T16:00:07.571Z] [INFO] Checking Next.js Port 3001 login terminal...
[2026-08-24T16:00:07.869Z] [SUCCESS] ⚡ Performance SLA verified for [/login]: 298ms
[2026-08-24T16:00:07.870Z] [INFO] Injecting session claims and verifying middleware token generation...
[2026-08-24T16:00:37.875Z] [CRITICAL] ❌ Critical cycle intercept caught: page.fill: Timeout 30000ms exceeded.
Call log:
[2m  - waiting for locator('input[type="text"], input[type="email"]')[22m

[2026-08-24T16:00:52.891Z] [INFO] 
================================================================================
[2026-08-24T16:00:52.891Z] [INFO] 🌟 STARTING CONTINUOUS DIAGNOSTIC CYCLE #48 (Run Time: 35 mins)
[2026-08-24T16:00:52.891Z] [INFO] ================================================================================
[2026-08-24T16:00:52.894Z] [INFO] Checking FastAPI Port 8000 state...
[2026-08-24T16:00:52.917Z] [INFO] 🟢 FastAPI Backend is online. Verification Latency: 22ms
[2026-08-24T16:00:52.917Z] [INFO] Checking Next.js Port 3001 login terminal...
[2026-08-24T16:00:53.202Z] [SUCCESS] ⚡ Performance SLA verified for [/login]: 285ms
[2026-08-24T16:00:53.202Z] [INFO] Injecting session claims and verifying middleware token generation...
[2026-08-24T16:01:23.214Z] [CRITICAL] ❌ Critical cycle intercept caught: page.fill: Timeout 30000ms exceeded.
Call log:
[2m  - waiting for locator('input[type="text"], input[type="email"]')[22m

[2026-08-24T16:01:38.222Z] [INFO] 
================================================================================
[2026-08-24T16:01:38.649Z] [INFO] 🌟 STARTING CONTINUOUS DIAGNOSTIC CYCLE #49 (Run Time: 36 mins)
[2026-08-24T16:01:38.649Z] [INFO] ================================================================================
[2026-08-24T16:01:38.649Z] [INFO] Checking FastAPI Port 8000 state...
[2026-08-24T16:01:38.677Z] [INFO] 🟢 FastAPI Backend is online. Verification Latency: 27ms
[2026-08-24T16:01:38.677Z] [INFO] Checking Next.js Port 3001 login terminal...
[2026-08-24T16:01:38.908Z] [SUCCESS] ⚡ Performance SLA verified for [/login]: 231ms
[2026-08-24T16:01:38.909Z] [INFO] Injecting session claims and verifying middleware token generation...
[2026-08-24T16:02:08.920Z] [CRITICAL] ❌ Critical cycle intercept caught: page.fill: Timeout 30000ms exceeded.
Call log:
[2m  - waiting for locator('input[type="text"], input[type="email"]')[22m
[2m    - waiting for "http://localhost:5000/app/suffat/main/erp" navigation to finish...[22m
[2m    - navigated to "http://localhost:5000/app/suffat/main/erp"[22m

[2026-08-24T16:02:23.974Z] [INFO] 
================================================================================
[2026-08-24T16:02:23.976Z] [INFO] 🌟 STARTING CONTINUOUS DIAGNOSTIC CYCLE #50 (Run Time: 37 mins)
[2026-08-24T16:02:23.976Z] [INFO] ================================================================================
[2026-08-24T16:02:23.977Z] [INFO] Checking FastAPI Port 8000 state...
[2026-08-24T16:02:24.029Z] [INFO] 🟢 FastAPI Backend is online. Verification Latency: 52ms
[2026-08-24T16:02:24.029Z] [INFO] Checking Next.js Port 3001 login terminal...
[2026-08-24T16:02:24.473Z] [SUCCESS] ⚡ Performance SLA verified for [/login]: 444ms
[2026-08-24T16:02:24.474Z] [INFO] Injecting session claims and verifying middleware token generation...
[2026-08-24T16:02:54.487Z] [CRITICAL] ❌ Critical cycle intercept caught: page.fill: Timeout 30000ms exceeded.
Call log:
[2m  - waiting for locator('input[type="text"], input[type="email"]')[22m

