INFO:     Started server process [21588]
INFO:     Waiting for application startup.
2026-08-24 15:39:49,047 [INFO] app.main: Initializing Core Transactional Connection Pool...
2026-08-24 15:39:49,047 [INFO] app.main: \U0001f7e2 Database Connection established successfully.
INFO:     Application startup complete.
INFO:     Uvicorn running on http://127.0.0.1:8000 (Press CTRL+C to quit)
2026-08-24 15:39:57,171 [INFO] app.main: HTTP GET /healthz - Status: 200 - Duration: 0.001s
INFO:     127.0.0.1:61522 - "GET /healthz HTTP/1.1" 200 OK
2026-08-24 15:40:04,074 [ERROR] app.main: \U0001f6a8 RUNTIME UNHANDLED EXCEPTION: [WinError 1225] The remote computer refused the network connection
  + Exception Group Traceback (most recent call last):
  |   File "C:\Users\Twazei_ceo\AppData\Roaming\Python\Python314\site-packages\starlette\_utils.py", line 77, in collapse_excgroups
  |     yield
  |   File "C:\Users\Twazei_ceo\AppData\Roaming\Python\Python314\site-packages\starlette\middleware\base.py", line 186, in __call__
  |     async with anyio.create_task_group() as task_group:
  |                ~~~~~~~~~~~~~~~~~~~~~~~^^
  |   File "C:\Python314\Lib\site-packages\anyio\_backends\_asyncio.py", line 815, in __aexit__
  |     raise BaseExceptionGroup(
  |         "unhandled errors in a TaskGroup", self._exceptions
  |     ) from None
  | ExceptionGroup: unhandled errors in a TaskGroup (1 sub-exception)
  +-+---------------- 1 ----------------
    | Traceback (most recent call last):
    |   File "C:\Users\Twazei_ceo\AppData\Roaming\Python\Python314\site-packages\starlette\middleware\errors.py", line 165, in __call__
    |     await self.app(scope, receive, _send)
    |   File "C:\Users\Twazei_ceo\AppData\Roaming\Python\Python314\site-packages\starlette\middleware\base.py", line 185, in __call__
    |     with collapse_excgroups():
    |          ~~~~~~~~~~~~~~~~~~^^
    |   File "C:\Python314\Lib\contextlib.py", line 162, in __exit__
    |     self.gen.throw(value)
    |     ~~~~~~~~~~~~~~^^^^^^^
    |   File "C:\Users\Twazei_ceo\AppData\Roaming\Python\Python314\site-packages\starlette\_utils.py", line 83, in collapse_excgroups
    |     raise exc
    |   File "C:\Users\Twazei_ceo\AppData\Roaming\Python\Python314\site-packages\starlette\middleware\base.py", line 187, in __call__
    |     response = await self.dispatch_func(request, call_next)
    |                ^^^^^^^^^^^^^^^^^^^^^^^^^^^^^^^^^^^^^^^^^^^^
    |   File "E:\Huffathul Hifaaz_asl\services\core-backend\app\main.py", line 102, in log_request_performance
    |     response = await call_next(request)
    |                ^^^^^^^^^^^^^^^^^^^^^^^^
    |   File "C:\Users\Twazei_ceo\AppData\Roaming\Python\Python314\site-packages\starlette\middleware\base.py", line 163, in call_next
    |     raise app_exc
    |   File "C:\Users\Twazei_ceo\AppData\Roaming\Python\Python314\site-packages\starlette\middleware\base.py", line 149, in coro
    |     await self.app(scope, receive_or_disconnect, send_no_error)
    |   File "C:\Users\Twazei_ceo\AppData\Roaming\Python\Python314\site-packages\starlette\middleware\cors.py", line 93, in __call__
    |     await self.simple_response(scope, receive, send, request_headers=headers)
    |   File "C:\Users\Twazei_ceo\AppData\Roaming\Python\Python314\site-packages\starlette\middleware\cors.py", line 144, in simple_response
    |     await self.app(scope, receive, send)
    |   File "C:\Users\Twazei_ceo\AppData\Roaming\Python\Python314\site-packages\starlette\middleware\exceptions.py", line 62, in __call__
    |     await wrap_app_handling_exceptions(self.app, conn)(scope, receive, send)
    |   File "C:\Users\Twazei_ceo\AppData\Roaming\Python\Python314\site-packages\starlette\_exception_handler.py", line 62, in wrapped_app
    |     raise exc
    |   File "C:\Users\Twazei_ceo\AppData\Roaming\Python\Python314\site-packages\starlette\_exception_handler.py", line 51, in wrapped_app
    |     await app(scope, receive, sender)
    |   File "C:\Users\Twazei_ceo\AppData\Roaming\Python\Python314\site-packages\starlette\routing.py", line 715, in __call__
    |     await self.middleware_stack(scope, receive, send)
    |   File "C:\Users\Twazei_ceo\AppData\Roaming\Python\Python314\site-packages\starlette\routing.py", line 735, in app
    |     await route.handle(scope, receive, send)
    |   File "C:\Users\Twazei_ceo\AppData\Roaming\Python\Python314\site-packages\starlette\routing.py", line 288, in handle
    |     await self.app(scope, receive, send)
    |   File "C:\Users\Twazei_ceo\AppData\Roaming\Python\Python314\site-packages\starlette\routing.py", line 76, in app
    |     await wrap_app_handling_exceptions(app, request)(scope, receive, send)
    |   File "C:\Users\Twazei_ceo\AppData\Roaming\Python\Python314\site-packages\starlette\_exception_handler.py", line 62, in wrapped_app
    |     raise exc
    |   File "C:\Users\Twazei_ceo\AppData\Roaming\Python\Python314\site-packages\starlette\_exception_handler.py", line 51, in wrapped_app
    |     await app(scope, receive, sender)
    |   File "C:\Users\Twazei_ceo\AppData\Roaming\Python\Python314\site-packages\starlette\routing.py", line 73, in app
    |     response = await f(request)
    |                ^^^^^^^^^^^^^^^^
    |   File "C:\Python314\Lib\site-packages\fastapi\routing.py", line 301, in app
    |     raw_response = await run_endpoint_function(
    |                    ^^^^^^^^^^^^^^^^^^^^^^^^^^^^
    |     ...<3 lines>...
    |     )
    |     ^
    |   File "C:\Python314\Lib\site-packages\fastapi\routing.py", line 212, in run_endpoint_function
    |     return await dependant.call(**values)
    |            ^^^^^^^^^^^^^^^^^^^^^^^^^^^^^^
    |   File "E:\Huffathul Hifaaz_asl\services\core-backend\app\routers\auth.py", line 106, in login
    |     user_query = await db.execute(select(User).where(User.email == target_email))
    |                  ^^^^^^^^^^^^^^^^^^^^^^^^^^^^^^^^^^^^^^^^^^^^^^^^^^^^^^^^^^^^^^^^
    |   File "C:\Users\Twazei_ceo\AppData\Roaming\Python\Python314\site-packages\sqlalchemy\ext\asyncio\session.py", line 448, in execute
    |     result = await greenlet_spawn(
    |              ^^^^^^^^^^^^^^^^^^^^^
    |     ...<6 lines>...
    |     )
    |     ^
    |   File "C:\Users\Twazei_ceo\AppData\Roaming\Python\Python314\site-packages\sqlalchemy\util\_concurrency_py3k.py", line 201, in greenlet_spawn
    |     result = context.throw(*sys.exc_info())
    |   File "C:\Users\Twazei_ceo\AppData\Roaming\Python\Python314\site-packages\sqlalchemy\orm\session.py", line 2373, in execute
    |     return self._execute_internal(
    |            ~~~~~~~~~~~~~~~~~~~~~~^
    |         statement,
    |         ^^^^^^^^^^
    |     ...<4 lines>...
    |         _add_event=_add_event,
    |         ^^^^^^^^^^^^^^^^^^^^^^
    |     )
    |     ^
    |   File "C:\Users\Twazei_ceo\AppData\Roaming\Python\Python314\site-packages\sqlalchemy\orm\session.py", line 2261, in _execute_internal
    |     conn = self._connection_for_bind(bind)
    |   File "C:\Users\Twazei_ceo\AppData\Roaming\Python\Python314\site-packages\sqlalchemy\orm\session.py", line 2113, in _connection_for_bind
    |     return trans._connection_for_bind(engine, execution_options)
    |            ~~~~~~~~~~~~~~~~~~~~~~~~~~^^^^^^^^^^^^^^^^^^^^^^^^^^^
    |   File "<string>", line 2, in _connection_for_bind
    |   File "C:\Users\Twazei_ceo\AppData\Roaming\Python\Python314\site-packages\sqlalchemy\orm\state_changes.py", line 137, in _go
    |     ret_value = fn(self, *arg, **kw)
    |   File "C:\Users\Twazei_ceo\AppData\Roaming\Python\Python314\site-packages\sqlalchemy\orm\session.py", line 1191, in _connection_for_bind
    |     conn = bind.connect()
    |   File "C:\Users\Twazei_ceo\AppData\Roaming\Python\Python314\site-packages\sqlalchemy\engine\base.py", line 3295, in connect
    |     return self._connection_cls(self)
    |            ~~~~~~~~~~~~~~~~~~~~^^^^^^
    |   File "C:\Users\Twazei_ceo\AppData\Roaming\Python\Python314\site-packages\sqlalchemy\engine\base.py", line 144, in __init__
    |     self._dbapi_connection = engine.raw_connection()
    |                              ~~~~~~~~~~~~~~~~~~~~~^^
    |   File "C:\Users\Twazei_ceo\AppData\Roaming\Python\Python314\site-packages\sqlalchemy\engine\base.py", line 3319, in raw_connection
    |     return self.pool.connect()
    |            ~~~~~~~~~~~~~~~~~^^
    |   File "C:\Users\Twazei_ceo\AppData\Roaming\Python\Python314\site-packages\sqlalchemy\pool\base.py", line 448, in connect
    |     return _ConnectionFairy._checkout(self)
    |            ~~~~~~~~~~~~~~~~~~~~~~~~~~^^^^^^
    |   File "C:\Users\Twazei_ceo\AppData\Roaming\Python\Python314\site-packages\sqlalchemy\pool\base.py", line 1272, in _checkout
    |     fairy = _ConnectionRecord.checkout(pool)
    |   File "C:\Users\Twazei_ceo\AppData\Roaming\Python\Python314\site-packages\sqlalchemy\pool\base.py", line 712, in checkout
    |     rec = pool._do_get()
    |   File "C:\Users\Twazei_ceo\AppData\Roaming\Python\Python314\site-packages\sqlalchemy\pool\impl.py", line 178, in _do_get
    |     with util.safe_reraise():
    |          ~~~~~~~~~~~~~~~~~^^
    |   File "C:\Users\Twazei_ceo\AppData\Roaming\Python\Python314\site-packages\sqlalchemy\util\langhelpers.py", line 122, in __exit__
    |     raise exc_value.with_traceback(exc_tb)
    |   File "C:\Users\Twazei_ceo\AppData\Roaming\Python\Python314\site-packages\sqlalchemy\pool\impl.py", line 176, in _do_get
    |     return self._create_connection()
    |            ~~~~~~~~~~~~~~~~~~~~~~~^^
    |   File "C:\Users\Twazei_ceo\AppData\Roaming\Python\Python314\site-packages\sqlalchemy\pool\base.py", line 389, in _create_connection
    |     return _ConnectionRecord(self)
    |   File "C:\Users\Twazei_ceo\AppData\Roaming\Python\Python314\site-packages\sqlalchemy\pool\base.py", line 674, in __init__
    |     self.__connect()
    |     ~~~~~~~~~~~~~~^^
    |   File "C:\Users\Twazei_ceo\AppData\Roaming\Python\Python314\site-packages\sqlalchemy\pool\base.py", line 900, in __connect
    |     with util.safe_reraise():
    |          ~~~~~~~~~~~~~~~~~^^
    |   File "C:\Users\Twazei_ceo\AppData\Roaming\Python\Python314\site-packages\sqlalchemy\util\langhelpers.py", line 122, in __exit__
    |     raise exc_value.with_traceback(exc_tb)
    |   File "C:\Users\Twazei_ceo\AppData\Roaming\Python\Python314\site-packages\sqlalchemy\pool\base.py", line 896, in __connect
    |     self.dbapi_connection = connection = pool._invoke_creator(self)
    |                                          ~~~~~~~~~~~~~~~~~~~~^^^^^^
    |   File "C:\Users\Twazei_ceo\AppData\Roaming\Python\Python314\site-packages\sqlalchemy\engine\create.py", line 667, in connect
    |     return dialect.connect(*cargs_tup, **cparams)
    |            ~~~~~~~~~~~~~~~^^^^^^^^^^^^^^^^^^^^^^^
    |   File "C:\Users\Twazei_ceo\AppData\Roaming\Python\Python314\site-packages\sqlalchemy\engine\default.py", line 630, in connect
    |     return self.loaded_dbapi.connect(*cargs, **cparams)  # type: ignore[no-any-return]  # NOQA: E501
    |            ~~~~~~~~~~~~~~~~~~~~~~~~~^^^^^^^^^^^^^^^^^^^
    |   File "C:\Users\Twazei_ceo\AppData\Roaming\Python\Python314\site-packages\sqlalchemy\dialects\postgresql\asyncpg.py", line 955, in connect
    |     await_only(creator_fn(*arg, **kw)),
    |     ~~~~~~~~~~^^^^^^^^^^^^^^^^^^^^^^^^
    |   File "C:\Users\Twazei_ceo\AppData\Roaming\Python\Python314\site-packages\sqlalchemy\util\_concurrency_py3k.py", line 132, in await_only
    |     return current.parent.switch(awaitable)  # type: ignore[no-any-return,attr-defined] # noqa: E501
    |            ~~~~~~~~~~~~~~~~~~~~~^^^^^^^^^^^
    |   File "C:\Users\Twazei_ceo\AppData\Roaming\Python\Python314\site-packages\sqlalchemy\util\_concurrency_py3k.py", line 196, in greenlet_spawn
    |     value = await result
    |             ^^^^^^^^^^^^
    |   File "C:\Users\Twazei_ceo\AppData\Roaming\Python\Python314\site-packages\asyncpg\connection.py", line 2443, in connect
    |     return await connect_utils._connect(
    |            ^^^^^^^^^^^^^^^^^^^^^^^^^^^^^
    |     ...<22 lines>...
    |     )
    |     ^
    |   File "C:\Users\Twazei_ceo\AppData\Roaming\Python\Python314\site-packages\asyncpg\connect_utils.py", line 1249, in _connect
    |     raise last_error or exceptions.TargetServerAttributeNotMatched(
    |     ...<2 lines>...
    |     )
    |   File "C:\Users\Twazei_ceo\AppData\Roaming\Python\Python314\site-packages\asyncpg\connect_utils.py", line 1218, in _connect
    |     conn = await _connect_addr(
    |            ^^^^^^^^^^^^^^^^^^^^
    |     ...<6 lines>...
    |     )
    |     ^
    |   File "C:\Users\Twazei_ceo\AppData\Roaming\Python\Python314\site-packages\asyncpg\connect_utils.py", line 1054, in _connect_addr
    |     return await __connect_addr(params, True, *args)
    |            ^^^^^^^^^^^^^^^^^^^^^^^^^^^^^^^^^^^^^^^^^
    |   File "C:\Users\Twazei_ceo\AppData\Roaming\Python\Python314\site-packages\asyncpg\connect_utils.py", line 1099, in __connect_addr
    |     tr, pr = await connector
    |              ^^^^^^^^^^^^^^^
    |   File "C:\Users\Twazei_ceo\AppData\Roaming\Python\Python314\site-packages\asyncpg\connect_utils.py", line 969, in _create_ssl_connection
    |     tr, pr = await loop.create_connection(
    |              ^^^^^^^^^^^^^^^^^^^^^^^^^^^^^
    |     ...<2 lines>...
    |         host, port)
    |         ^^^^^^^^^^^
    |   File "C:\Python314\Lib\asyncio\base_events.py", line 1173, in create_connection
    |     raise exceptions[0]
    |   File "C:\Python314\Lib\asyncio\base_events.py", line 1143, in create_connection
    |     sock = await self._connect_sock(
    |            ^^^^^^^^^^^^^^^^^^^^^^^^^
    |         exceptions, addrinfo, laddr_infos)
    |         ^^^^^^^^^^^^^^^^^^^^^^^^^^^^^^^^^^
    |   File "C:\Python314\Lib\asyncio\base_events.py", line 1042, in _connect_sock
    |     await self.sock_connect(sock, address)
    |   File "C:\Python314\Lib\asyncio\proactor_events.py", line 728, in sock_connect
    |     return await self._proactor.connect(sock, address)
    |            ^^^^^^^^^^^^^^^^^^^^^^^^^^^^^^^^^^^^^^^^^^^
    |   File "C:\Python314\Lib\asyncio\windows_events.py", line 804, in _poll
    |     value = callback(transferred, key, ov)
    |   File "C:\Python314\Lib\asyncio\windows_events.py", line 600, in finish_connect
    |     ov.getresult()
    |     ~~~~~~~~~~~~^^
    | ConnectionRefusedError: [WinError 1225] The remote computer refused the network connection
    +------------------------------------

During handling of the above exception, another exception occurred:

Traceback (most recent call last):
  File "C:\Users\Twazei_ceo\AppData\Roaming\Python\Python314\site-packages\starlette\middleware\errors.py", line 165, in __call__
    await self.app(scope, receive, _send)
  File "C:\Users\Twazei_ceo\AppData\Roaming\Python\Python314\site-packages\starlette\middleware\base.py", line 185, in __call__
    with collapse_excgroups():
         ~~~~~~~~~~~~~~~~~~^^
  File "C:\Python314\Lib\contextlib.py", line 162, in __exit__
    self.gen.throw(value)
    ~~~~~~~~~~~~~~^^^^^^^
  File "C:\Users\Twazei_ceo\AppData\Roaming\Python\Python314\site-packages\starlette\_utils.py", line 83, in collapse_excgroups
    raise exc
  File "C:\Users\Twazei_ceo\AppData\Roaming\Python\Python314\site-packages\starlette\middleware\base.py", line 187, in __call__
    response = await self.dispatch_func(request, call_next)
               ^^^^^^^^^^^^^^^^^^^^^^^^^^^^^^^^^^^^^^^^^^^^
  File "E:\Huffathul Hifaaz_asl\services\core-backend\app\main.py", line 102, in log_request_performance
    response = await call_next(request)
               ^^^^^^^^^^^^^^^^^^^^^^^^
  File "C:\Users\Twazei_ceo\AppData\Roaming\Python\Python314\site-packages\starlette\middleware\base.py", line 163, in call_next
    raise app_exc
  File "C:\Users\Twazei_ceo\AppData\Roaming\Python\Python314\site-packages\starlette\middleware\base.py", line 149, in coro
    await self.app(scope, receive_or_disconnect, send_no_error)
  File "C:\Users\Twazei_ceo\AppData\Roaming\Python\Python314\site-packages\starlette\middleware\cors.py", line 93, in __call__
    await self.simple_response(scope, receive, send, request_headers=headers)
  File "C:\Users\Twazei_ceo\AppData\Roaming\Python\Python314\site-packages\starlette\middleware\cors.py", line 144, in simple_response
    await self.app(scope, receive, send)
  File "C:\Users\Twazei_ceo\AppData\Roaming\Python\Python314\site-packages\starlette\middleware\exceptions.py", line 62, in __call__
    await wrap_app_handling_exceptions(self.app, conn)(scope, receive, send)
  File "C:\Users\Twazei_ceo\AppData\Roaming\Python\Python314\site-packages\starlette\_exception_handler.py", line 62, in wrapped_app
    raise exc
  File "C:\Users\Twazei_ceo\AppData\Roaming\Python\Python314\site-packages\starlette\_exception_handler.py", line 51, in wrapped_app
    await app(scope, receive, sender)
  File "C:\Users\Twazei_ceo\AppData\Roaming\Python\Python314\site-packages\starlette\routing.py", line 715, in __call__
    await self.middleware_stack(scope, receive, send)
  File "C:\Users\Twazei_ceo\AppData\Roaming\Python\Python314\site-packages\starlette\routing.py", line 735, in app
    await route.handle(scope, receive, send)
  File "C:\Users\Twazei_ceo\AppData\Roaming\Python\Python314\site-packages\starlette\routing.py", line 288, in handle
    await self.app(scope, receive, send)
  File "C:\Users\Twazei_ceo\AppData\Roaming\Python\Python314\site-packages\starlette\routing.py", line 76, in app
    await wrap_app_handling_exceptions(app, request)(scope, receive, send)
  File "C:\Users\Twazei_ceo\AppData\Roaming\Python\Python314\site-packages\starlette\_exception_handler.py", line 62, in wrapped_app
    raise exc
  File "C:\Users\Twazei_ceo\AppData\Roaming\Python\Python314\site-packages\starlette\_exception_handler.py", line 51, in wrapped_app
    await app(scope, receive, sender)
  File "C:\Users\Twazei_ceo\AppData\Roaming\Python\Python314\site-packages\starlette\routing.py", line 73, in app
    response = await f(request)
               ^^^^^^^^^^^^^^^^
  File "C:\Python314\Lib\site-packages\fastapi\routing.py", line 301, in app
    raw_response = await run_endpoint_function(
                   ^^^^^^^^^^^^^^^^^^^^^^^^^^^^
    ...<3 lines>...
    )
    ^
  File "C:\Python314\Lib\site-packages\fastapi\routing.py", line 212, in run_endpoint_function
    return await dependant.call(**values)
           ^^^^^^^^^^^^^^^^^^^^^^^^^^^^^^
  File "E:\Huffathul Hifaaz_asl\services\core-backend\app\routers\auth.py", line 106, in login
    user_query = await db.execute(select(User).where(User.email == target_email))
                 ^^^^^^^^^^^^^^^^^^^^^^^^^^^^^^^^^^^^^^^^^^^^^^^^^^^^^^^^^^^^^^^^
  File "C:\Users\Twazei_ceo\AppData\Roaming\Python\Python314\site-packages\sqlalchemy\ext\asyncio\session.py", line 448, in execute
    result = await greenlet_spawn(
             ^^^^^^^^^^^^^^^^^^^^^
    ...<6 lines>...
    )
    ^
  File "C:\Users\Twazei_ceo\AppData\Roaming\Python\Python314\site-packages\sqlalchemy\util\_concurrency_py3k.py", line 201, in greenlet_spawn
    result = context.throw(*sys.exc_info())
  File "C:\Users\Twazei_ceo\AppData\Roaming\Python\Python314\site-packages\sqlalchemy\orm\session.py", line 2373, in execute
    return self._execute_internal(
           ~~~~~~~~~~~~~~~~~~~~~~^
        statement,
        ^^^^^^^^^^
    ...<4 lines>...
        _add_event=_add_event,
        ^^^^^^^^^^^^^^^^^^^^^^
    )
    ^
  File "C:\Users\Twazei_ceo\AppData\Roaming\Python\Python314\site-packages\sqlalchemy\orm\session.py", line 2261, in _execute_internal
    conn = self._connection_for_bind(bind)
  File "C:\Users\Twazei_ceo\AppData\Roaming\Python\Python314\site-packages\sqlalchemy\orm\session.py", line 2113, in _connection_for_bind
    return trans._connection_for_bind(engine, execution_options)
           ~~~~~~~~~~~~~~~~~~~~~~~~~~^^^^^^^^^^^^^^^^^^^^^^^^^^^
  File "<string>", line 2, in _connection_for_bind
  File "C:\Users\Twazei_ceo\AppData\Roaming\Python\Python314\site-packages\sqlalchemy\orm\state_changes.py", line 137, in _go
    ret_value = fn(self, *arg, **kw)
  File "C:\Users\Twazei_ceo\AppData\Roaming\Python\Python314\site-packages\sqlalchemy\orm\session.py", line 1191, in _connection_for_bind
    conn = bind.connect()
  File "C:\Users\Twazei_ceo\AppData\Roaming\Python\Python314\site-packages\sqlalchemy\engine\base.py", line 3295, in connect
    return self._connection_cls(self)
           ~~~~~~~~~~~~~~~~~~~~^^^^^^
  File "C:\Users\Twazei_ceo\AppData\Roaming\Python\Python314\site-packages\sqlalchemy\engine\base.py", line 144, in __init__
    self._dbapi_connection = engine.raw_connection()
                             ~~~~~~~~~~~~~~~~~~~~~^^
  File "C:\Users\Twazei_ceo\AppData\Roaming\Python\Python314\site-packages\sqlalchemy\engine\base.py", line 3319, in raw_connection
    return self.pool.connect()
           ~~~~~~~~~~~~~~~~~^^
  File "C:\Users\Twazei_ceo\AppData\Roaming\Python\Python314\site-packages\sqlalchemy\pool\base.py", line 448, in connect
    return _ConnectionFairy._checkout(self)
           ~~~~~~~~~~~~~~~~~~~~~~~~~~^^^^^^
  File "C:\Users\Twazei_ceo\AppData\Roaming\Python\Python314\site-packages\sqlalchemy\pool\base.py", line 1272, in _checkout
    fairy = _ConnectionRecord.checkout(pool)
  File "C:\Users\Twazei_ceo\AppData\Roaming\Python\Python314\site-packages\sqlalchemy\pool\base.py", line 712, in checkout
    rec = pool._do_get()
  File "C:\Users\Twazei_ceo\AppData\Roaming\Python\Python314\site-packages\sqlalchemy\pool\impl.py", line 178, in _do_get
    with util.safe_reraise():
         ~~~~~~~~~~~~~~~~~^^
  File "C:\Users\Twazei_ceo\AppData\Roaming\Python\Python314\site-packages\sqlalchemy\util\langhelpers.py", line 122, in __exit__
    raise exc_value.with_traceback(exc_tb)
  File "C:\Users\Twazei_ceo\AppData\Roaming\Python\Python314\site-packages\sqlalchemy\pool\impl.py", line 176, in _do_get
    return self._create_connection()
           ~~~~~~~~~~~~~~~~~~~~~~~^^
  File "C:\Users\Twazei_ceo\AppData\Roaming\Python\Python314\site-packages\sqlalchemy\pool\base.py", line 389, in _create_connection
    return _ConnectionRecord(self)
  File "C:\Users\Twazei_ceo\AppData\Roaming\Python\Python314\site-packages\sqlalchemy\pool\base.py", line 674, in __init__
    self.__connect()
    ~~~~~~~~~~~~~~^^
  File "C:\Users\Twazei_ceo\AppData\Roaming\Python\Python314\site-packages\sqlalchemy\pool\base.py", line 900, in __connect
    with util.safe_reraise():
         ~~~~~~~~~~~~~~~~~^^
  File "C:\Users\Twazei_ceo\AppData\Roaming\Python\Python314\site-packages\sqlalchemy\util\langhelpers.py", line 122, in __exit__
    raise exc_value.with_traceback(exc_tb)
  File "C:\Users\Twazei_ceo\AppData\Roaming\Python\Python314\site-packages\sqlalchemy\pool\base.py", line 896, in __connect
    self.dbapi_connection = connection = pool._invoke_creator(self)
                                         ~~~~~~~~~~~~~~~~~~~~^^^^^^
  File "C:\Users\Twazei_ceo\AppData\Roaming\Python\Python314\site-packages\sqlalchemy\engine\create.py", line 667, in connect
    return dialect.connect(*cargs_tup, **cparams)
           ~~~~~~~~~~~~~~~^^^^^^^^^^^^^^^^^^^^^^^
  File "C:\Users\Twazei_ceo\AppData\Roaming\Python\Python314\site-packages\sqlalchemy\engine\default.py", line 630, in connect
    return self.loaded_dbapi.connect(*cargs, **cparams)  # type: ignore[no-any-return]  # NOQA: E501
           ~~~~~~~~~~~~~~~~~~~~~~~~~^^^^^^^^^^^^^^^^^^^
  File "C:\Users\Twazei_ceo\AppData\Roaming\Python\Python314\site-packages\sqlalchemy\dialects\postgresql\asyncpg.py", line 955, in connect
    await_only(creator_fn(*arg, **kw)),
    ~~~~~~~~~~^^^^^^^^^^^^^^^^^^^^^^^^
  File "C:\Users\Twazei_ceo\AppData\Roaming\Python\Python314\site-packages\sqlalchemy\util\_concurrency_py3k.py", line 132, in await_only
    return current.parent.switch(awaitable)  # type: ignore[no-any-return,attr-defined] # noqa: E501
           ~~~~~~~~~~~~~~~~~~~~~^^^^^^^^^^^
  File "C:\Users\Twazei_ceo\AppData\Roaming\Python\Python314\site-packages\sqlalchemy\util\_concurrency_py3k.py", line 196, in greenlet_spawn
    value = await result
            ^^^^^^^^^^^^
  File "C:\Users\Twazei_ceo\AppData\Roaming\Python\Python314\site-packages\asyncpg\connection.py", line 2443, in connect
    return await connect_utils._connect(
           ^^^^^^^^^^^^^^^^^^^^^^^^^^^^^
    ...<22 lines>...
    )
    ^
  File "C:\Users\Twazei_ceo\AppData\Roaming\Python\Python314\site-packages\asyncpg\connect_utils.py", line 1249, in _connect
    raise last_error or exceptions.TargetServerAttributeNotMatched(
    ...<2 lines>...
    )
  File "C:\Users\Twazei_ceo\AppData\Roaming\Python\Python314\site-packages\asyncpg\connect_utils.py", line 1218, in _connect
    conn = await _connect_addr(
           ^^^^^^^^^^^^^^^^^^^^
    ...<6 lines>...
    )
    ^
  File "C:\Users\Twazei_ceo\AppData\Roaming\Python\Python314\site-packages\asyncpg\connect_utils.py", line 1054, in _connect_addr
    return await __connect_addr(params, True, *args)
           ^^^^^^^^^^^^^^^^^^^^^^^^^^^^^^^^^^^^^^^^^
  File "C:\Users\Twazei_ceo\AppData\Roaming\Python\Python314\site-packages\asyncpg\connect_utils.py", line 1099, in __connect_addr
    tr, pr = await connector
             ^^^^^^^^^^^^^^^
  File "C:\Users\Twazei_ceo\AppData\Roaming\Python\Python314\site-packages\asyncpg\connect_utils.py", line 969, in _create_ssl_connection
    tr, pr = await loop.create_connection(
             ^^^^^^^^^^^^^^^^^^^^^^^^^^^^^
    ...<2 lines>...
        host, port)
        ^^^^^^^^^^^
  File "C:\Python314\Lib\asyncio\base_events.py", line 1173, in create_connection
    raise exceptions[0]
  File "C:\Python314\Lib\asyncio\base_events.py", line 1143, in create_connection
    sock = await self._connect_sock(
           ^^^^^^^^^^^^^^^^^^^^^^^^^
        exceptions, addrinfo, laddr_infos)
        ^^^^^^^^^^^^^^^^^^^^^^^^^^^^^^^^^^
  File "C:\Python314\Lib\asyncio\base_events.py", line 1042, in _connect_sock
    await self.sock_connect(sock, address)
  File "C:\Python314\Lib\asyncio\proactor_events.py", line 728, in sock_connect
    return await self._proactor.connect(sock, address)
           ^^^^^^^^^^^^^^^^^^^^^^^^^^^^^^^^^^^^^^^^^^^
  File "C:\Python314\Lib\asyncio\windows_events.py", line 804, in _poll
    value = callback(transferred, key, ov)
  File "C:\Python314\Lib\asyncio\windows_events.py", line 600, in finish_connect
    ov.getresult()
    ~~~~~~~~~~~~^^
ConnectionRefusedError: [WinError 1225] The remote computer refused the network connection
ERROR:    Exception in ASGI application
  + Exception Group Traceback (most recent call last):
  |   File "C:\Users\Twazei_ceo\AppData\Roaming\Python\Python314\site-packages\starlette\_utils.py", line 77, in collapse_excgroups
  |     yield
  |   File "C:\Users\Twazei_ceo\AppData\Roaming\Python\Python314\site-packages\starlette\middleware\base.py", line 186, in __call__
  |     async with anyio.create_task_group() as task_group:
  |                ~~~~~~~~~~~~~~~~~~~~~~~^^
  |   File "C:\Python314\Lib\site-packages\anyio\_backends\_asyncio.py", line 815, in __aexit__
  |     raise BaseExceptionGroup(
  |         "unhandled errors in a TaskGroup", self._exceptions
  |     ) from None
  | ExceptionGroup: unhandled errors in a TaskGroup (1 sub-exception)
  +-+---------------- 1 ----------------
    | Traceback (most recent call last):
    |   File "C:\Python314\Lib\site-packages\uvicorn\protocols\http\httptools_impl.py", line 401, in run_asgi
    |     result = await app(  # type: ignore[func-returns-value]
    |              ^^^^^^^^^^^^^^^^^^^^^^^^^^^^^^^^^^^^^^^^^^^^^^
    |         self.scope, self.receive, self.send
    |         ^^^^^^^^^^^^^^^^^^^^^^^^^^^^^^^^^^^
    |     )
    |     ^
    |   File "C:\Python314\Lib\site-packages\uvicorn\middleware\proxy_headers.py", line 70, in __call__
    |     return await self.app(scope, receive, send)
    |            ^^^^^^^^^^^^^^^^^^^^^^^^^^^^^^^^^^^^
    |   File "C:\Python314\Lib\site-packages\fastapi\applications.py", line 1054, in __call__
    |     await super().__call__(scope, receive, send)
    |   File "C:\Users\Twazei_ceo\AppData\Roaming\Python\Python314\site-packages\starlette\applications.py", line 113, in __call__
    |     await self.middleware_stack(scope, receive, send)
    |   File "C:\Users\Twazei_ceo\AppData\Roaming\Python\Python314\site-packages\starlette\middleware\errors.py", line 187, in __call__
    |     raise exc
    |   File "C:\Users\Twazei_ceo\AppData\Roaming\Python\Python314\site-packages\starlette\middleware\errors.py", line 165, in __call__
    |     await self.app(scope, receive, _send)
    |   File "C:\Users\Twazei_ceo\AppData\Roaming\Python\Python314\site-packages\starlette\middleware\base.py", line 185, in __call__
    |     with collapse_excgroups():
    |          ~~~~~~~~~~~~~~~~~~^^
    |   File "C:\Python314\Lib\contextlib.py", line 162, in __exit__
    |     self.gen.throw(value)
    |     ~~~~~~~~~~~~~~^^^^^^^
    |   File "C:\Users\Twazei_ceo\AppData\Roaming\Python\Python314\site-packages\starlette\_utils.py", line 83, in collapse_excgroups
    |     raise exc
    |   File "C:\Users\Twazei_ceo\AppData\Roaming\Python\Python314\site-packages\starlette\middleware\base.py", line 187, in __call__
    |     response = await self.dispatch_func(request, call_next)
    |                ^^^^^^^^^^^^^^^^^^^^^^^^^^^^^^^^^^^^^^^^^^^^
    |   File "E:\Huffathul Hifaaz_asl\services\core-backend\app\main.py", line 102, in log_request_performance
    |     response = await call_next(request)
    |                ^^^^^^^^^^^^^^^^^^^^^^^^
    |   File "C:\Users\Twazei_ceo\AppData\Roaming\Python\Python314\site-packages\starlette\middleware\base.py", line 163, in call_next
    |     raise app_exc
    |   File "C:\Users\Twazei_ceo\AppData\Roaming\Python\Python314\site-packages\starlette\middleware\base.py", line 149, in coro
    |     await self.app(scope, receive_or_disconnect, send_no_error)
    |   File "C:\Users\Twazei_ceo\AppData\Roaming\Python\Python314\site-packages\starlette\middleware\cors.py", line 93, in __call__
    |     await self.simple_response(scope, receive, send, request_headers=headers)
    |   File "C:\Users\Twazei_ceo\AppData\Roaming\Python\Python314\site-packages\starlette\middleware\cors.py", line 144, in simple_response
    |     await self.app(scope, receive, send)
    |   File "C:\Users\Twazei_ceo\AppData\Roaming\Python\Python314\site-packages\starlette\middleware\exceptions.py", line 62, in __call__
    |     await wrap_app_handling_exceptions(self.app, conn)(scope, receive, send)
    |   File "C:\Users\Twazei_ceo\AppData\Roaming\Python\Python314\site-packages\starlette\_exception_handler.py", line 62, in wrapped_app
    |     raise exc
    |   File "C:\Users\Twazei_ceo\AppData\Roaming\Python\Python314\site-packages\starlette\_exception_handler.py", line 51, in wrapped_app
    |     await app(scope, receive, sender)
    |   File "C:\Users\Twazei_ceo\AppData\Roaming\Python\Python314\site-packages\starlette\routing.py", line 715, in __call__
    |     await self.middleware_stack(scope, receive, send)
    |   File "C:\Users\Twazei_ceo\AppData\Roaming\Python\Python314\site-packages\starlette\routing.py", line 735, in app
    |     await route.handle(scope, receive, send)
    |   File "C:\Users\Twazei_ceo\AppData\Roaming\Python\Python314\site-packages\starlette\routing.py", line 288, in handle
    |     await self.app(scope, receive, send)
    |   File "C:\Users\Twazei_ceo\AppData\Roaming\Python\Python314\site-packages\starlette\routing.py", line 76, in app
    |     await wrap_app_handling_exceptions(app, request)(scope, receive, send)
    |   File "C:\Users\Twazei_ceo\AppData\Roaming\Python\Python314\site-packages\starlette\_exception_handler.py", line 62, in wrapped_app
    |     raise exc
    |   File "C:\Users\Twazei_ceo\AppData\Roaming\Python\Python314\site-packages\starlette\_exception_handler.py", line 51, in wrapped_app
    |     await app(scope, receive, sender)
    |   File "C:\Users\Twazei_ceo\AppData\Roaming\Python\Python314\site-packages\starlette\routing.py", line 73, in app
    |     response = await f(request)
    |                ^^^^^^^^^^^^^^^^
    |   File "C:\Python314\Lib\site-packages\fastapi\routing.py", line 301, in app
    |     raw_response = await run_endpoint_function(
    |                    ^^^^^^^^^^^^^^^^^^^^^^^^^^^^
    |     ...<3 lines>...
    |     )
    |     ^
    |   File "C:\Python314\Lib\site-packages\fastapi\routing.py", line 212, in run_endpoint_function
    |     return await dependant.call(**values)
    |            ^^^^^^^^^^^^^^^^^^^^^^^^^^^^^^
    |   File "E:\Huffathul Hifaaz_asl\services\core-backend\app\routers\auth.py", line 106, in login
    |     user_query = await db.execute(select(User).where(User.email == target_email))
    |                  ^^^^^^^^^^^^^^^^^^^^^^^^^^^^^^^^^^^^^^^^^^^^^^^^^^^^^^^^^^^^^^^^
    |   File "C:\Users\Twazei_ceo\AppData\Roaming\Python\Python314\site-packages\sqlalchemy\ext\asyncio\session.py", line 448, in execute
    |     result = await greenlet_spawn(
    |              ^^^^^^^^^^^^^^^^^^^^^
    |     ...<6 lines>...
    |     )
    |     ^
    |   File "C:\Users\Twazei_ceo\AppData\Roaming\Python\Python314\site-packages\sqlalchemy\util\_concurrency_py3k.py", line 201, in greenlet_spawn
    |     result = context.throw(*sys.exc_info())
    |   File "C:\Users\Twazei_ceo\AppData\Roaming\Python\Python314\site-packages\sqlalchemy\orm\session.py", line 2373, in execute
    |     return self._execute_internal(
    |            ~~~~~~~~~~~~~~~~~~~~~~^
    |         statement,
    |         ^^^^^^^^^^
    |     ...<4 lines>...
    |         _add_event=_add_event,
    |         ^^^^^^^^^^^^^^^^^^^^^^
    |     )
    |     ^
    |   File "C:\Users\Twazei_ceo\AppData\Roaming\Python\Python314\site-packages\sqlalchemy\orm\session.py", line 2261, in _execute_internal
    |     conn = self._connection_for_bind(bind)
    |   File "C:\Users\Twazei_ceo\AppData\Roaming\Python\Python314\site-packages\sqlalchemy\orm\session.py", line 2113, in _connection_for_bind
    |     return trans._connection_for_bind(engine, execution_options)
    |            ~~~~~~~~~~~~~~~~~~~~~~~~~~^^^^^^^^^^^^^^^^^^^^^^^^^^^
    |   File "<string>", line 2, in _connection_for_bind
    |   File "C:\Users\Twazei_ceo\AppData\Roaming\Python\Python314\site-packages\sqlalchemy\orm\state_changes.py", line 137, in _go
    |     ret_value = fn(self, *arg, **kw)
    |   File "C:\Users\Twazei_ceo\AppData\Roaming\Python\Python314\site-packages\sqlalchemy\orm\session.py", line 1191, in _connection_for_bind
    |     conn = bind.connect()
    |   File "C:\Users\Twazei_ceo\AppData\Roaming\Python\Python314\site-packages\sqlalchemy\engine\base.py", line 3295, in connect
    |     return self._connection_cls(self)
    |            ~~~~~~~~~~~~~~~~~~~~^^^^^^
    |   File "C:\Users\Twazei_ceo\AppData\Roaming\Python\Python314\site-packages\sqlalchemy\engine\base.py", line 144, in __init__
    |     self._dbapi_connection = engine.raw_connection()
    |                              ~~~~~~~~~~~~~~~~~~~~~^^
    |   File "C:\Users\Twazei_ceo\AppData\Roaming\Python\Python314\site-packages\sqlalchemy\engine\base.py", line 3319, in raw_connection
    |     return self.pool.connect()
    |            ~~~~~~~~~~~~~~~~~^^
    |   File "C:\Users\Twazei_ceo\AppData\Roaming\Python\Python314\site-packages\sqlalchemy\pool\base.py", line 448, in connect
    |     return _ConnectionFairy._checkout(self)
    |            ~~~~~~~~~~~~~~~~~~~~~~~~~~^^^^^^
    |   File "C:\Users\Twazei_ceo\AppData\Roaming\Python\Python314\site-packages\sqlalchemy\pool\base.py", line 1272, in _checkout
    |     fairy = _ConnectionRecord.checkout(pool)
    |   File "C:\Users\Twazei_ceo\AppData\Roaming\Python\Python314\site-packages\sqlalchemy\pool\base.py", line 712, in checkout
    |     rec = pool._do_get()
    |   File "C:\Users\Twazei_ceo\AppData\Roaming\Python\Python314\site-packages\sqlalchemy\pool\impl.py", line 178, in _do_get
    |     with util.safe_reraise():
    |          ~~~~~~~~~~~~~~~~~^^
    |   File "C:\Users\Twazei_ceo\AppData\Roaming\Python\Python314\site-packages\sqlalchemy\util\langhelpers.py", line 122, in __exit__
    |     raise exc_value.with_traceback(exc_tb)
    |   File "C:\Users\Twazei_ceo\AppData\Roaming\Python\Python314\site-packages\sqlalchemy\pool\impl.py", line 176, in _do_get
    |     return self._create_connection()
    |            ~~~~~~~~~~~~~~~~~~~~~~~^^
    |   File "C:\Users\Twazei_ceo\AppData\Roaming\Python\Python314\site-packages\sqlalchemy\pool\base.py", line 389, in _create_connection
    |     return _ConnectionRecord(self)
    |   File "C:\Users\Twazei_ceo\AppData\Roaming\Python\Python314\site-packages\sqlalchemy\pool\base.py", line 674, in __init__
    |     self.__connect()
    |     ~~~~~~~~~~~~~~^^
    |   File "C:\Users\Twazei_ceo\AppData\Roaming\Python\Python314\site-packages\sqlalchemy\pool\base.py", line 900, in __connect
    |     with util.safe_reraise():
    |          ~~~~~~~~~~~~~~~~~^^
    |   File "C:\Users\Twazei_ceo\AppData\Roaming\Python\Python314\site-packages\sqlalchemy\util\langhelpers.py", line 122, in __exit__
    |     raise exc_value.with_traceback(exc_tb)
    |   File "C:\Users\Twazei_ceo\AppData\Roaming\Python\Python314\site-packages\sqlalchemy\pool\base.py", line 896, in __connect
    |     self.dbapi_connection = connection = pool._invoke_creator(self)
    |                                          ~~~~~~~~~~~~~~~~~~~~^^^^^^
    |   File "C:\Users\Twazei_ceo\AppData\Roaming\Python\Python314\site-packages\sqlalchemy\engine\create.py", line 667, in connect
    |     return dialect.connect(*cargs_tup, **cparams)
    |            ~~~~~~~~~~~~~~~^^^^^^^^^^^^^^^^^^^^^^^
    |   File "C:\Users\Twazei_ceo\AppData\Roaming\Python\Python314\site-packages\sqlalchemy\engine\default.py", line 630, in connect
    |     return self.loaded_dbapi.connect(*cargs, **cparams)  # type: ignore[no-any-return]  # NOQA: E501
    |            ~~~~~~~~~~~~~~~~~~~~~~~~~^^^^^^^^^^^^^^^^^^^
    |   File "C:\Users\Twazei_ceo\AppData\Roaming\Python\Python314\site-packages\sqlalchemy\dialects\postgresql\asyncpg.py", line 955, in connect
    |     await_only(creator_fn(*arg, **kw)),
    |     ~~~~~~~~~~^^^^^^^^^^^^^^^^^^^^^^^^
    |   File "C:\Users\Twazei_ceo\AppData\Roaming\Python\Python314\site-packages\sqlalchemy\util\_concurrency_py3k.py", line 132, in await_only
    |     return current.parent.switch(awaitable)  # type: ignore[no-any-return,attr-defined] # noqa: E501
    |            ~~~~~~~~~~~~~~~~~~~~~^^^^^^^^^^^
    |   File "C:\Users\Twazei_ceo\AppData\Roaming\Python\Python314\site-packages\sqlalchemy\util\_concurrency_py3k.py", line 196, in greenlet_spawn
    |     value = await result
    |             ^^^^^^^^^^^^
    |   File "C:\Users\Twazei_ceo\AppData\Roaming\Python\Python314\site-packages\asyncpg\connection.py", line 2443, in connect
    |     return await connect_utils._connect(
    |            ^^^^^^^^^^^^^^^^^^^^^^^^^^^^^
    |     ...<22 lines>...
    |     )
    |     ^
    |   File "C:\Users\Twazei_ceo\AppData\Roaming\Python\Python314\site-packages\asyncpg\connect_utils.py", line 1249, in _connect
    |     raise last_error or exceptions.TargetServerAttributeNotMatched(
    |     ...<2 lines>...
    |     )
    |   File "C:\Users\Twazei_ceo\AppData\Roaming\Python\Python314\site-packages\asyncpg\connect_utils.py", line 1218, in _connect
    |     conn = await _connect_addr(
    |            ^^^^^^^^^^^^^^^^^^^^
    |     ...<6 lines>...
    |     )
    |     ^
    |   File "C:\Users\Twazei_ceo\AppData\Roaming\Python\Python314\site-packages\asyncpg\connect_utils.py", line 1054, in _connect_addr
    |     return await __connect_addr(params, True, *args)
    |            ^^^^^^^^^^^^^^^^^^^^^^^^^^^^^^^^^^^^^^^^^
    |   File "C:\Users\Twazei_ceo\AppData\Roaming\Python\Python314\site-packages\asyncpg\connect_utils.py", line 1099, in __connect_addr
    |     tr, pr = await connector
    |              ^^^^^^^^^^^^^^^
    |   File "C:\Users\Twazei_ceo\AppData\Roaming\Python\Python314\site-packages\asyncpg\connect_utils.py", line 969, in _create_ssl_connection
    |     tr, pr = await loop.create_connection(
    |              ^^^^^^^^^^^^^^^^^^^^^^^^^^^^^
    |     ...<2 lines>...
    |         host, port)
    |         ^^^^^^^^^^^
    |   File "C:\Python314\Lib\asyncio\base_events.py", line 1173, in create_connection
    |     raise exceptions[0]
    |   File "C:\Python314\Lib\asyncio\base_events.py", line 1143, in create_connection
    |     sock = await self._connect_sock(
    |            ^^^^^^^^^^^^^^^^^^^^^^^^^
    |         exceptions, addrinfo, laddr_infos)
    |         ^^^^^^^^^^^^^^^^^^^^^^^^^^^^^^^^^^
    |   File "C:\Python314\Lib\asyncio\base_events.py", line 1042, in _connect_sock
    |     await self.sock_connect(sock, address)
    |   File "C:\Python314\Lib\asyncio\proactor_events.py", line 728, in sock_connect
    |     return await self._proactor.connect(sock, address)
    |            ^^^^^^^^^^^^^^^^^^^^^^^^^^^^^^^^^^^^^^^^^^^
    |   File "C:\Python314\Lib\asyncio\windows_events.py", line 804, in _poll
    |     value = callback(transferred, key, ov)
    |   File "C:\Python314\Lib\asyncio\windows_events.py", line 600, in finish_connect
    |     ov.getresult()
    |     ~~~~~~~~~~~~^^
    | ConnectionRefusedError: [WinError 1225] The remote computer refused the network connection
    +------------------------------------

During handling of the above exception, another exception occurred:

Traceback (most recent call last):
  File "C:\Python314\Lib\site-packages\uvicorn\protocols\http\httptools_impl.py", line 401, in run_asgi
    result = await app(  # type: ignore[func-returns-value]
             ^^^^^^^^^^^^^^^^^^^^^^^^^^^^^^^^^^^^^^^^^^^^^^
        self.scope, self.receive, self.send
        ^^^^^^^^^^^^^^^^^^^^^^^^^^^^^^^^^^^
    )
    ^
  File "C:\Python314\Lib\site-packages\uvicorn\middleware\proxy_headers.py", line 70, in __call__
    return await self.app(scope, receive, send)
           ^^^^^^^^^^^^^^^^^^^^^^^^^^^^^^^^^^^^
  File "C:\Python314\Lib\site-packages\fastapi\applications.py", line 1054, in __call__
    await super().__call__(scope, receive, send)
  File "C:\Users\Twazei_ceo\AppData\Roaming\Python\Python314\site-packages\starlette\applications.py", line 113, in __call__
    await self.middleware_stack(scope, receive, send)
  File "C:\Users\Twazei_ceo\AppData\Roaming\Python\Python314\site-packages\starlette\middleware\errors.py", line 187, in __call__
    raise exc
  File "C:\Users\Twazei_ceo\AppData\Roaming\Python\Python314\site-packages\starlette\middleware\errors.py", line 165, in __call__
    await self.app(scope, receive, _send)
  File "C:\Users\Twazei_ceo\AppData\Roaming\Python\Python314\site-packages\starlette\middleware\base.py", line 185, in __call__
    with collapse_excgroups():
         ~~~~~~~~~~~~~~~~~~^^
  File "C:\Python314\Lib\contextlib.py", line 162, in __exit__
    self.gen.throw(value)
    ~~~~~~~~~~~~~~^^^^^^^
  File "C:\Users\Twazei_ceo\AppData\Roaming\Python\Python314\site-packages\starlette\_utils.py", line 83, in collapse_excgroups
    raise exc
  File "C:\Users\Twazei_ceo\AppData\Roaming\Python\Python314\site-packages\starlette\middleware\base.py", line 187, in __call__
    response = await self.dispatch_func(request, call_next)
               ^^^^^^^^^^^^^^^^^^^^^^^^^^^^^^^^^^^^^^^^^^^^
  File "E:\Huffathul Hifaaz_asl\services\core-backend\app\main.py", line 102, in log_request_performance
    response = await call_next(request)
               ^^^^^^^^^^^^^^^^^^^^^^^^
  File "C:\Users\Twazei_ceo\AppData\Roaming\Python\Python314\site-packages\starlette\middleware\base.py", line 163, in call_next
    raise app_exc
  File "C:\Users\Twazei_ceo\AppData\Roaming\Python\Python314\site-packages\starlette\middleware\base.py", line 149, in coro
    await self.app(scope, receive_or_disconnect, send_no_error)
  File "C:\Users\Twazei_ceo\AppData\Roaming\Python\Python314\site-packages\starlette\middleware\cors.py", line 93, in __call__
    await self.simple_response(scope, receive, send, request_headers=headers)
  File "C:\Users\Twazei_ceo\AppData\Roaming\Python\Python314\site-packages\starlette\middleware\cors.py", line 144, in simple_response
    await self.app(scope, receive, send)
  File "C:\Users\Twazei_ceo\AppData\Roaming\Python\Python314\site-packages\starlette\middleware\exceptions.py", line 62, in __call__
    await wrap_app_handling_exceptions(self.app, conn)(scope, receive, send)
  File "C:\Users\Twazei_ceo\AppData\Roaming\Python\Python314\site-packages\starlette\_exception_handler.py", line 62, in wrapped_app
    raise exc
  File "C:\Users\Twazei_ceo\AppData\Roaming\Python\Python314\site-packages\starlette\_exception_handler.py", line 51, in wrapped_app
    await app(scope, receive, sender)
  File "C:\Users\Twazei_ceo\AppData\Roaming\Python\Python314\site-packages\starlette\routing.py", line 715, in __call__
    await self.middleware_stack(scope, receive, send)
  File "C:\Users\Twazei_ceo\AppData\Roaming\Python\Python314\site-packages\starlette\routing.py", line 735, in app
    await route.handle(scope, receive, send)
  File "C:\Users\Twazei_ceo\AppData\Roaming\Python\Python314\site-packages\starlette\routing.py", line 288, in handle
    await self.app(scope, receive, send)
  File "C:\Users\Twazei_ceo\AppData\Roaming\Python\Python314\site-packages\starlette\routing.py", line 76, in app
    await wrap_app_handling_exceptions(app, request)(scope, receive, send)
  File "C:\Users\Twazei_ceo\AppData\Roaming\Python\Python314\site-packages\starlette\_exception_handler.py", line 62, in wrapped_app
    raise exc
  File "C:\Users\Twazei_ceo\AppData\Roaming\Python\Python314\site-packages\starlette\_exception_handler.py", line 51, in wrapped_app
    await app(scope, receive, sender)
  File "C:\Users\Twazei_ceo\AppData\Roaming\Python\Python314\site-packages\starlette\routing.py", line 73, in app
    response = await f(request)
               ^^^^^^^^^^^^^^^^
  File "C:\Python314\Lib\site-packages\fastapi\routing.py", line 301, in app
    raw_response = await run_endpoint_function(
                   ^^^^^^^^^^^^^^^^^^^^^^^^^^^^
    ...<3 lines>...
    )
    ^
  File "C:\Python314\Lib\site-packages\fastapi\routing.py", line 212, in run_endpoint_function
    return await dependant.call(**values)
           ^^^^^^^^^^^^^^^^^^^^^^^^^^^^^^
  File "E:\Huffathul Hifaaz_asl\services\core-backend\app\routers\auth.py", line 106, in login
    user_query = await db.execute(select(User).where(User.email == target_email))
                 ^^^^^^^^^^^^^^^^^^^^^^^^^^^^^^^^^^^^^^^^^^^^^^^^^^^^^^^^^^^^^^^^
  File "C:\Users\Twazei_ceo\AppData\Roaming\Python\Python314\site-packages\sqlalchemy\ext\asyncio\session.py", line 448, in execute
    result = await greenlet_spawn(
             ^^^^^^^^^^^^^^^^^^^^^
    ...<6 lines>...
    )
    ^
  File "C:\Users\Twazei_ceo\AppData\Roaming\Python\Python314\site-packages\sqlalchemy\util\_concurrency_py3k.py", line 201, in greenlet_spawn
    result = context.throw(*sys.exc_info())
  File "C:\Users\Twazei_ceo\AppData\Roaming\Python\Python314\site-packages\sqlalchemy\orm\session.py", line 2373, in execute
    return self._execute_internal(
           ~~~~~~~~~~~~~~~~~~~~~~^
        statement,
        ^^^^^^^^^^
    ...<4 lines>...
        _add_event=_add_event,
        ^^^^^^^^^^^^^^^^^^^^^^
    )
    ^
  File "C:\Users\Twazei_ceo\AppData\Roaming\Python\Python314\site-packages\sqlalchemy\orm\session.py", line 2261, in _execute_internal
    conn = self._connection_for_bind(bind)
  File "C:\Users\Twazei_ceo\AppData\Roaming\Python\Python314\site-packages\sqlalchemy\orm\session.py", line 2113, in _connection_for_bind
    return trans._connection_for_bind(engine, execution_options)
           ~~~~~~~~~~~~~~~~~~~~~~~~~~^^^^^^^^^^^^^^^^^^^^^^^^^^^
  File "<string>", line 2, in _connection_for_bind
  File "C:\Users\Twazei_ceo\AppData\Roaming\Python\Python314\site-packages\sqlalchemy\orm\state_changes.py", line 137, in _go
    ret_value = fn(self, *arg, **kw)
  File "C:\Users\Twazei_ceo\AppData\Roaming\Python\Python314\site-packages\sqlalchemy\orm\session.py", line 1191, in _connection_for_bind
    conn = bind.connect()
  File "C:\Users\Twazei_ceo\AppData\Roaming\Python\Python314\site-packages\sqlalchemy\engine\base.py", line 3295, in connect
    return self._connection_cls(self)
           ~~~~~~~~~~~~~~~~~~~~^^^^^^
  File "C:\Users\Twazei_ceo\AppData\Roaming\Python\Python314\site-packages\sqlalchemy\engine\base.py", line 144, in __init__
    self._dbapi_connection = engine.raw_connection()
                             ~~~~~~~~~~~~~~~~~~~~~^^
  File "C:\Users\Twazei_ceo\AppData\Roaming\Python\Python314\site-packages\sqlalchemy\engine\base.py", line 3319, in raw_connection
    return self.pool.connect()
           ~~~~~~~~~~~~~~~~~^^
  File "C:\Users\Twazei_ceo\AppData\Roaming\Python\Python314\site-packages\sqlalchemy\pool\base.py", line 448, in connect
    return _ConnectionFairy._checkout(self)
           ~~~~~~~~~~~~~~~~~~~~~~~~~~^^^^^^
  File "C:\Users\Twazei_ceo\AppData\Roaming\Python\Python314\site-packages\sqlalchemy\pool\base.py", line 1272, in _checkout
    fairy = _ConnectionRecord.checkout(pool)
  File "C:\Users\Twazei_ceo\AppData\Roaming\Python\Python314\site-packages\sqlalchemy\pool\base.py", line 712, in checkout
    rec = pool._do_get()
  File "C:\Users\Twazei_ceo\AppData\Roaming\Python\Python314\site-packages\sqlalchemy\pool\impl.py", line 178, in _do_get
    with util.safe_reraise():
         ~~~~~~~~~~~~~~~~~^^
  File "C:\Users\Twazei_ceo\AppData\Roaming\Python\Python314\site-packages\sqlalchemy\util\langhelpers.py", line 122, in __exit__
    raise exc_value.with_traceback(exc_tb)
  File "C:\Users\Twazei_ceo\AppData\Roaming\Python\Python314\site-packages\sqlalchemy\pool\impl.py", line 176, in _do_get
    return self._create_connection()
           ~~~~~~~~~~~~~~~~~~~~~~~^^
  File "C:\Users\Twazei_ceo\AppData\Roaming\Python\Python314\site-packages\sqlalchemy\pool\base.py", line 389, in _create_connection
    return _ConnectionRecord(self)
  File "C:\Users\Twazei_ceo\AppData\Roaming\Python\Python314\site-packages\sqlalchemy\pool\base.py", line 674, in __init__
    self.__connect()
    ~~~~~~~~~~~~~~^^
  File "C:\Users\Twazei_ceo\AppData\Roaming\Python\Python314\site-packages\sqlalchemy\pool\base.py", line 900, in __connect
    with util.safe_reraise():
         ~~~~~~~~~~~~~~~~~^^
  File "C:\Users\Twazei_ceo\AppData\Roaming\Python\Python314\site-packages\sqlalchemy\util\langhelpers.py", line 122, in __exit__
    raise exc_value.with_traceback(exc_tb)
  File "C:\Users\Twazei_ceo\AppData\Roaming\Python\Python314\site-packages\sqlalchemy\pool\base.py", line 896, in __connect
    self.dbapi_connection = connection = pool._invoke_creator(self)
                                         ~~~~~~~~~~~~~~~~~~~~^^^^^^
  File "C:\Users\Twazei_ceo\AppData\Roaming\Python\Python314\site-packages\sqlalchemy\engine\create.py", line 667, in connect
    return dialect.connect(*cargs_tup, **cparams)
           ~~~~~~~~~~~~~~~^^^^^^^^^^^^^^^^^^^^^^^
  File "C:\Users\Twazei_ceo\AppData\Roaming\Python\Python314\site-packages\sqlalchemy\engine\default.py", line 630, in connect
    return self.loaded_dbapi.connect(*cargs, **cparams)  # type: ignore[no-any-return]  # NOQA: E501
           ~~~~~~~~~~~~~~~~~~~~~~~~~^^^^^^^^^^^^^^^^^^^
  File "C:\Users\Twazei_ceo\AppData\Roaming\Python\Python314\site-packages\sqlalchemy\dialects\postgresql\asyncpg.py", line 955, in connect
    await_only(creator_fn(*arg, **kw)),
    ~~~~~~~~~~^^^^^^^^^^^^^^^^^^^^^^^^
  File "C:\Users\Twazei_ceo\AppData\Roaming\Python\Python314\site-packages\sqlalchemy\util\_concurrency_py3k.py", line 132, in await_only
    return current.parent.switch(awaitable)  # type: ignore[no-any-return,attr-defined] # noqa: E501
           ~~~~~~~~~~~~~~~~~~~~~^^^^^^^^^^^
  File "C:\Users\Twazei_ceo\AppData\Roaming\Python\Python314\site-packages\sqlalchemy\util\_concurrency_py3k.py", line 196, in greenlet_spawn
    value = await result
            ^^^^^^^^^^^^
  File "C:\Users\Twazei_ceo\AppData\Roaming\Python\Python314\site-packages\asyncpg\connection.py", line 2443, in connect
    return await connect_utils._connect(
           ^^^^^^^^^^^^^^^^^^^^^^^^^^^^^
    ...<22 lines>...
    )
    ^
  File "C:\Users\Twazei_ceo\AppData\Roaming\Python\Python314\site-packages\asyncpg\connect_utils.py", line 1249, in _connect
    raise last_error or exceptions.TargetServerAttributeNotMatched(
    ...<2 lines>...
    )
  File "C:\Users\Twazei_ceo\AppData\Roaming\Python\Python314\site-packages\asyncpg\connect_utils.py", line 1218, in _connect
    conn = await _connect_addr(
           ^^^^^^^^^^^^^^^^^^^^
    ...<6 lines>...
    )
    ^
  File "C:\Users\Twazei_ceo\AppData\Roaming\Python\Python314\site-packages\asyncpg\connect_utils.py", line 1054, in _connect_addr
    return await __connect_addr(params, True, *args)
           ^^^^^^^^^^^^^^^^^^^^^^^^^^^^^^^^^^^^^^^^^
  File "C:\Users\Twazei_ceo\AppData\Roaming\Python\Python314\site-packages\asyncpg\connect_utils.py", line 1099, in __connect_addr
    tr, pr = await connector
             ^^^^^^^^^^^^^^^
  File "C:\Users\Twazei_ceo\AppData\Roaming\Python\Python314\site-packages\asyncpg\connect_utils.py", line 969, in _create_ssl_connection
    tr, pr = await loop.create_connection(
             ^^^^^^^^^^^^^^^^^^^^^^^^^^^^^
    ...<2 lines>...
        host, port)
        ^^^^^^^^^^^
  File "C:\Python314\Lib\asyncio\base_events.py", line 1173, in create_connection
    raise exceptions[0]
  File "C:\Python314\Lib\asyncio\base_events.py", line 1143, in create_connection
    sock = await self._connect_sock(
           ^^^^^^^^^^^^^^^^^^^^^^^^^
        exceptions, addrinfo, laddr_infos)
        ^^^^^^^^^^^^^^^^^^^^^^^^^^^^^^^^^^
  File "C:\Python314\Lib\asyncio\base_events.py", line 1042, in _connect_sock
    await self.sock_connect(sock, address)
  File "C:\Python314\Lib\asyncio\proactor_events.py", line 728, in sock_connect
    return await self._proactor.connect(sock, address)
           ^^^^^^^^^^^^^^^^^^^^^^^^^^^^^^^^^^^^^^^^^^^
  File "C:\Python314\Lib\asyncio\windows_events.py", line 804, in _poll
    value = callback(transferred, key, ov)
  File "C:\Python314\Lib\asyncio\windows_events.py", line 600, in finish_connect
    ov.getresult()
    ~~~~~~~~~~~~^^
ConnectionRefusedError: [WinError 1225] The remote computer refused the network connection
2026-08-24 15:40:32,915 [INFO] app.main: HTTP GET /healthz - Status: 200 - Duration: 0.001s
INFO:     127.0.0.1:61524 - "GET /healthz HTTP/1.1" 200 OK
2026-08-24 15:40:38,483 [ERROR] app.main: \U0001f6a8 RUNTIME UNHANDLED EXCEPTION: [WinError 1225] The remote computer refused the network connection
  + Exception Group Traceback (most recent call last):
  |   File "C:\Users\Twazei_ceo\AppData\Roaming\Python\Python314\site-packages\starlette\_utils.py", line 77, in collapse_excgroups
  |     yield
  |   File "C:\Users\Twazei_ceo\AppData\Roaming\Python\Python314\site-packages\starlette\middleware\base.py", line 186, in __call__
  |     async with anyio.create_task_group() as task_group:
  |                ~~~~~~~~~~~~~~~~~~~~~~~^^
  |   File "C:\Python314\Lib\site-packages\anyio\_backends\_asyncio.py", line 815, in __aexit__
  |     raise BaseExceptionGroup(
  |         "unhandled errors in a TaskGroup", self._exceptions
  |     ) from None
  | ExceptionGroup: unhandled errors in a TaskGroup (1 sub-exception)
  +-+---------------- 1 ----------------
    | Traceback (most recent call last):
    |   File "C:\Users\Twazei_ceo\AppData\Roaming\Python\Python314\site-packages\starlette\middleware\errors.py", line 165, in __call__
    |     await self.app(scope, receive, _send)
    |   File "C:\Users\Twazei_ceo\AppData\Roaming\Python\Python314\site-packages\starlette\middleware\base.py", line 185, in __call__
    |     with collapse_excgroups():
    |          ~~~~~~~~~~~~~~~~~~^^
    |   File "C:\Python314\Lib\contextlib.py", line 162, in __exit__
    |     self.gen.throw(value)
    |     ~~~~~~~~~~~~~~^^^^^^^
    |   File "C:\Users\Twazei_ceo\AppData\Roaming\Python\Python314\site-packages\starlette\_utils.py", line 83, in collapse_excgroups
    |     raise exc
    |   File "C:\Users\Twazei_ceo\AppData\Roaming\Python\Python314\site-packages\starlette\middleware\base.py", line 187, in __call__
    |     response = await self.dispatch_func(request, call_next)
    |                ^^^^^^^^^^^^^^^^^^^^^^^^^^^^^^^^^^^^^^^^^^^^
    |   File "E:\Huffathul Hifaaz_asl\services\core-backend\app\main.py", line 102, in log_request_performance
    |     response = await call_next(request)
    |                ^^^^^^^^^^^^^^^^^^^^^^^^
    |   File "C:\Users\Twazei_ceo\AppData\Roaming\Python\Python314\site-packages\starlette\middleware\base.py", line 163, in call_next
    |     raise app_exc
    |   File "C:\Users\Twazei_ceo\AppData\Roaming\Python\Python314\site-packages\starlette\middleware\base.py", line 149, in coro
    |     await self.app(scope, receive_or_disconnect, send_no_error)
    |   File "C:\Users\Twazei_ceo\AppData\Roaming\Python\Python314\site-packages\starlette\middleware\cors.py", line 93, in __call__
    |     await self.simple_response(scope, receive, send, request_headers=headers)
    |   File "C:\Users\Twazei_ceo\AppData\Roaming\Python\Python314\site-packages\starlette\middleware\cors.py", line 144, in simple_response
    |     await self.app(scope, receive, send)
    |   File "C:\Users\Twazei_ceo\AppData\Roaming\Python\Python314\site-packages\starlette\middleware\exceptions.py", line 62, in __call__
    |     await wrap_app_handling_exceptions(self.app, conn)(scope, receive, send)
    |   File "C:\Users\Twazei_ceo\AppData\Roaming\Python\Python314\site-packages\starlette\_exception_handler.py", line 62, in wrapped_app
    |     raise exc
    |   File "C:\Users\Twazei_ceo\AppData\Roaming\Python\Python314\site-packages\starlette\_exception_handler.py", line 51, in wrapped_app
    |     await app(scope, receive, sender)
    |   File "C:\Users\Twazei_ceo\AppData\Roaming\Python\Python314\site-packages\starlette\routing.py", line 715, in __call__
    |     await self.middleware_stack(scope, receive, send)
    |   File "C:\Users\Twazei_ceo\AppData\Roaming\Python\Python314\site-packages\starlette\routing.py", line 735, in app
    |     await route.handle(scope, receive, send)
    |   File "C:\Users\Twazei_ceo\AppData\Roaming\Python\Python314\site-packages\starlette\routing.py", line 288, in handle
    |     await self.app(scope, receive, send)
    |   File "C:\Users\Twazei_ceo\AppData\Roaming\Python\Python314\site-packages\starlette\routing.py", line 76, in app
    |     await wrap_app_handling_exceptions(app, request)(scope, receive, send)
    |   File "C:\Users\Twazei_ceo\AppData\Roaming\Python\Python314\site-packages\starlette\_exception_handler.py", line 62, in wrapped_app
    |     raise exc
    |   File "C:\Users\Twazei_ceo\AppData\Roaming\Python\Python314\site-packages\starlette\_exception_handler.py", line 51, in wrapped_app
    |     await app(scope, receive, sender)
    |   File "C:\Users\Twazei_ceo\AppData\Roaming\Python\Python314\site-packages\starlette\routing.py", line 73, in app
    |     response = await f(request)
    |                ^^^^^^^^^^^^^^^^
    |   File "C:\Python314\Lib\site-packages\fastapi\routing.py", line 301, in app
    |     raw_response = await run_endpoint_function(
    |                    ^^^^^^^^^^^^^^^^^^^^^^^^^^^^
    |     ...<3 lines>...
    |     )
    |     ^
    |   File "C:\Python314\Lib\site-packages\fastapi\routing.py", line 212, in run_endpoint_function
    |     return await dependant.call(**values)
    |            ^^^^^^^^^^^^^^^^^^^^^^^^^^^^^^
    |   File "E:\Huffathul Hifaaz_asl\services\core-backend\app\routers\auth.py", line 106, in login
    |     user_query = await db.execute(select(User).where(User.email == target_email))
    |                  ^^^^^^^^^^^^^^^^^^^^^^^^^^^^^^^^^^^^^^^^^^^^^^^^^^^^^^^^^^^^^^^^
    |   File "C:\Users\Twazei_ceo\AppData\Roaming\Python\Python314\site-packages\sqlalchemy\ext\asyncio\session.py", line 448, in execute
    |     result = await greenlet_spawn(
    |              ^^^^^^^^^^^^^^^^^^^^^
    |     ...<6 lines>...
    |     )
    |     ^
    |   File "C:\Users\Twazei_ceo\AppData\Roaming\Python\Python314\site-packages\sqlalchemy\util\_concurrency_py3k.py", line 201, in greenlet_spawn
    |     result = context.throw(*sys.exc_info())
    |   File "C:\Users\Twazei_ceo\AppData\Roaming\Python\Python314\site-packages\sqlalchemy\orm\session.py", line 2373, in execute
    |     return self._execute_internal(
    |            ~~~~~~~~~~~~~~~~~~~~~~^
    |         statement,
    |         ^^^^^^^^^^
    |     ...<4 lines>...
    |         _add_event=_add_event,
    |         ^^^^^^^^^^^^^^^^^^^^^^
    |     )
    |     ^
    |   File "C:\Users\Twazei_ceo\AppData\Roaming\Python\Python314\site-packages\sqlalchemy\orm\session.py", line 2261, in _execute_internal
    |     conn = self._connection_for_bind(bind)
    |   File "C:\Users\Twazei_ceo\AppData\Roaming\Python\Python314\site-packages\sqlalchemy\orm\session.py", line 2113, in _connection_for_bind
    |     return trans._connection_for_bind(engine, execution_options)
    |            ~~~~~~~~~~~~~~~~~~~~~~~~~~^^^^^^^^^^^^^^^^^^^^^^^^^^^
    |   File "<string>", line 2, in _connection_for_bind
    |   File "C:\Users\Twazei_ceo\AppData\Roaming\Python\Python314\site-packages\sqlalchemy\orm\state_changes.py", line 137, in _go
    |     ret_value = fn(self, *arg, **kw)
    |   File "C:\Users\Twazei_ceo\AppData\Roaming\Python\Python314\site-packages\sqlalchemy\orm\session.py", line 1191, in _connection_for_bind
    |     conn = bind.connect()
    |   File "C:\Users\Twazei_ceo\AppData\Roaming\Python\Python314\site-packages\sqlalchemy\engine\base.py", line 3295, in connect
    |     return self._connection_cls(self)
    |            ~~~~~~~~~~~~~~~~~~~~^^^^^^
    |   File "C:\Users\Twazei_ceo\AppData\Roaming\Python\Python314\site-packages\sqlalchemy\engine\base.py", line 144, in __init__
    |     self._dbapi_connection = engine.raw_connection()
    |                              ~~~~~~~~~~~~~~~~~~~~~^^
    |   File "C:\Users\Twazei_ceo\AppData\Roaming\Python\Python314\site-packages\sqlalchemy\engine\base.py", line 3319, in raw_connection
    |     return self.pool.connect()
    |            ~~~~~~~~~~~~~~~~~^^
    |   File "C:\Users\Twazei_ceo\AppData\Roaming\Python\Python314\site-packages\sqlalchemy\pool\base.py", line 448, in connect
    |     return _ConnectionFairy._checkout(self)
    |            ~~~~~~~~~~~~~~~~~~~~~~~~~~^^^^^^
    |   File "C:\Users\Twazei_ceo\AppData\Roaming\Python\Python314\site-packages\sqlalchemy\pool\base.py", line 1272, in _checkout
    |     fairy = _ConnectionRecord.checkout(pool)
    |   File "C:\Users\Twazei_ceo\AppData\Roaming\Python\Python314\site-packages\sqlalchemy\pool\base.py", line 712, in checkout
    |     rec = pool._do_get()
    |   File "C:\Users\Twazei_ceo\AppData\Roaming\Python\Python314\site-packages\sqlalchemy\pool\impl.py", line 178, in _do_get
    |     with util.safe_reraise():
    |          ~~~~~~~~~~~~~~~~~^^
    |   File "C:\Users\Twazei_ceo\AppData\Roaming\Python\Python314\site-packages\sqlalchemy\util\langhelpers.py", line 122, in __exit__
    |     raise exc_value.with_traceback(exc_tb)
    |   File "C:\Users\Twazei_ceo\AppData\Roaming\Python\Python314\site-packages\sqlalchemy\pool\impl.py", line 176, in _do_get
    |     return self._create_connection()
    |            ~~~~~~~~~~~~~~~~~~~~~~~^^
    |   File "C:\Users\Twazei_ceo\AppData\Roaming\Python\Python314\site-packages\sqlalchemy\pool\base.py", line 389, in _create_connection
    |     return _ConnectionRecord(self)
    |   File "C:\Users\Twazei_ceo\AppData\Roaming\Python\Python314\site-packages\sqlalchemy\pool\base.py", line 674, in __init__
    |     self.__connect()
    |     ~~~~~~~~~~~~~~^^
    |   File "C:\Users\Twazei_ceo\AppData\Roaming\Python\Python314\site-packages\sqlalchemy\pool\base.py", line 900, in __connect
    |     with util.safe_reraise():
    |          ~~~~~~~~~~~~~~~~~^^
    |   File "C:\Users\Twazei_ceo\AppData\Roaming\Python\Python314\site-packages\sqlalchemy\util\langhelpers.py", line 122, in __exit__
    |     raise exc_value.with_traceback(exc_tb)
    |   File "C:\Users\Twazei_ceo\AppData\Roaming\Python\Python314\site-packages\sqlalchemy\pool\base.py", line 896, in __connect
    |     self.dbapi_connection = connection = pool._invoke_creator(self)
    |                                          ~~~~~~~~~~~~~~~~~~~~^^^^^^
    |   File "C:\Users\Twazei_ceo\AppData\Roaming\Python\Python314\site-packages\sqlalchemy\engine\create.py", line 667, in connect
    |     return dialect.connect(*cargs_tup, **cparams)
    |            ~~~~~~~~~~~~~~~^^^^^^^^^^^^^^^^^^^^^^^
    |   File "C:\Users\Twazei_ceo\AppData\Roaming\Python\Python314\site-packages\sqlalchemy\engine\default.py", line 630, in connect
    |     return self.loaded_dbapi.connect(*cargs, **cparams)  # type: ignore[no-any-return]  # NOQA: E501
    |            ~~~~~~~~~~~~~~~~~~~~~~~~~^^^^^^^^^^^^^^^^^^^
    |   File "C:\Users\Twazei_ceo\AppData\Roaming\Python\Python314\site-packages\sqlalchemy\dialects\postgresql\asyncpg.py", line 955, in connect
    |     await_only(creator_fn(*arg, **kw)),
    |     ~~~~~~~~~~^^^^^^^^^^^^^^^^^^^^^^^^
    |   File "C:\Users\Twazei_ceo\AppData\Roaming\Python\Python314\site-packages\sqlalchemy\util\_concurrency_py3k.py", line 132, in await_only
    |     return current.parent.switch(awaitable)  # type: ignore[no-any-return,attr-defined] # noqa: E501
    |            ~~~~~~~~~~~~~~~~~~~~~^^^^^^^^^^^
    |   File "C:\Users\Twazei_ceo\AppData\Roaming\Python\Python314\site-packages\sqlalchemy\util\_concurrency_py3k.py", line 196, in greenlet_spawn
    |     value = await result
    |             ^^^^^^^^^^^^
    |   File "C:\Users\Twazei_ceo\AppData\Roaming\Python\Python314\site-packages\asyncpg\connection.py", line 2443, in connect
    |     return await connect_utils._connect(
    |            ^^^^^^^^^^^^^^^^^^^^^^^^^^^^^
    |     ...<22 lines>...
    |     )
    |     ^
    |   File "C:\Users\Twazei_ceo\AppData\Roaming\Python\Python314\site-packages\asyncpg\connect_utils.py", line 1249, in _connect
    |     raise last_error or exceptions.TargetServerAttributeNotMatched(
    |     ...<2 lines>...
    |     )
    |   File "C:\Users\Twazei_ceo\AppData\Roaming\Python\Python314\site-packages\asyncpg\connect_utils.py", line 1218, in _connect
    |     conn = await _connect_addr(
    |            ^^^^^^^^^^^^^^^^^^^^
    |     ...<6 lines>...
    |     )
    |     ^
    |   File "C:\Users\Twazei_ceo\AppData\Roaming\Python\Python314\site-packages\asyncpg\connect_utils.py", line 1054, in _connect_addr
    |     return await __connect_addr(params, True, *args)
    |            ^^^^^^^^^^^^^^^^^^^^^^^^^^^^^^^^^^^^^^^^^
    |   File "C:\Users\Twazei_ceo\AppData\Roaming\Python\Python314\site-packages\asyncpg\connect_utils.py", line 1099, in __connect_addr
    |     tr, pr = await connector
    |              ^^^^^^^^^^^^^^^
    |   File "C:\Users\Twazei_ceo\AppData\Roaming\Python\Python314\site-packages\asyncpg\connect_utils.py", line 969, in _create_ssl_connection
    |     tr, pr = await loop.create_connection(
    |              ^^^^^^^^^^^^^^^^^^^^^^^^^^^^^
    |     ...<2 lines>...
    |         host, port)
    |         ^^^^^^^^^^^
    |   File "C:\Python314\Lib\asyncio\base_events.py", line 1173, in create_connection
    |     raise exceptions[0]
    |   File "C:\Python314\Lib\asyncio\base_events.py", line 1143, in create_connection
    |     sock = await self._connect_sock(
    |            ^^^^^^^^^^^^^^^^^^^^^^^^^
    |         exceptions, addrinfo, laddr_infos)
    |         ^^^^^^^^^^^^^^^^^^^^^^^^^^^^^^^^^^
    |   File "C:\Python314\Lib\asyncio\base_events.py", line 1042, in _connect_sock
    |     await self.sock_connect(sock, address)
    |   File "C:\Python314\Lib\asyncio\proactor_events.py", line 728, in sock_connect
    |     return await self._proactor.connect(sock, address)
    |            ^^^^^^^^^^^^^^^^^^^^^^^^^^^^^^^^^^^^^^^^^^^
    |   File "C:\Python314\Lib\asyncio\windows_events.py", line 804, in _poll
    |     value = callback(transferred, key, ov)
    |   File "C:\Python314\Lib\asyncio\windows_events.py", line 600, in finish_connect
    |     ov.getresult()
    |     ~~~~~~~~~~~~^^
    | ConnectionRefusedError: [WinError 1225] The remote computer refused the network connection
    +------------------------------------

During handling of the above exception, another exception occurred:

Traceback (most recent call last):
  File "C:\Users\Twazei_ceo\AppData\Roaming\Python\Python314\site-packages\starlette\middleware\errors.py", line 165, in __call__
    await self.app(scope, receive, _send)
  File "C:\Users\Twazei_ceo\AppData\Roaming\Python\Python314\site-packages\starlette\middleware\base.py", line 185, in __call__
    with collapse_excgroups():
         ~~~~~~~~~~~~~~~~~~^^
  File "C:\Python314\Lib\contextlib.py", line 162, in __exit__
    self.gen.throw(value)
    ~~~~~~~~~~~~~~^^^^^^^
  File "C:\Users\Twazei_ceo\AppData\Roaming\Python\Python314\site-packages\starlette\_utils.py", line 83, in collapse_excgroups
    raise exc
  File "C:\Users\Twazei_ceo\AppData\Roaming\Python\Python314\site-packages\starlette\middleware\base.py", line 187, in __call__
    response = await self.dispatch_func(request, call_next)
               ^^^^^^^^^^^^^^^^^^^^^^^^^^^^^^^^^^^^^^^^^^^^
  File "E:\Huffathul Hifaaz_asl\services\core-backend\app\main.py", line 102, in log_request_performance
    response = await call_next(request)
               ^^^^^^^^^^^^^^^^^^^^^^^^
  File "C:\Users\Twazei_ceo\AppData\Roaming\Python\Python314\site-packages\starlette\middleware\base.py", line 163, in call_next
    raise app_exc
  File "C:\Users\Twazei_ceo\AppData\Roaming\Python\Python314\site-packages\starlette\middleware\base.py", line 149, in coro
    await self.app(scope, receive_or_disconnect, send_no_error)
  File "C:\Users\Twazei_ceo\AppData\Roaming\Python\Python314\site-packages\starlette\middleware\cors.py", line 93, in __call__
    await self.simple_response(scope, receive, send, request_headers=headers)
  File "C:\Users\Twazei_ceo\AppData\Roaming\Python\Python314\site-packages\starlette\middleware\cors.py", line 144, in simple_response
    await self.app(scope, receive, send)
  File "C:\Users\Twazei_ceo\AppData\Roaming\Python\Python314\site-packages\starlette\middleware\exceptions.py", line 62, in __call__
    await wrap_app_handling_exceptions(self.app, conn)(scope, receive, send)
  File "C:\Users\Twazei_ceo\AppData\Roaming\Python\Python314\site-packages\starlette\_exception_handler.py", line 62, in wrapped_app
    raise exc
  File "C:\Users\Twazei_ceo\AppData\Roaming\Python\Python314\site-packages\starlette\_exception_handler.py", line 51, in wrapped_app
    await app(scope, receive, sender)
  File "C:\Users\Twazei_ceo\AppData\Roaming\Python\Python314\site-packages\starlette\routing.py", line 715, in __call__
    await self.middleware_stack(scope, receive, send)
  File "C:\Users\Twazei_ceo\AppData\Roaming\Python\Python314\site-packages\starlette\routing.py", line 735, in app
    await route.handle(scope, receive, send)
  File "C:\Users\Twazei_ceo\AppData\Roaming\Python\Python314\site-packages\starlette\routing.py", line 288, in handle
    await self.app(scope, receive, send)
  File "C:\Users\Twazei_ceo\AppData\Roaming\Python\Python314\site-packages\starlette\routing.py", line 76, in app
    await wrap_app_handling_exceptions(app, request)(scope, receive, send)
  File "C:\Users\Twazei_ceo\AppData\Roaming\Python\Python314\site-packages\starlette\_exception_handler.py", line 62, in wrapped_app
    raise exc
  File "C:\Users\Twazei_ceo\AppData\Roaming\Python\Python314\site-packages\starlette\_exception_handler.py", line 51, in wrapped_app
    await app(scope, receive, sender)
  File "C:\Users\Twazei_ceo\AppData\Roaming\Python\Python314\site-packages\starlette\routing.py", line 73, in app
    response = await f(request)
               ^^^^^^^^^^^^^^^^
  File "C:\Python314\Lib\site-packages\fastapi\routing.py", line 301, in app
    raw_response = await run_endpoint_function(
                   ^^^^^^^^^^^^^^^^^^^^^^^^^^^^
    ...<3 lines>...
    )
    ^
  File "C:\Python314\Lib\site-packages\fastapi\routing.py", line 212, in run_endpoint_function
    return await dependant.call(**values)
           ^^^^^^^^^^^^^^^^^^^^^^^^^^^^^^
  File "E:\Huffathul Hifaaz_asl\services\core-backend\app\routers\auth.py", line 106, in login
    user_query = await db.execute(select(User).where(User.email == target_email))
                 ^^^^^^^^^^^^^^^^^^^^^^^^^^^^^^^^^^^^^^^^^^^^^^^^^^^^^^^^^^^^^^^^
  File "C:\Users\Twazei_ceo\AppData\Roaming\Python\Python314\site-packages\sqlalchemy\ext\asyncio\session.py", line 448, in execute
    result = await greenlet_spawn(
             ^^^^^^^^^^^^^^^^^^^^^
    ...<6 lines>...
    )
    ^
  File "C:\Users\Twazei_ceo\AppData\Roaming\Python\Python314\site-packages\sqlalchemy\util\_concurrency_py3k.py", line 201, in greenlet_spawn
    result = context.throw(*sys.exc_info())
  File "C:\Users\Twazei_ceo\AppData\Roaming\Python\Python314\site-packages\sqlalchemy\orm\session.py", line 2373, in execute
    return self._execute_internal(
           ~~~~~~~~~~~~~~~~~~~~~~^
        statement,
        ^^^^^^^^^^
    ...<4 lines>...
        _add_event=_add_event,
        ^^^^^^^^^^^^^^^^^^^^^^
    )
    ^
  File "C:\Users\Twazei_ceo\AppData\Roaming\Python\Python314\site-packages\sqlalchemy\orm\session.py", line 2261, in _execute_internal
    conn = self._connection_for_bind(bind)
  File "C:\Users\Twazei_ceo\AppData\Roaming\Python\Python314\site-packages\sqlalchemy\orm\session.py", line 2113, in _connection_for_bind
    return trans._connection_for_bind(engine, execution_options)
           ~~~~~~~~~~~~~~~~~~~~~~~~~~^^^^^^^^^^^^^^^^^^^^^^^^^^^
  File "<string>", line 2, in _connection_for_bind
  File "C:\Users\Twazei_ceo\AppData\Roaming\Python\Python314\site-packages\sqlalchemy\orm\state_changes.py", line 137, in _go
    ret_value = fn(self, *arg, **kw)
  File "C:\Users\Twazei_ceo\AppData\Roaming\Python\Python314\site-packages\sqlalchemy\orm\session.py", line 1191, in _connection_for_bind
    conn = bind.connect()
  File "C:\Users\Twazei_ceo\AppData\Roaming\Python\Python314\site-packages\sqlalchemy\engine\base.py", line 3295, in connect
    return self._connection_cls(self)
           ~~~~~~~~~~~~~~~~~~~~^^^^^^
  File "C:\Users\Twazei_ceo\AppData\Roaming\Python\Python314\site-packages\sqlalchemy\engine\base.py", line 144, in __init__
    self._dbapi_connection = engine.raw_connection()
                             ~~~~~~~~~~~~~~~~~~~~~^^
  File "C:\Users\Twazei_ceo\AppData\Roaming\Python\Python314\site-packages\sqlalchemy\engine\base.py", line 3319, in raw_connection
    return self.pool.connect()
           ~~~~~~~~~~~~~~~~~^^
  File "C:\Users\Twazei_ceo\AppData\Roaming\Python\Python314\site-packages\sqlalchemy\pool\base.py", line 448, in connect
    return _ConnectionFairy._checkout(self)
           ~~~~~~~~~~~~~~~~~~~~~~~~~~^^^^^^
  File "C:\Users\Twazei_ceo\AppData\Roaming\Python\Python314\site-packages\sqlalchemy\pool\base.py", line 1272, in _checkout
    fairy = _ConnectionRecord.checkout(pool)
  File "C:\Users\Twazei_ceo\AppData\Roaming\Python\Python314\site-packages\sqlalchemy\pool\base.py", line 712, in checkout
    rec = pool._do_get()
  File "C:\Users\Twazei_ceo\AppData\Roaming\Python\Python314\site-packages\sqlalchemy\pool\impl.py", line 178, in _do_get
    with util.safe_reraise():
         ~~~~~~~~~~~~~~~~~^^
  File "C:\Users\Twazei_ceo\AppData\Roaming\Python\Python314\site-packages\sqlalchemy\util\langhelpers.py", line 122, in __exit__
    raise exc_value.with_traceback(exc_tb)
  File "C:\Users\Twazei_ceo\AppData\Roaming\Python\Python314\site-packages\sqlalchemy\pool\impl.py", line 176, in _do_get
    return self._create_connection()
           ~~~~~~~~~~~~~~~~~~~~~~~^^
  File "C:\Users\Twazei_ceo\AppData\Roaming\Python\Python314\site-packages\sqlalchemy\pool\base.py", line 389, in _create_connection
    return _ConnectionRecord(self)
  File "C:\Users\Twazei_ceo\AppData\Roaming\Python\Python314\site-packages\sqlalchemy\pool\base.py", line 674, in __init__
    self.__connect()
    ~~~~~~~~~~~~~~^^
  File "C:\Users\Twazei_ceo\AppData\Roaming\Python\Python314\site-packages\sqlalchemy\pool\base.py", line 900, in __connect
    with util.safe_reraise():
         ~~~~~~~~~~~~~~~~~^^
  File "C:\Users\Twazei_ceo\AppData\Roaming\Python\Python314\site-packages\sqlalchemy\util\langhelpers.py", line 122, in __exit__
    raise exc_value.with_traceback(exc_tb)
  File "C:\Users\Twazei_ceo\AppData\Roaming\Python\Python314\site-packages\sqlalchemy\pool\base.py", line 896, in __connect
    self.dbapi_connection = connection = pool._invoke_creator(self)
                                         ~~~~~~~~~~~~~~~~~~~~^^^^^^
  File "C:\Users\Twazei_ceo\AppData\Roaming\Python\Python314\site-packages\sqlalchemy\engine\create.py", line 667, in connect
    return dialect.connect(*cargs_tup, **cparams)
           ~~~~~~~~~~~~~~~^^^^^^^^^^^^^^^^^^^^^^^
  File "C:\Users\Twazei_ceo\AppData\Roaming\Python\Python314\site-packages\sqlalchemy\engine\default.py", line 630, in connect
    return self.loaded_dbapi.connect(*cargs, **cparams)  # type: ignore[no-any-return]  # NOQA: E501
           ~~~~~~~~~~~~~~~~~~~~~~~~~^^^^^^^^^^^^^^^^^^^
  File "C:\Users\Twazei_ceo\AppData\Roaming\Python\Python314\site-packages\sqlalchemy\dialects\postgresql\asyncpg.py", line 955, in connect
    await_only(creator_fn(*arg, **kw)),
    ~~~~~~~~~~^^^^^^^^^^^^^^^^^^^^^^^^
  File "C:\Users\Twazei_ceo\AppData\Roaming\Python\Python314\site-packages\sqlalchemy\util\_concurrency_py3k.py", line 132, in await_only
    return current.parent.switch(awaitable)  # type: ignore[no-any-return,attr-defined] # noqa: E501
           ~~~~~~~~~~~~~~~~~~~~~^^^^^^^^^^^
  File "C:\Users\Twazei_ceo\AppData\Roaming\Python\Python314\site-packages\sqlalchemy\util\_concurrency_py3k.py", line 196, in greenlet_spawn
    value = await result
            ^^^^^^^^^^^^
  File "C:\Users\Twazei_ceo\AppData\Roaming\Python\Python314\site-packages\asyncpg\connection.py", line 2443, in connect
    return await connect_utils._connect(
           ^^^^^^^^^^^^^^^^^^^^^^^^^^^^^
    ...<22 lines>...
    )
    ^
  File "C:\Users\Twazei_ceo\AppData\Roaming\Python\Python314\site-packages\asyncpg\connect_utils.py", line 1249, in _connect
    raise last_error or exceptions.TargetServerAttributeNotMatched(
    ...<2 lines>...
    )
  File "C:\Users\Twazei_ceo\AppData\Roaming\Python\Python314\site-packages\asyncpg\connect_utils.py", line 1218, in _connect
    conn = await _connect_addr(
           ^^^^^^^^^^^^^^^^^^^^
    ...<6 lines>...
    )
    ^
  File "C:\Users\Twazei_ceo\AppData\Roaming\Python\Python314\site-packages\asyncpg\connect_utils.py", line 1054, in _connect_addr
    return await __connect_addr(params, True, *args)
           ^^^^^^^^^^^^^^^^^^^^^^^^^^^^^^^^^^^^^^^^^
  File "C:\Users\Twazei_ceo\AppData\Roaming\Python\Python314\site-packages\asyncpg\connect_utils.py", line 1099, in __connect_addr
    tr, pr = await connector
             ^^^^^^^^^^^^^^^
  File "C:\Users\Twazei_ceo\AppData\Roaming\Python\Python314\site-packages\asyncpg\connect_utils.py", line 969, in _create_ssl_connection
    tr, pr = await loop.create_connection(
             ^^^^^^^^^^^^^^^^^^^^^^^^^^^^^
    ...<2 lines>...
        host, port)
        ^^^^^^^^^^^
  File "C:\Python314\Lib\asyncio\base_events.py", line 1173, in create_connection
    raise exceptions[0]
  File "C:\Python314\Lib\asyncio\base_events.py", line 1143, in create_connection
    sock = await self._connect_sock(
           ^^^^^^^^^^^^^^^^^^^^^^^^^
        exceptions, addrinfo, laddr_infos)
        ^^^^^^^^^^^^^^^^^^^^^^^^^^^^^^^^^^
  File "C:\Python314\Lib\asyncio\base_events.py", line 1042, in _connect_sock
    await self.sock_connect(sock, address)
  File "C:\Python314\Lib\asyncio\proactor_events.py", line 728, in sock_connect
    return await self._proactor.connect(sock, address)
           ^^^^^^^^^^^^^^^^^^^^^^^^^^^^^^^^^^^^^^^^^^^
  File "C:\Python314\Lib\asyncio\windows_events.py", line 804, in _poll
    value = callback(transferred, key, ov)
  File "C:\Python314\Lib\asyncio\windows_events.py", line 600, in finish_connect
    ov.getresult()
    ~~~~~~~~~~~~^^
ConnectionRefusedError: [WinError 1225] The remote computer refused the network connection
ERROR:    Exception in ASGI application
  + Exception Group Traceback (most recent call last):
  |   File "C:\Users\Twazei_ceo\AppData\Roaming\Python\Python314\site-packages\starlette\_utils.py", line 77, in collapse_excgroups
  |     yield
  |   File "C:\Users\Twazei_ceo\AppData\Roaming\Python\Python314\site-packages\starlette\middleware\base.py", line 186, in __call__
  |     async with anyio.create_task_group() as task_group:
  |                ~~~~~~~~~~~~~~~~~~~~~~~^^
  |   File "C:\Python314\Lib\site-packages\anyio\_backends\_asyncio.py", line 815, in __aexit__
  |     raise BaseExceptionGroup(
  |         "unhandled errors in a TaskGroup", self._exceptions
  |     ) from None
  | ExceptionGroup: unhandled errors in a TaskGroup (1 sub-exception)
  +-+---------------- 1 ----------------
    | Traceback (most recent call last):
    |   File "C:\Python314\Lib\site-packages\uvicorn\protocols\http\httptools_impl.py", line 401, in run_asgi
    |     result = await app(  # type: ignore[func-returns-value]
    |              ^^^^^^^^^^^^^^^^^^^^^^^^^^^^^^^^^^^^^^^^^^^^^^
    |         self.scope, self.receive, self.send
    |         ^^^^^^^^^^^^^^^^^^^^^^^^^^^^^^^^^^^
    |     )
    |     ^
    |   File "C:\Python314\Lib\site-packages\uvicorn\middleware\proxy_headers.py", line 70, in __call__
    |     return await self.app(scope, receive, send)
    |            ^^^^^^^^^^^^^^^^^^^^^^^^^^^^^^^^^^^^
    |   File "C:\Python314\Lib\site-packages\fastapi\applications.py", line 1054, in __call__
    |     await super().__call__(scope, receive, send)
    |   File "C:\Users\Twazei_ceo\AppData\Roaming\Python\Python314\site-packages\starlette\applications.py", line 113, in __call__
    |     await self.middleware_stack(scope, receive, send)
    |   File "C:\Users\Twazei_ceo\AppData\Roaming\Python\Python314\site-packages\starlette\middleware\errors.py", line 187, in __call__
    |     raise exc
    |   File "C:\Users\Twazei_ceo\AppData\Roaming\Python\Python314\site-packages\starlette\middleware\errors.py", line 165, in __call__
    |     await self.app(scope, receive, _send)
    |   File "C:\Users\Twazei_ceo\AppData\Roaming\Python\Python314\site-packages\starlette\middleware\base.py", line 185, in __call__
    |     with collapse_excgroups():
    |          ~~~~~~~~~~~~~~~~~~^^
    |   File "C:\Python314\Lib\contextlib.py", line 162, in __exit__
    |     self.gen.throw(value)
    |     ~~~~~~~~~~~~~~^^^^^^^
    |   File "C:\Users\Twazei_ceo\AppData\Roaming\Python\Python314\site-packages\starlette\_utils.py", line 83, in collapse_excgroups
    |     raise exc
    |   File "C:\Users\Twazei_ceo\AppData\Roaming\Python\Python314\site-packages\starlette\middleware\base.py", line 187, in __call__
    |     response = await self.dispatch_func(request, call_next)
    |                ^^^^^^^^^^^^^^^^^^^^^^^^^^^^^^^^^^^^^^^^^^^^
    |   File "E:\Huffathul Hifaaz_asl\services\core-backend\app\main.py", line 102, in log_request_performance
    |     response = await call_next(request)
    |                ^^^^^^^^^^^^^^^^^^^^^^^^
    |   File "C:\Users\Twazei_ceo\AppData\Roaming\Python\Python314\site-packages\starlette\middleware\base.py", line 163, in call_next
    |     raise app_exc
    |   File "C:\Users\Twazei_ceo\AppData\Roaming\Python\Python314\site-packages\starlette\middleware\base.py", line 149, in coro
    |     await self.app(scope, receive_or_disconnect, send_no_error)
    |   File "C:\Users\Twazei_ceo\AppData\Roaming\Python\Python314\site-packages\starlette\middleware\cors.py", line 93, in __call__
    |     await self.simple_response(scope, receive, send, request_headers=headers)
    |   File "C:\Users\Twazei_ceo\AppData\Roaming\Python\Python314\site-packages\starlette\middleware\cors.py", line 144, in simple_response
    |     await self.app(scope, receive, send)
    |   File "C:\Users\Twazei_ceo\AppData\Roaming\Python\Python314\site-packages\starlette\middleware\exceptions.py", line 62, in __call__
    |     await wrap_app_handling_exceptions(self.app, conn)(scope, receive, send)
    |   File "C:\Users\Twazei_ceo\AppData\Roaming\Python\Python314\site-packages\starlette\_exception_handler.py", line 62, in wrapped_app
    |     raise exc
    |   File "C:\Users\Twazei_ceo\AppData\Roaming\Python\Python314\site-packages\starlette\_exception_handler.py", line 51, in wrapped_app
    |     await app(scope, receive, sender)
    |   File "C:\Users\Twazei_ceo\AppData\Roaming\Python\Python314\site-packages\starlette\routing.py", line 715, in __call__
    |     await self.middleware_stack(scope, receive, send)
    |   File "C:\Users\Twazei_ceo\AppData\Roaming\Python\Python314\site-packages\starlette\routing.py", line 735, in app
    |     await route.handle(scope, receive, send)
    |   File "C:\Users\Twazei_ceo\AppData\Roaming\Python\Python314\site-packages\starlette\routing.py", line 288, in handle
    |     await self.app(scope, receive, send)
    |   File "C:\Users\Twazei_ceo\AppData\Roaming\Python\Python314\site-packages\starlette\routing.py", line 76, in app
    |     await wrap_app_handling_exceptions(app, request)(scope, receive, send)
    |   File "C:\Users\Twazei_ceo\AppData\Roaming\Python\Python314\site-packages\starlette\_exception_handler.py", line 62, in wrapped_app
    |     raise exc
    |   File "C:\Users\Twazei_ceo\AppData\Roaming\Python\Python314\site-packages\starlette\_exception_handler.py", line 51, in wrapped_app
    |     await app(scope, receive, sender)
    |   File "C:\Users\Twazei_ceo\AppData\Roaming\Python\Python314\site-packages\starlette\routing.py", line 73, in app
    |     response = await f(request)
    |                ^^^^^^^^^^^^^^^^
    |   File "C:\Python314\Lib\site-packages\fastapi\routing.py", line 301, in app
    |     raw_response = await run_endpoint_function(
    |                    ^^^^^^^^^^^^^^^^^^^^^^^^^^^^
    |     ...<3 lines>...
    |     )
    |     ^
    |   File "C:\Python314\Lib\site-packages\fastapi\routing.py", line 212, in run_endpoint_function
    |     return await dependant.call(**values)
    |            ^^^^^^^^^^^^^^^^^^^^^^^^^^^^^^
    |   File "E:\Huffathul Hifaaz_asl\services\core-backend\app\routers\auth.py", line 106, in login
    |     user_query = await db.execute(select(User).where(User.email == target_email))
    |                  ^^^^^^^^^^^^^^^^^^^^^^^^^^^^^^^^^^^^^^^^^^^^^^^^^^^^^^^^^^^^^^^^
    |   File "C:\Users\Twazei_ceo\AppData\Roaming\Python\Python314\site-packages\sqlalchemy\ext\asyncio\session.py", line 448, in execute
    |     result = await greenlet_spawn(
    |              ^^^^^^^^^^^^^^^^^^^^^
    |     ...<6 lines>...
    |     )
    |     ^
    |   File "C:\Users\Twazei_ceo\AppData\Roaming\Python\Python314\site-packages\sqlalchemy\util\_concurrency_py3k.py", line 201, in greenlet_spawn
    |     result = context.throw(*sys.exc_info())
    |   File "C:\Users\Twazei_ceo\AppData\Roaming\Python\Python314\site-packages\sqlalchemy\orm\session.py", line 2373, in execute
    |     return self._execute_internal(
    |            ~~~~~~~~~~~~~~~~~~~~~~^
    |         statement,
    |         ^^^^^^^^^^
    |     ...<4 lines>...
    |         _add_event=_add_event,
    |         ^^^^^^^^^^^^^^^^^^^^^^
    |     )
    |     ^
    |   File "C:\Users\Twazei_ceo\AppData\Roaming\Python\Python314\site-packages\sqlalchemy\orm\session.py", line 2261, in _execute_internal
    |     conn = self._connection_for_bind(bind)
    |   File "C:\Users\Twazei_ceo\AppData\Roaming\Python\Python314\site-packages\sqlalchemy\orm\session.py", line 2113, in _connection_for_bind
    |     return trans._connection_for_bind(engine, execution_options)
    |            ~~~~~~~~~~~~~~~~~~~~~~~~~~^^^^^^^^^^^^^^^^^^^^^^^^^^^
    |   File "<string>", line 2, in _connection_for_bind
    |   File "C:\Users\Twazei_ceo\AppData\Roaming\Python\Python314\site-packages\sqlalchemy\orm\state_changes.py", line 137, in _go
    |     ret_value = fn(self, *arg, **kw)
    |   File "C:\Users\Twazei_ceo\AppData\Roaming\Python\Python314\site-packages\sqlalchemy\orm\session.py", line 1191, in _connection_for_bind
    |     conn = bind.connect()
    |   File "C:\Users\Twazei_ceo\AppData\Roaming\Python\Python314\site-packages\sqlalchemy\engine\base.py", line 3295, in connect
    |     return self._connection_cls(self)
    |            ~~~~~~~~~~~~~~~~~~~~^^^^^^
    |   File "C:\Users\Twazei_ceo\AppData\Roaming\Python\Python314\site-packages\sqlalchemy\engine\base.py", line 144, in __init__
    |     self._dbapi_connection = engine.raw_connection()
    |                              ~~~~~~~~~~~~~~~~~~~~~^^
    |   File "C:\Users\Twazei_ceo\AppData\Roaming\Python\Python314\site-packages\sqlalchemy\engine\base.py", line 3319, in raw_connection
    |     return self.pool.connect()
    |            ~~~~~~~~~~~~~~~~~^^
    |   File "C:\Users\Twazei_ceo\AppData\Roaming\Python\Python314\site-packages\sqlalchemy\pool\base.py", line 448, in connect
    |     return _ConnectionFairy._checkout(self)
    |            ~~~~~~~~~~~~~~~~~~~~~~~~~~^^^^^^
    |   File "C:\Users\Twazei_ceo\AppData\Roaming\Python\Python314\site-packages\sqlalchemy\pool\base.py", line 1272, in _checkout
    |     fairy = _ConnectionRecord.checkout(pool)
    |   File "C:\Users\Twazei_ceo\AppData\Roaming\Python\Python314\site-packages\sqlalchemy\pool\base.py", line 712, in checkout
    |     rec = pool._do_get()
    |   File "C:\Users\Twazei_ceo\AppData\Roaming\Python\Python314\site-packages\sqlalchemy\pool\impl.py", line 178, in _do_get
    |     with util.safe_reraise():
    |          ~~~~~~~~~~~~~~~~~^^
    |   File "C:\Users\Twazei_ceo\AppData\Roaming\Python\Python314\site-packages\sqlalchemy\util\langhelpers.py", line 122, in __exit__
    |     raise exc_value.with_traceback(exc_tb)
    |   File "C:\Users\Twazei_ceo\AppData\Roaming\Python\Python314\site-packages\sqlalchemy\pool\impl.py", line 176, in _do_get
    |     return self._create_connection()
    |            ~~~~~~~~~~~~~~~~~~~~~~~^^
    |   File "C:\Users\Twazei_ceo\AppData\Roaming\Python\Python314\site-packages\sqlalchemy\pool\base.py", line 389, in _create_connection
    |     return _ConnectionRecord(self)
    |   File "C:\Users\Twazei_ceo\AppData\Roaming\Python\Python314\site-packages\sqlalchemy\pool\base.py", line 674, in __init__
    |     self.__connect()
    |     ~~~~~~~~~~~~~~^^
    |   File "C:\Users\Twazei_ceo\AppData\Roaming\Python\Python314\site-packages\sqlalchemy\pool\base.py", line 900, in __connect
    |     with util.safe_reraise():
    |          ~~~~~~~~~~~~~~~~~^^
    |   File "C:\Users\Twazei_ceo\AppData\Roaming\Python\Python314\site-packages\sqlalchemy\util\langhelpers.py", line 122, in __exit__
    |     raise exc_value.with_traceback(exc_tb)
    |   File "C:\Users\Twazei_ceo\AppData\Roaming\Python\Python314\site-packages\sqlalchemy\pool\base.py", line 896, in __connect
    |     self.dbapi_connection = connection = pool._invoke_creator(self)
    |                                          ~~~~~~~~~~~~~~~~~~~~^^^^^^
    |   File "C:\Users\Twazei_ceo\AppData\Roaming\Python\Python314\site-packages\sqlalchemy\engine\create.py", line 667, in connect
    |     return dialect.connect(*cargs_tup, **cparams)
    |            ~~~~~~~~~~~~~~~^^^^^^^^^^^^^^^^^^^^^^^
    |   File "C:\Users\Twazei_ceo\AppData\Roaming\Python\Python314\site-packages\sqlalchemy\engine\default.py", line 630, in connect
    |     return self.loaded_dbapi.connect(*cargs, **cparams)  # type: ignore[no-any-return]  # NOQA: E501
    |            ~~~~~~~~~~~~~~~~~~~~~~~~~^^^^^^^^^^^^^^^^^^^
    |   File "C:\Users\Twazei_ceo\AppData\Roaming\Python\Python314\site-packages\sqlalchemy\dialects\postgresql\asyncpg.py", line 955, in connect
    |     await_only(creator_fn(*arg, **kw)),
    |     ~~~~~~~~~~^^^^^^^^^^^^^^^^^^^^^^^^
    |   File "C:\Users\Twazei_ceo\AppData\Roaming\Python\Python314\site-packages\sqlalchemy\util\_concurrency_py3k.py", line 132, in await_only
    |     return current.parent.switch(awaitable)  # type: ignore[no-any-return,attr-defined] # noqa: E501
    |            ~~~~~~~~~~~~~~~~~~~~~^^^^^^^^^^^
    |   File "C:\Users\Twazei_ceo\AppData\Roaming\Python\Python314\site-packages\sqlalchemy\util\_concurrency_py3k.py", line 196, in greenlet_spawn
    |     value = await result
    |             ^^^^^^^^^^^^
    |   File "C:\Users\Twazei_ceo\AppData\Roaming\Python\Python314\site-packages\asyncpg\connection.py", line 2443, in connect
    |     return await connect_utils._connect(
    |            ^^^^^^^^^^^^^^^^^^^^^^^^^^^^^
    |     ...<22 lines>...
    |     )
    |     ^
    |   File "C:\Users\Twazei_ceo\AppData\Roaming\Python\Python314\site-packages\asyncpg\connect_utils.py", line 1249, in _connect
    |     raise last_error or exceptions.TargetServerAttributeNotMatched(
    |     ...<2 lines>...
    |     )
    |   File "C:\Users\Twazei_ceo\AppData\Roaming\Python\Python314\site-packages\asyncpg\connect_utils.py", line 1218, in _connect
    |     conn = await _connect_addr(
    |            ^^^^^^^^^^^^^^^^^^^^
    |     ...<6 lines>...
    |     )
    |     ^
    |   File "C:\Users\Twazei_ceo\AppData\Roaming\Python\Python314\site-packages\asyncpg\connect_utils.py", line 1054, in _connect_addr
    |     return await __connect_addr(params, True, *args)
    |            ^^^^^^^^^^^^^^^^^^^^^^^^^^^^^^^^^^^^^^^^^
    |   File "C:\Users\Twazei_ceo\AppData\Roaming\Python\Python314\site-packages\asyncpg\connect_utils.py", line 1099, in __connect_addr
    |     tr, pr = await connector
    |              ^^^^^^^^^^^^^^^
    |   File "C:\Users\Twazei_ceo\AppData\Roaming\Python\Python314\site-packages\asyncpg\connect_utils.py", line 969, in _create_ssl_connection
    |     tr, pr = await loop.create_connection(
    |              ^^^^^^^^^^^^^^^^^^^^^^^^^^^^^
    |     ...<2 lines>...
    |         host, port)
    |         ^^^^^^^^^^^
    |   File "C:\Python314\Lib\asyncio\base_events.py", line 1173, in create_connection
    |     raise exceptions[0]
    |   File "C:\Python314\Lib\asyncio\base_events.py", line 1143, in create_connection
    |     sock = await self._connect_sock(
    |            ^^^^^^^^^^^^^^^^^^^^^^^^^
    |         exceptions, addrinfo, laddr_infos)
    |         ^^^^^^^^^^^^^^^^^^^^^^^^^^^^^^^^^^
    |   File "C:\Python314\Lib\asyncio\base_events.py", line 1042, in _connect_sock
    |     await self.sock_connect(sock, address)
    |   File "C:\Python314\Lib\asyncio\proactor_events.py", line 728, in sock_connect
    |     return await self._proactor.connect(sock, address)
    |            ^^^^^^^^^^^^^^^^^^^^^^^^^^^^^^^^^^^^^^^^^^^
    |   File "C:\Python314\Lib\asyncio\windows_events.py", line 804, in _poll
    |     value = callback(transferred, key, ov)
    |   File "C:\Python314\Lib\asyncio\windows_events.py", line 600, in finish_connect
    |     ov.getresult()
    |     ~~~~~~~~~~~~^^
    | ConnectionRefusedError: [WinError 1225] The remote computer refused the network connection
    +------------------------------------

During handling of the above exception, another exception occurred:

Traceback (most recent call last):
  File "C:\Python314\Lib\site-packages\uvicorn\protocols\http\httptools_impl.py", line 401, in run_asgi
    result = await app(  # type: ignore[func-returns-value]
             ^^^^^^^^^^^^^^^^^^^^^^^^^^^^^^^^^^^^^^^^^^^^^^
        self.scope, self.receive, self.send
        ^^^^^^^^^^^^^^^^^^^^^^^^^^^^^^^^^^^
    )
    ^
  File "C:\Python314\Lib\site-packages\uvicorn\middleware\proxy_headers.py", line 70, in __call__
    return await self.app(scope, receive, send)
           ^^^^^^^^^^^^^^^^^^^^^^^^^^^^^^^^^^^^
  File "C:\Python314\Lib\site-packages\fastapi\applications.py", line 1054, in __call__
    await super().__call__(scope, receive, send)
  File "C:\Users\Twazei_ceo\AppData\Roaming\Python\Python314\site-packages\starlette\applications.py", line 113, in __call__
    await self.middleware_stack(scope, receive, send)
  File "C:\Users\Twazei_ceo\AppData\Roaming\Python\Python314\site-packages\starlette\middleware\errors.py", line 187, in __call__
    raise exc
  File "C:\Users\Twazei_ceo\AppData\Roaming\Python\Python314\site-packages\starlette\middleware\errors.py", line 165, in __call__
    await self.app(scope, receive, _send)
  File "C:\Users\Twazei_ceo\AppData\Roaming\Python\Python314\site-packages\starlette\middleware\base.py", line 185, in __call__
    with collapse_excgroups():
         ~~~~~~~~~~~~~~~~~~^^
  File "C:\Python314\Lib\contextlib.py", line 162, in __exit__
    self.gen.throw(value)
    ~~~~~~~~~~~~~~^^^^^^^
  File "C:\Users\Twazei_ceo\AppData\Roaming\Python\Python314\site-packages\starlette\_utils.py", line 83, in collapse_excgroups
    raise exc
  File "C:\Users\Twazei_ceo\AppData\Roaming\Python\Python314\site-packages\starlette\middleware\base.py", line 187, in __call__
    response = await self.dispatch_func(request, call_next)
               ^^^^^^^^^^^^^^^^^^^^^^^^^^^^^^^^^^^^^^^^^^^^
  File "E:\Huffathul Hifaaz_asl\services\core-backend\app\main.py", line 102, in log_request_performance
    response = await call_next(request)
               ^^^^^^^^^^^^^^^^^^^^^^^^
  File "C:\Users\Twazei_ceo\AppData\Roaming\Python\Python314\site-packages\starlette\middleware\base.py", line 163, in call_next
    raise app_exc
  File "C:\Users\Twazei_ceo\AppData\Roaming\Python\Python314\site-packages\starlette\middleware\base.py", line 149, in coro
    await self.app(scope, receive_or_disconnect, send_no_error)
  File "C:\Users\Twazei_ceo\AppData\Roaming\Python\Python314\site-packages\starlette\middleware\cors.py", line 93, in __call__
    await self.simple_response(scope, receive, send, request_headers=headers)
  File "C:\Users\Twazei_ceo\AppData\Roaming\Python\Python314\site-packages\starlette\middleware\cors.py", line 144, in simple_response
    await self.app(scope, receive, send)
  File "C:\Users\Twazei_ceo\AppData\Roaming\Python\Python314\site-packages\starlette\middleware\exceptions.py", line 62, in __call__
    await wrap_app_handling_exceptions(self.app, conn)(scope, receive, send)
  File "C:\Users\Twazei_ceo\AppData\Roaming\Python\Python314\site-packages\starlette\_exception_handler.py", line 62, in wrapped_app
    raise exc
  File "C:\Users\Twazei_ceo\AppData\Roaming\Python\Python314\site-packages\starlette\_exception_handler.py", line 51, in wrapped_app
    await app(scope, receive, sender)
  File "C:\Users\Twazei_ceo\AppData\Roaming\Python\Python314\site-packages\starlette\routing.py", line 715, in __call__
    await self.middleware_stack(scope, receive, send)
  File "C:\Users\Twazei_ceo\AppData\Roaming\Python\Python314\site-packages\starlette\routing.py", line 735, in app
    await route.handle(scope, receive, send)
  File "C:\Users\Twazei_ceo\AppData\Roaming\Python\Python314\site-packages\starlette\routing.py", line 288, in handle
    await self.app(scope, receive, send)
  File "C:\Users\Twazei_ceo\AppData\Roaming\Python\Python314\site-packages\starlette\routing.py", line 76, in app
    await wrap_app_handling_exceptions(app, request)(scope, receive, send)
  File "C:\Users\Twazei_ceo\AppData\Roaming\Python\Python314\site-packages\starlette\_exception_handler.py", line 62, in wrapped_app
    raise exc
  File "C:\Users\Twazei_ceo\AppData\Roaming\Python\Python314\site-packages\starlette\_exception_handler.py", line 51, in wrapped_app
    await app(scope, receive, sender)
  File "C:\Users\Twazei_ceo\AppData\Roaming\Python\Python314\site-packages\starlette\routing.py", line 73, in app
    response = await f(request)
               ^^^^^^^^^^^^^^^^
  File "C:\Python314\Lib\site-packages\fastapi\routing.py", line 301, in app
    raw_response = await run_endpoint_function(
                   ^^^^^^^^^^^^^^^^^^^^^^^^^^^^
    ...<3 lines>...
    )
    ^
  File "C:\Python314\Lib\site-packages\fastapi\routing.py", line 212, in run_endpoint_function
    return await dependant.call(**values)
           ^^^^^^^^^^^^^^^^^^^^^^^^^^^^^^
  File "E:\Huffathul Hifaaz_asl\services\core-backend\app\routers\auth.py", line 106, in login
    user_query = await db.execute(select(User).where(User.email == target_email))
                 ^^^^^^^^^^^^^^^^^^^^^^^^^^^^^^^^^^^^^^^^^^^^^^^^^^^^^^^^^^^^^^^^
  File "C:\Users\Twazei_ceo\AppData\Roaming\Python\Python314\site-packages\sqlalchemy\ext\asyncio\session.py", line 448, in execute
    result = await greenlet_spawn(
             ^^^^^^^^^^^^^^^^^^^^^
    ...<6 lines>...
    )
    ^
  File "C:\Users\Twazei_ceo\AppData\Roaming\Python\Python314\site-packages\sqlalchemy\util\_concurrency_py3k.py", line 201, in greenlet_spawn
    result = context.throw(*sys.exc_info())
  File "C:\Users\Twazei_ceo\AppData\Roaming\Python\Python314\site-packages\sqlalchemy\orm\session.py", line 2373, in execute
    return self._execute_internal(
           ~~~~~~~~~~~~~~~~~~~~~~^
        statement,
        ^^^^^^^^^^
    ...<4 lines>...
        _add_event=_add_event,
        ^^^^^^^^^^^^^^^^^^^^^^
    )
    ^
  File "C:\Users\Twazei_ceo\AppData\Roaming\Python\Python314\site-packages\sqlalchemy\orm\session.py", line 2261, in _execute_internal
    conn = self._connection_for_bind(bind)
  File "C:\Users\Twazei_ceo\AppData\Roaming\Python\Python314\site-packages\sqlalchemy\orm\session.py", line 2113, in _connection_for_bind
    return trans._connection_for_bind(engine, execution_options)
           ~~~~~~~~~~~~~~~~~~~~~~~~~~^^^^^^^^^^^^^^^^^^^^^^^^^^^
  File "<string>", line 2, in _connection_for_bind
  File "C:\Users\Twazei_ceo\AppData\Roaming\Python\Python314\site-packages\sqlalchemy\orm\state_changes.py", line 137, in _go
    ret_value = fn(self, *arg, **kw)
  File "C:\Users\Twazei_ceo\AppData\Roaming\Python\Python314\site-packages\sqlalchemy\orm\session.py", line 1191, in _connection_for_bind
    conn = bind.connect()
  File "C:\Users\Twazei_ceo\AppData\Roaming\Python\Python314\site-packages\sqlalchemy\engine\base.py", line 3295, in connect
    return self._connection_cls(self)
           ~~~~~~~~~~~~~~~~~~~~^^^^^^
  File "C:\Users\Twazei_ceo\AppData\Roaming\Python\Python314\site-packages\sqlalchemy\engine\base.py", line 144, in __init__
    self._dbapi_connection = engine.raw_connection()
                             ~~~~~~~~~~~~~~~~~~~~~^^
  File "C:\Users\Twazei_ceo\AppData\Roaming\Python\Python314\site-packages\sqlalchemy\engine\base.py", line 3319, in raw_connection
    return self.pool.connect()
           ~~~~~~~~~~~~~~~~~^^
  File "C:\Users\Twazei_ceo\AppData\Roaming\Python\Python314\site-packages\sqlalchemy\pool\base.py", line 448, in connect
    return _ConnectionFairy._checkout(self)
           ~~~~~~~~~~~~~~~~~~~~~~~~~~^^^^^^
  File "C:\Users\Twazei_ceo\AppData\Roaming\Python\Python314\site-packages\sqlalchemy\pool\base.py", line 1272, in _checkout
    fairy = _ConnectionRecord.checkout(pool)
  File "C:\Users\Twazei_ceo\AppData\Roaming\Python\Python314\site-packages\sqlalchemy\pool\base.py", line 712, in checkout
    rec = pool._do_get()
  File "C:\Users\Twazei_ceo\AppData\Roaming\Python\Python314\site-packages\sqlalchemy\pool\impl.py", line 178, in _do_get
    with util.safe_reraise():
         ~~~~~~~~~~~~~~~~~^^
  File "C:\Users\Twazei_ceo\AppData\Roaming\Python\Python314\site-packages\sqlalchemy\util\langhelpers.py", line 122, in __exit__
    raise exc_value.with_traceback(exc_tb)
  File "C:\Users\Twazei_ceo\AppData\Roaming\Python\Python314\site-packages\sqlalchemy\pool\impl.py", line 176, in _do_get
    return self._create_connection()
           ~~~~~~~~~~~~~~~~~~~~~~~^^
  File "C:\Users\Twazei_ceo\AppData\Roaming\Python\Python314\site-packages\sqlalchemy\pool\base.py", line 389, in _create_connection
    return _ConnectionRecord(self)
  File "C:\Users\Twazei_ceo\AppData\Roaming\Python\Python314\site-packages\sqlalchemy\pool\base.py", line 674, in __init__
    self.__connect()
    ~~~~~~~~~~~~~~^^
  File "C:\Users\Twazei_ceo\AppData\Roaming\Python\Python314\site-packages\sqlalchemy\pool\base.py", line 900, in __connect
    with util.safe_reraise():
         ~~~~~~~~~~~~~~~~~^^
  File "C:\Users\Twazei_ceo\AppData\Roaming\Python\Python314\site-packages\sqlalchemy\util\langhelpers.py", line 122, in __exit__
    raise exc_value.with_traceback(exc_tb)
  File "C:\Users\Twazei_ceo\AppData\Roaming\Python\Python314\site-packages\sqlalchemy\pool\base.py", line 896, in __connect
    self.dbapi_connection = connection = pool._invoke_creator(self)
                                         ~~~~~~~~~~~~~~~~~~~~^^^^^^
  File "C:\Users\Twazei_ceo\AppData\Roaming\Python\Python314\site-packages\sqlalchemy\engine\create.py", line 667, in connect
    return dialect.connect(*cargs_tup, **cparams)
           ~~~~~~~~~~~~~~~^^^^^^^^^^^^^^^^^^^^^^^
  File "C:\Users\Twazei_ceo\AppData\Roaming\Python\Python314\site-packages\sqlalchemy\engine\default.py", line 630, in connect
    return self.loaded_dbapi.connect(*cargs, **cparams)  # type: ignore[no-any-return]  # NOQA: E501
           ~~~~~~~~~~~~~~~~~~~~~~~~~^^^^^^^^^^^^^^^^^^^
  File "C:\Users\Twazei_ceo\AppData\Roaming\Python\Python314\site-packages\sqlalchemy\dialects\postgresql\asyncpg.py", line 955, in connect
    await_only(creator_fn(*arg, **kw)),
    ~~~~~~~~~~^^^^^^^^^^^^^^^^^^^^^^^^
  File "C:\Users\Twazei_ceo\AppData\Roaming\Python\Python314\site-packages\sqlalchemy\util\_concurrency_py3k.py", line 132, in await_only
    return current.parent.switch(awaitable)  # type: ignore[no-any-return,attr-defined] # noqa: E501
           ~~~~~~~~~~~~~~~~~~~~~^^^^^^^^^^^
  File "C:\Users\Twazei_ceo\AppData\Roaming\Python\Python314\site-packages\sqlalchemy\util\_concurrency_py3k.py", line 196, in greenlet_spawn
    value = await result
            ^^^^^^^^^^^^
  File "C:\Users\Twazei_ceo\AppData\Roaming\Python\Python314\site-packages\asyncpg\connection.py", line 2443, in connect
    return await connect_utils._connect(
           ^^^^^^^^^^^^^^^^^^^^^^^^^^^^^
    ...<22 lines>...
    )
    ^
  File "C:\Users\Twazei_ceo\AppData\Roaming\Python\Python314\site-packages\asyncpg\connect_utils.py", line 1249, in _connect
    raise last_error or exceptions.TargetServerAttributeNotMatched(
    ...<2 lines>...
    )
  File "C:\Users\Twazei_ceo\AppData\Roaming\Python\Python314\site-packages\asyncpg\connect_utils.py", line 1218, in _connect
    conn = await _connect_addr(
           ^^^^^^^^^^^^^^^^^^^^
    ...<6 lines>...
    )
    ^
  File "C:\Users\Twazei_ceo\AppData\Roaming\Python\Python314\site-packages\asyncpg\connect_utils.py", line 1054, in _connect_addr
    return await __connect_addr(params, True, *args)
           ^^^^^^^^^^^^^^^^^^^^^^^^^^^^^^^^^^^^^^^^^
  File "C:\Users\Twazei_ceo\AppData\Roaming\Python\Python314\site-packages\asyncpg\connect_utils.py", line 1099, in __connect_addr
    tr, pr = await connector
             ^^^^^^^^^^^^^^^
  File "C:\Users\Twazei_ceo\AppData\Roaming\Python\Python314\site-packages\asyncpg\connect_utils.py", line 969, in _create_ssl_connection
    tr, pr = await loop.create_connection(
             ^^^^^^^^^^^^^^^^^^^^^^^^^^^^^
    ...<2 lines>...
        host, port)
        ^^^^^^^^^^^
  File "C:\Python314\Lib\asyncio\base_events.py", line 1173, in create_connection
    raise exceptions[0]
  File "C:\Python314\Lib\asyncio\base_events.py", line 1143, in create_connection
    sock = await self._connect_sock(
           ^^^^^^^^^^^^^^^^^^^^^^^^^
        exceptions, addrinfo, laddr_infos)
        ^^^^^^^^^^^^^^^^^^^^^^^^^^^^^^^^^^
  File "C:\Python314\Lib\asyncio\base_events.py", line 1042, in _connect_sock
    await self.sock_connect(sock, address)
  File "C:\Python314\Lib\asyncio\proactor_events.py", line 728, in sock_connect
    return await self._proactor.connect(sock, address)
           ^^^^^^^^^^^^^^^^^^^^^^^^^^^^^^^^^^^^^^^^^^^
  File "C:\Python314\Lib\asyncio\windows_events.py", line 804, in _poll
    value = callback(transferred, key, ov)
  File "C:\Python314\Lib\asyncio\windows_events.py", line 600, in finish_connect
    ov.getresult()
    ~~~~~~~~~~~~^^
ConnectionRefusedError: [WinError 1225] The remote computer refused the network connection
2026-08-24 15:41:07,546 [INFO] app.main: HTTP GET /healthz - Status: 200 - Duration: 0.001s
INFO:     127.0.0.1:61569 - "GET /healthz HTTP/1.1" 200 OK
2026-08-24 15:41:13,116 [ERROR] app.main: \U0001f6a8 RUNTIME UNHANDLED EXCEPTION: [WinError 1225] The remote computer refused the network connection
  + Exception Group Traceback (most recent call last):
  |   File "C:\Users\Twazei_ceo\AppData\Roaming\Python\Python314\site-packages\starlette\_utils.py", line 77, in collapse_excgroups
  |     yield
  |   File "C:\Users\Twazei_ceo\AppData\Roaming\Python\Python314\site-packages\starlette\middleware\base.py", line 186, in __call__
  |     async with anyio.create_task_group() as task_group:
  |                ~~~~~~~~~~~~~~~~~~~~~~~^^
  |   File "C:\Python314\Lib\site-packages\anyio\_backends\_asyncio.py", line 815, in __aexit__
  |     raise BaseExceptionGroup(
  |         "unhandled errors in a TaskGroup", self._exceptions
  |     ) from None
  | ExceptionGroup: unhandled errors in a TaskGroup (1 sub-exception)
  +-+---------------- 1 ----------------
    | Traceback (most recent call last):
    |   File "C:\Users\Twazei_ceo\AppData\Roaming\Python\Python314\site-packages\starlette\middleware\errors.py", line 165, in __call__
    |     await self.app(scope, receive, _send)
    |   File "C:\Users\Twazei_ceo\AppData\Roaming\Python\Python314\site-packages\starlette\middleware\base.py", line 185, in __call__
    |     with collapse_excgroups():
    |          ~~~~~~~~~~~~~~~~~~^^
    |   File "C:\Python314\Lib\contextlib.py", line 162, in __exit__
    |     self.gen.throw(value)
    |     ~~~~~~~~~~~~~~^^^^^^^
    |   File "C:\Users\Twazei_ceo\AppData\Roaming\Python\Python314\site-packages\starlette\_utils.py", line 83, in collapse_excgroups
    |     raise exc
    |   File "C:\Users\Twazei_ceo\AppData\Roaming\Python\Python314\site-packages\starlette\middleware\base.py", line 187, in __call__
    |     response = await self.dispatch_func(request, call_next)
    |                ^^^^^^^^^^^^^^^^^^^^^^^^^^^^^^^^^^^^^^^^^^^^
    |   File "E:\Huffathul Hifaaz_asl\services\core-backend\app\main.py", line 102, in log_request_performance
    |     response = await call_next(request)
    |                ^^^^^^^^^^^^^^^^^^^^^^^^
    |   File "C:\Users\Twazei_ceo\AppData\Roaming\Python\Python314\site-packages\starlette\middleware\base.py", line 163, in call_next
    |     raise app_exc
    |   File "C:\Users\Twazei_ceo\AppData\Roaming\Python\Python314\site-packages\starlette\middleware\base.py", line 149, in coro
    |     await self.app(scope, receive_or_disconnect, send_no_error)
    |   File "C:\Users\Twazei_ceo\AppData\Roaming\Python\Python314\site-packages\starlette\middleware\cors.py", line 93, in __call__
    |     await self.simple_response(scope, receive, send, request_headers=headers)
    |   File "C:\Users\Twazei_ceo\AppData\Roaming\Python\Python314\site-packages\starlette\middleware\cors.py", line 144, in simple_response
    |     await self.app(scope, receive, send)
    |   File "C:\Users\Twazei_ceo\AppData\Roaming\Python\Python314\site-packages\starlette\middleware\exceptions.py", line 62, in __call__
    |     await wrap_app_handling_exceptions(self.app, conn)(scope, receive, send)
    |   File "C:\Users\Twazei_ceo\AppData\Roaming\Python\Python314\site-packages\starlette\_exception_handler.py", line 62, in wrapped_app
    |     raise exc
    |   File "C:\Users\Twazei_ceo\AppData\Roaming\Python\Python314\site-packages\starlette\_exception_handler.py", line 51, in wrapped_app
    |     await app(scope, receive, sender)
    |   File "C:\Users\Twazei_ceo\AppData\Roaming\Python\Python314\site-packages\starlette\routing.py", line 715, in __call__
    |     await self.middleware_stack(scope, receive, send)
    |   File "C:\Users\Twazei_ceo\AppData\Roaming\Python\Python314\site-packages\starlette\routing.py", line 735, in app
    |     await route.handle(scope, receive, send)
    |   File "C:\Users\Twazei_ceo\AppData\Roaming\Python\Python314\site-packages\starlette\routing.py", line 288, in handle
    |     await self.app(scope, receive, send)
    |   File "C:\Users\Twazei_ceo\AppData\Roaming\Python\Python314\site-packages\starlette\routing.py", line 76, in app
    |     await wrap_app_handling_exceptions(app, request)(scope, receive, send)
    |   File "C:\Users\Twazei_ceo\AppData\Roaming\Python\Python314\site-packages\starlette\_exception_handler.py", line 62, in wrapped_app
    |     raise exc
    |   File "C:\Users\Twazei_ceo\AppData\Roaming\Python\Python314\site-packages\starlette\_exception_handler.py", line 51, in wrapped_app
    |     await app(scope, receive, sender)
    |   File "C:\Users\Twazei_ceo\AppData\Roaming\Python\Python314\site-packages\starlette\routing.py", line 73, in app
    |     response = await f(request)
    |                ^^^^^^^^^^^^^^^^
    |   File "C:\Python314\Lib\site-packages\fastapi\routing.py", line 301, in app
    |     raw_response = await run_endpoint_function(
    |                    ^^^^^^^^^^^^^^^^^^^^^^^^^^^^
    |     ...<3 lines>...
    |     )
    |     ^
    |   File "C:\Python314\Lib\site-packages\fastapi\routing.py", line 212, in run_endpoint_function
    |     return await dependant.call(**values)
    |            ^^^^^^^^^^^^^^^^^^^^^^^^^^^^^^
    |   File "E:\Huffathul Hifaaz_asl\services\core-backend\app\routers\auth.py", line 106, in login
    |     user_query = await db.execute(select(User).where(User.email == target_email))
    |                  ^^^^^^^^^^^^^^^^^^^^^^^^^^^^^^^^^^^^^^^^^^^^^^^^^^^^^^^^^^^^^^^^
    |   File "C:\Users\Twazei_ceo\AppData\Roaming\Python\Python314\site-packages\sqlalchemy\ext\asyncio\session.py", line 448, in execute
    |     result = await greenlet_spawn(
    |              ^^^^^^^^^^^^^^^^^^^^^
    |     ...<6 lines>...
    |     )
    |     ^
    |   File "C:\Users\Twazei_ceo\AppData\Roaming\Python\Python314\site-packages\sqlalchemy\util\_concurrency_py3k.py", line 201, in greenlet_spawn
    |     result = context.throw(*sys.exc_info())
    |   File "C:\Users\Twazei_ceo\AppData\Roaming\Python\Python314\site-packages\sqlalchemy\orm\session.py", line 2373, in execute
    |     return self._execute_internal(
    |            ~~~~~~~~~~~~~~~~~~~~~~^
    |         statement,
    |         ^^^^^^^^^^
    |     ...<4 lines>...
    |         _add_event=_add_event,
    |         ^^^^^^^^^^^^^^^^^^^^^^
    |     )
    |     ^
    |   File "C:\Users\Twazei_ceo\AppData\Roaming\Python\Python314\site-packages\sqlalchemy\orm\session.py", line 2261, in _execute_internal
    |     conn = self._connection_for_bind(bind)
    |   File "C:\Users\Twazei_ceo\AppData\Roaming\Python\Python314\site-packages\sqlalchemy\orm\session.py", line 2113, in _connection_for_bind
    |     return trans._connection_for_bind(engine, execution_options)
    |            ~~~~~~~~~~~~~~~~~~~~~~~~~~^^^^^^^^^^^^^^^^^^^^^^^^^^^
    |   File "<string>", line 2, in _connection_for_bind
    |   File "C:\Users\Twazei_ceo\AppData\Roaming\Python\Python314\site-packages\sqlalchemy\orm\state_changes.py", line 137, in _go
    |     ret_value = fn(self, *arg, **kw)
    |   File "C:\Users\Twazei_ceo\AppData\Roaming\Python\Python314\site-packages\sqlalchemy\orm\session.py", line 1191, in _connection_for_bind
    |     conn = bind.connect()
    |   File "C:\Users\Twazei_ceo\AppData\Roaming\Python\Python314\site-packages\sqlalchemy\engine\base.py", line 3295, in connect
    |     return self._connection_cls(self)
    |            ~~~~~~~~~~~~~~~~~~~~^^^^^^
    |   File "C:\Users\Twazei_ceo\AppData\Roaming\Python\Python314\site-packages\sqlalchemy\engine\base.py", line 144, in __init__
    |     self._dbapi_connection = engine.raw_connection()
    |                              ~~~~~~~~~~~~~~~~~~~~~^^
    |   File "C:\Users\Twazei_ceo\AppData\Roaming\Python\Python314\site-packages\sqlalchemy\engine\base.py", line 3319, in raw_connection
    |     return self.pool.connect()
    |            ~~~~~~~~~~~~~~~~~^^
    |   File "C:\Users\Twazei_ceo\AppData\Roaming\Python\Python314\site-packages\sqlalchemy\pool\base.py", line 448, in connect
    |     return _ConnectionFairy._checkout(self)
    |            ~~~~~~~~~~~~~~~~~~~~~~~~~~^^^^^^
    |   File "C:\Users\Twazei_ceo\AppData\Roaming\Python\Python314\site-packages\sqlalchemy\pool\base.py", line 1272, in _checkout
    |     fairy = _ConnectionRecord.checkout(pool)
    |   File "C:\Users\Twazei_ceo\AppData\Roaming\Python\Python314\site-packages\sqlalchemy\pool\base.py", line 712, in checkout
    |     rec = pool._do_get()
    |   File "C:\Users\Twazei_ceo\AppData\Roaming\Python\Python314\site-packages\sqlalchemy\pool\impl.py", line 178, in _do_get
    |     with util.safe_reraise():
    |          ~~~~~~~~~~~~~~~~~^^
    |   File "C:\Users\Twazei_ceo\AppData\Roaming\Python\Python314\site-packages\sqlalchemy\util\langhelpers.py", line 122, in __exit__
    |     raise exc_value.with_traceback(exc_tb)
    |   File "C:\Users\Twazei_ceo\AppData\Roaming\Python\Python314\site-packages\sqlalchemy\pool\impl.py", line 176, in _do_get
    |     return self._create_connection()
    |            ~~~~~~~~~~~~~~~~~~~~~~~^^
    |   File "C:\Users\Twazei_ceo\AppData\Roaming\Python\Python314\site-packages\sqlalchemy\pool\base.py", line 389, in _create_connection
    |     return _ConnectionRecord(self)
    |   File "C:\Users\Twazei_ceo\AppData\Roaming\Python\Python314\site-packages\sqlalchemy\pool\base.py", line 674, in __init__
    |     self.__connect()
    |     ~~~~~~~~~~~~~~^^
    |   File "C:\Users\Twazei_ceo\AppData\Roaming\Python\Python314\site-packages\sqlalchemy\pool\base.py", line 900, in __connect
    |     with util.safe_reraise():
    |          ~~~~~~~~~~~~~~~~~^^
    |   File "C:\Users\Twazei_ceo\AppData\Roaming\Python\Python314\site-packages\sqlalchemy\util\langhelpers.py", line 122, in __exit__
    |     raise exc_value.with_traceback(exc_tb)
    |   File "C:\Users\Twazei_ceo\AppData\Roaming\Python\Python314\site-packages\sqlalchemy\pool\base.py", line 896, in __connect
    |     self.dbapi_connection = connection = pool._invoke_creator(self)
    |                                          ~~~~~~~~~~~~~~~~~~~~^^^^^^
    |   File "C:\Users\Twazei_ceo\AppData\Roaming\Python\Python314\site-packages\sqlalchemy\engine\create.py", line 667, in connect
    |     return dialect.connect(*cargs_tup, **cparams)
    |            ~~~~~~~~~~~~~~~^^^^^^^^^^^^^^^^^^^^^^^
    |   File "C:\Users\Twazei_ceo\AppData\Roaming\Python\Python314\site-packages\sqlalchemy\engine\default.py", line 630, in connect
    |     return self.loaded_dbapi.connect(*cargs, **cparams)  # type: ignore[no-any-return]  # NOQA: E501
    |            ~~~~~~~~~~~~~~~~~~~~~~~~~^^^^^^^^^^^^^^^^^^^
    |   File "C:\Users\Twazei_ceo\AppData\Roaming\Python\Python314\site-packages\sqlalchemy\dialects\postgresql\asyncpg.py", line 955, in connect
    |     await_only(creator_fn(*arg, **kw)),
    |     ~~~~~~~~~~^^^^^^^^^^^^^^^^^^^^^^^^
    |   File "C:\Users\Twazei_ceo\AppData\Roaming\Python\Python314\site-packages\sqlalchemy\util\_concurrency_py3k.py", line 132, in await_only
    |     return current.parent.switch(awaitable)  # type: ignore[no-any-return,attr-defined] # noqa: E501
    |            ~~~~~~~~~~~~~~~~~~~~~^^^^^^^^^^^
    |   File "C:\Users\Twazei_ceo\AppData\Roaming\Python\Python314\site-packages\sqlalchemy\util\_concurrency_py3k.py", line 196, in greenlet_spawn
    |     value = await result
    |             ^^^^^^^^^^^^
    |   File "C:\Users\Twazei_ceo\AppData\Roaming\Python\Python314\site-packages\asyncpg\connection.py", line 2443, in connect
    |     return await connect_utils._connect(
    |            ^^^^^^^^^^^^^^^^^^^^^^^^^^^^^
    |     ...<22 lines>...
    |     )
    |     ^
    |   File "C:\Users\Twazei_ceo\AppData\Roaming\Python\Python314\site-packages\asyncpg\connect_utils.py", line 1249, in _connect
    |     raise last_error or exceptions.TargetServerAttributeNotMatched(
    |     ...<2 lines>...
    |     )
    |   File "C:\Users\Twazei_ceo\AppData\Roaming\Python\Python314\site-packages\asyncpg\connect_utils.py", line 1218, in _connect
    |     conn = await _connect_addr(
    |            ^^^^^^^^^^^^^^^^^^^^
    |     ...<6 lines>...
    |     )
    |     ^
    |   File "C:\Users\Twazei_ceo\AppData\Roaming\Python\Python314\site-packages\asyncpg\connect_utils.py", line 1054, in _connect_addr
    |     return await __connect_addr(params, True, *args)
    |            ^^^^^^^^^^^^^^^^^^^^^^^^^^^^^^^^^^^^^^^^^
    |   File "C:\Users\Twazei_ceo\AppData\Roaming\Python\Python314\site-packages\asyncpg\connect_utils.py", line 1099, in __connect_addr
    |     tr, pr = await connector
    |              ^^^^^^^^^^^^^^^
    |   File "C:\Users\Twazei_ceo\AppData\Roaming\Python\Python314\site-packages\asyncpg\connect_utils.py", line 969, in _create_ssl_connection
    |     tr, pr = await loop.create_connection(
    |              ^^^^^^^^^^^^^^^^^^^^^^^^^^^^^
    |     ...<2 lines>...
    |         host, port)
    |         ^^^^^^^^^^^
    |   File "C:\Python314\Lib\asyncio\base_events.py", line 1173, in create_connection
    |     raise exceptions[0]
    |   File "C:\Python314\Lib\asyncio\base_events.py", line 1143, in create_connection
    |     sock = await self._connect_sock(
    |            ^^^^^^^^^^^^^^^^^^^^^^^^^
    |         exceptions, addrinfo, laddr_infos)
    |         ^^^^^^^^^^^^^^^^^^^^^^^^^^^^^^^^^^
    |   File "C:\Python314\Lib\asyncio\base_events.py", line 1042, in _connect_sock
    |     await self.sock_connect(sock, address)
    |   File "C:\Python314\Lib\asyncio\proactor_events.py", line 728, in sock_connect
    |     return await self._proactor.connect(sock, address)
    |            ^^^^^^^^^^^^^^^^^^^^^^^^^^^^^^^^^^^^^^^^^^^
    |   File "C:\Python314\Lib\asyncio\windows_events.py", line 804, in _poll
    |     value = callback(transferred, key, ov)
    |   File "C:\Python314\Lib\asyncio\windows_events.py", line 600, in finish_connect
    |     ov.getresult()
    |     ~~~~~~~~~~~~^^
    | ConnectionRefusedError: [WinError 1225] The remote computer refused the network connection
    +------------------------------------

During handling of the above exception, another exception occurred:

Traceback (most recent call last):
  File "C:\Users\Twazei_ceo\AppData\Roaming\Python\Python314\site-packages\starlette\middleware\errors.py", line 165, in __call__
    await self.app(scope, receive, _send)
  File "C:\Users\Twazei_ceo\AppData\Roaming\Python\Python314\site-packages\starlette\middleware\base.py", line 185, in __call__
    with collapse_excgroups():
         ~~~~~~~~~~~~~~~~~~^^
  File "C:\Python314\Lib\contextlib.py", line 162, in __exit__
    self.gen.throw(value)
    ~~~~~~~~~~~~~~^^^^^^^
  File "C:\Users\Twazei_ceo\AppData\Roaming\Python\Python314\site-packages\starlette\_utils.py", line 83, in collapse_excgroups
    raise exc
  File "C:\Users\Twazei_ceo\AppData\Roaming\Python\Python314\site-packages\starlette\middleware\base.py", line 187, in __call__
    response = await self.dispatch_func(request, call_next)
               ^^^^^^^^^^^^^^^^^^^^^^^^^^^^^^^^^^^^^^^^^^^^
  File "E:\Huffathul Hifaaz_asl\services\core-backend\app\main.py", line 102, in log_request_performance
    response = await call_next(request)
               ^^^^^^^^^^^^^^^^^^^^^^^^
  File "C:\Users\Twazei_ceo\AppData\Roaming\Python\Python314\site-packages\starlette\middleware\base.py", line 163, in call_next
    raise app_exc
  File "C:\Users\Twazei_ceo\AppData\Roaming\Python\Python314\site-packages\starlette\middleware\base.py", line 149, in coro
    await self.app(scope, receive_or_disconnect, send_no_error)
  File "C:\Users\Twazei_ceo\AppData\Roaming\Python\Python314\site-packages\starlette\middleware\cors.py", line 93, in __call__
    await self.simple_response(scope, receive, send, request_headers=headers)
  File "C:\Users\Twazei_ceo\AppData\Roaming\Python\Python314\site-packages\starlette\middleware\cors.py", line 144, in simple_response
    await self.app(scope, receive, send)
  File "C:\Users\Twazei_ceo\AppData\Roaming\Python\Python314\site-packages\starlette\middleware\exceptions.py", line 62, in __call__
    await wrap_app_handling_exceptions(self.app, conn)(scope, receive, send)
  File "C:\Users\Twazei_ceo\AppData\Roaming\Python\Python314\site-packages\starlette\_exception_handler.py", line 62, in wrapped_app
    raise exc
  File "C:\Users\Twazei_ceo\AppData\Roaming\Python\Python314\site-packages\starlette\_exception_handler.py", line 51, in wrapped_app
    await app(scope, receive, sender)
  File "C:\Users\Twazei_ceo\AppData\Roaming\Python\Python314\site-packages\starlette\routing.py", line 715, in __call__
    await self.middleware_stack(scope, receive, send)
  File "C:\Users\Twazei_ceo\AppData\Roaming\Python\Python314\site-packages\starlette\routing.py", line 735, in app
    await route.handle(scope, receive, send)
  File "C:\Users\Twazei_ceo\AppData\Roaming\Python\Python314\site-packages\starlette\routing.py", line 288, in handle
    await self.app(scope, receive, send)
  File "C:\Users\Twazei_ceo\AppData\Roaming\Python\Python314\site-packages\starlette\routing.py", line 76, in app
    await wrap_app_handling_exceptions(app, request)(scope, receive, send)
  File "C:\Users\Twazei_ceo\AppData\Roaming\Python\Python314\site-packages\starlette\_exception_handler.py", line 62, in wrapped_app
    raise exc
  File "C:\Users\Twazei_ceo\AppData\Roaming\Python\Python314\site-packages\starlette\_exception_handler.py", line 51, in wrapped_app
    await app(scope, receive, sender)
  File "C:\Users\Twazei_ceo\AppData\Roaming\Python\Python314\site-packages\starlette\routing.py", line 73, in app
    response = await f(request)
               ^^^^^^^^^^^^^^^^
  File "C:\Python314\Lib\site-packages\fastapi\routing.py", line 301, in app
    raw_response = await run_endpoint_function(
                   ^^^^^^^^^^^^^^^^^^^^^^^^^^^^
    ...<3 lines>...
    )
    ^
  File "C:\Python314\Lib\site-packages\fastapi\routing.py", line 212, in run_endpoint_function
    return await dependant.call(**values)
           ^^^^^^^^^^^^^^^^^^^^^^^^^^^^^^
  File "E:\Huffathul Hifaaz_asl\services\core-backend\app\routers\auth.py", line 106, in login
    user_query = await db.execute(select(User).where(User.email == target_email))
                 ^^^^^^^^^^^^^^^^^^^^^^^^^^^^^^^^^^^^^^^^^^^^^^^^^^^^^^^^^^^^^^^^
  File "C:\Users\Twazei_ceo\AppData\Roaming\Python\Python314\site-packages\sqlalchemy\ext\asyncio\session.py", line 448, in execute
    result = await greenlet_spawn(
             ^^^^^^^^^^^^^^^^^^^^^
    ...<6 lines>...
    )
    ^
  File "C:\Users\Twazei_ceo\AppData\Roaming\Python\Python314\site-packages\sqlalchemy\util\_concurrency_py3k.py", line 201, in greenlet_spawn
    result = context.throw(*sys.exc_info())
  File "C:\Users\Twazei_ceo\AppData\Roaming\Python\Python314\site-packages\sqlalchemy\orm\session.py", line 2373, in execute
    return self._execute_internal(
           ~~~~~~~~~~~~~~~~~~~~~~^
        statement,
        ^^^^^^^^^^
    ...<4 lines>...
        _add_event=_add_event,
        ^^^^^^^^^^^^^^^^^^^^^^
    )
    ^
  File "C:\Users\Twazei_ceo\AppData\Roaming\Python\Python314\site-packages\sqlalchemy\orm\session.py", line 2261, in _execute_internal
    conn = self._connection_for_bind(bind)
  File "C:\Users\Twazei_ceo\AppData\Roaming\Python\Python314\site-packages\sqlalchemy\orm\session.py", line 2113, in _connection_for_bind
    return trans._connection_for_bind(engine, execution_options)
           ~~~~~~~~~~~~~~~~~~~~~~~~~~^^^^^^^^^^^^^^^^^^^^^^^^^^^
  File "<string>", line 2, in _connection_for_bind
  File "C:\Users\Twazei_ceo\AppData\Roaming\Python\Python314\site-packages\sqlalchemy\orm\state_changes.py", line 137, in _go
    ret_value = fn(self, *arg, **kw)
  File "C:\Users\Twazei_ceo\AppData\Roaming\Python\Python314\site-packages\sqlalchemy\orm\session.py", line 1191, in _connection_for_bind
    conn = bind.connect()
  File "C:\Users\Twazei_ceo\AppData\Roaming\Python\Python314\site-packages\sqlalchemy\engine\base.py", line 3295, in connect
    return self._connection_cls(self)
           ~~~~~~~~~~~~~~~~~~~~^^^^^^
  File "C:\Users\Twazei_ceo\AppData\Roaming\Python\Python314\site-packages\sqlalchemy\engine\base.py", line 144, in __init__
    self._dbapi_connection = engine.raw_connection()
                             ~~~~~~~~~~~~~~~~~~~~~^^
  File "C:\Users\Twazei_ceo\AppData\Roaming\Python\Python314\site-packages\sqlalchemy\engine\base.py", line 3319, in raw_connection
    return self.pool.connect()
           ~~~~~~~~~~~~~~~~~^^
  File "C:\Users\Twazei_ceo\AppData\Roaming\Python\Python314\site-packages\sqlalchemy\pool\base.py", line 448, in connect
    return _ConnectionFairy._checkout(self)
           ~~~~~~~~~~~~~~~~~~~~~~~~~~^^^^^^
  File "C:\Users\Twazei_ceo\AppData\Roaming\Python\Python314\site-packages\sqlalchemy\pool\base.py", line 1272, in _checkout
    fairy = _ConnectionRecord.checkout(pool)
  File "C:\Users\Twazei_ceo\AppData\Roaming\Python\Python314\site-packages\sqlalchemy\pool\base.py", line 712, in checkout
    rec = pool._do_get()
  File "C:\Users\Twazei_ceo\AppData\Roaming\Python\Python314\site-packages\sqlalchemy\pool\impl.py", line 178, in _do_get
    with util.safe_reraise():
         ~~~~~~~~~~~~~~~~~^^
  File "C:\Users\Twazei_ceo\AppData\Roaming\Python\Python314\site-packages\sqlalchemy\util\langhelpers.py", line 122, in __exit__
    raise exc_value.with_traceback(exc_tb)
  File "C:\Users\Twazei_ceo\AppData\Roaming\Python\Python314\site-packages\sqlalchemy\pool\impl.py", line 176, in _do_get
    return self._create_connection()
           ~~~~~~~~~~~~~~~~~~~~~~~^^
  File "C:\Users\Twazei_ceo\AppData\Roaming\Python\Python314\site-packages\sqlalchemy\pool\base.py", line 389, in _create_connection
    return _ConnectionRecord(self)
  File "C:\Users\Twazei_ceo\AppData\Roaming\Python\Python314\site-packages\sqlalchemy\pool\base.py", line 674, in __init__
    self.__connect()
    ~~~~~~~~~~~~~~^^
  File "C:\Users\Twazei_ceo\AppData\Roaming\Python\Python314\site-packages\sqlalchemy\pool\base.py", line 900, in __connect
    with util.safe_reraise():
         ~~~~~~~~~~~~~~~~~^^
  File "C:\Users\Twazei_ceo\AppData\Roaming\Python\Python314\site-packages\sqlalchemy\util\langhelpers.py", line 122, in __exit__
    raise exc_value.with_traceback(exc_tb)
  File "C:\Users\Twazei_ceo\AppData\Roaming\Python\Python314\site-packages\sqlalchemy\pool\base.py", line 896, in __connect
    self.dbapi_connection = connection = pool._invoke_creator(self)
                                         ~~~~~~~~~~~~~~~~~~~~^^^^^^
  File "C:\Users\Twazei_ceo\AppData\Roaming\Python\Python314\site-packages\sqlalchemy\engine\create.py", line 667, in connect
    return dialect.connect(*cargs_tup, **cparams)
           ~~~~~~~~~~~~~~~^^^^^^^^^^^^^^^^^^^^^^^
  File "C:\Users\Twazei_ceo\AppData\Roaming\Python\Python314\site-packages\sqlalchemy\engine\default.py", line 630, in connect
    return self.loaded_dbapi.connect(*cargs, **cparams)  # type: ignore[no-any-return]  # NOQA: E501
           ~~~~~~~~~~~~~~~~~~~~~~~~~^^^^^^^^^^^^^^^^^^^
  File "C:\Users\Twazei_ceo\AppData\Roaming\Python\Python314\site-packages\sqlalchemy\dialects\postgresql\asyncpg.py", line 955, in connect
    await_only(creator_fn(*arg, **kw)),
    ~~~~~~~~~~^^^^^^^^^^^^^^^^^^^^^^^^
  File "C:\Users\Twazei_ceo\AppData\Roaming\Python\Python314\site-packages\sqlalchemy\util\_concurrency_py3k.py", line 132, in await_only
    return current.parent.switch(awaitable)  # type: ignore[no-any-return,attr-defined] # noqa: E501
           ~~~~~~~~~~~~~~~~~~~~~^^^^^^^^^^^
  File "C:\Users\Twazei_ceo\AppData\Roaming\Python\Python314\site-packages\sqlalchemy\util\_concurrency_py3k.py", line 196, in greenlet_spawn
    value = await result
            ^^^^^^^^^^^^
  File "C:\Users\Twazei_ceo\AppData\Roaming\Python\Python314\site-packages\asyncpg\connection.py", line 2443, in connect
    return await connect_utils._connect(
           ^^^^^^^^^^^^^^^^^^^^^^^^^^^^^
    ...<22 lines>...
    )
    ^
  File "C:\Users\Twazei_ceo\AppData\Roaming\Python\Python314\site-packages\asyncpg\connect_utils.py", line 1249, in _connect
    raise last_error or exceptions.TargetServerAttributeNotMatched(
    ...<2 lines>...
    )
  File "C:\Users\Twazei_ceo\AppData\Roaming\Python\Python314\site-packages\asyncpg\connect_utils.py", line 1218, in _connect
    conn = await _connect_addr(
           ^^^^^^^^^^^^^^^^^^^^
    ...<6 lines>...
    )
    ^
  File "C:\Users\Twazei_ceo\AppData\Roaming\Python\Python314\site-packages\asyncpg\connect_utils.py", line 1054, in _connect_addr
    return await __connect_addr(params, True, *args)
           ^^^^^^^^^^^^^^^^^^^^^^^^^^^^^^^^^^^^^^^^^
  File "C:\Users\Twazei_ceo\AppData\Roaming\Python\Python314\site-packages\asyncpg\connect_utils.py", line 1099, in __connect_addr
    tr, pr = await connector
             ^^^^^^^^^^^^^^^
  File "C:\Users\Twazei_ceo\AppData\Roaming\Python\Python314\site-packages\asyncpg\connect_utils.py", line 969, in _create_ssl_connection
    tr, pr = await loop.create_connection(
             ^^^^^^^^^^^^^^^^^^^^^^^^^^^^^
    ...<2 lines>...
        host, port)
        ^^^^^^^^^^^
  File "C:\Python314\Lib\asyncio\base_events.py", line 1173, in create_connection
    raise exceptions[0]
  File "C:\Python314\Lib\asyncio\base_events.py", line 1143, in create_connection
    sock = await self._connect_sock(
           ^^^^^^^^^^^^^^^^^^^^^^^^^
        exceptions, addrinfo, laddr_infos)
        ^^^^^^^^^^^^^^^^^^^^^^^^^^^^^^^^^^
  File "C:\Python314\Lib\asyncio\base_events.py", line 1042, in _connect_sock
    await self.sock_connect(sock, address)
  File "C:\Python314\Lib\asyncio\proactor_events.py", line 728, in sock_connect
    return await self._proactor.connect(sock, address)
           ^^^^^^^^^^^^^^^^^^^^^^^^^^^^^^^^^^^^^^^^^^^
  File "C:\Python314\Lib\asyncio\windows_events.py", line 804, in _poll
    value = callback(transferred, key, ov)
  File "C:\Python314\Lib\asyncio\windows_events.py", line 600, in finish_connect
    ov.getresult()
    ~~~~~~~~~~~~^^
ConnectionRefusedError: [WinError 1225] The remote computer refused the network connection
ERROR:    Exception in ASGI application
  + Exception Group Traceback (most recent call last):
  |   File "C:\Users\Twazei_ceo\AppData\Roaming\Python\Python314\site-packages\starlette\_utils.py", line 77, in collapse_excgroups
  |     yield
  |   File "C:\Users\Twazei_ceo\AppData\Roaming\Python\Python314\site-packages\starlette\middleware\base.py", line 186, in __call__
  |     async with anyio.create_task_group() as task_group:
  |                ~~~~~~~~~~~~~~~~~~~~~~~^^
  |   File "C:\Python314\Lib\site-packages\anyio\_backends\_asyncio.py", line 815, in __aexit__
  |     raise BaseExceptionGroup(
  |         "unhandled errors in a TaskGroup", self._exceptions
  |     ) from None
  | ExceptionGroup: unhandled errors in a TaskGroup (1 sub-exception)
  +-+---------------- 1 ----------------
    | Traceback (most recent call last):
    |   File "C:\Python314\Lib\site-packages\uvicorn\protocols\http\httptools_impl.py", line 401, in run_asgi
    |     result = await app(  # type: ignore[func-returns-value]
    |              ^^^^^^^^^^^^^^^^^^^^^^^^^^^^^^^^^^^^^^^^^^^^^^
    |         self.scope, self.receive, self.send
    |         ^^^^^^^^^^^^^^^^^^^^^^^^^^^^^^^^^^^
    |     )
    |     ^
    |   File "C:\Python314\Lib\site-packages\uvicorn\middleware\proxy_headers.py", line 70, in __call__
    |     return await self.app(scope, receive, send)
    |            ^^^^^^^^^^^^^^^^^^^^^^^^^^^^^^^^^^^^
    |   File "C:\Python314\Lib\site-packages\fastapi\applications.py", line 1054, in __call__
    |     await super().__call__(scope, receive, send)
    |   File "C:\Users\Twazei_ceo\AppData\Roaming\Python\Python314\site-packages\starlette\applications.py", line 113, in __call__
    |     await self.middleware_stack(scope, receive, send)
    |   File "C:\Users\Twazei_ceo\AppData\Roaming\Python\Python314\site-packages\starlette\middleware\errors.py", line 187, in __call__
    |     raise exc
    |   File "C:\Users\Twazei_ceo\AppData\Roaming\Python\Python314\site-packages\starlette\middleware\errors.py", line 165, in __call__
    |     await self.app(scope, receive, _send)
    |   File "C:\Users\Twazei_ceo\AppData\Roaming\Python\Python314\site-packages\starlette\middleware\base.py", line 185, in __call__
    |     with collapse_excgroups():
    |          ~~~~~~~~~~~~~~~~~~^^
    |   File "C:\Python314\Lib\contextlib.py", line 162, in __exit__
    |     self.gen.throw(value)
    |     ~~~~~~~~~~~~~~^^^^^^^
    |   File "C:\Users\Twazei_ceo\AppData\Roaming\Python\Python314\site-packages\starlette\_utils.py", line 83, in collapse_excgroups
    |     raise exc
    |   File "C:\Users\Twazei_ceo\AppData\Roaming\Python\Python314\site-packages\starlette\middleware\base.py", line 187, in __call__
    |     response = await self.dispatch_func(request, call_next)
    |                ^^^^^^^^^^^^^^^^^^^^^^^^^^^^^^^^^^^^^^^^^^^^
    |   File "E:\Huffathul Hifaaz_asl\services\core-backend\app\main.py", line 102, in log_request_performance
    |     response = await call_next(request)
    |                ^^^^^^^^^^^^^^^^^^^^^^^^
    |   File "C:\Users\Twazei_ceo\AppData\Roaming\Python\Python314\site-packages\starlette\middleware\base.py", line 163, in call_next
    |     raise app_exc
    |   File "C:\Users\Twazei_ceo\AppData\Roaming\Python\Python314\site-packages\starlette\middleware\base.py", line 149, in coro
    |     await self.app(scope, receive_or_disconnect, send_no_error)
    |   File "C:\Users\Twazei_ceo\AppData\Roaming\Python\Python314\site-packages\starlette\middleware\cors.py", line 93, in __call__
    |     await self.simple_response(scope, receive, send, request_headers=headers)
    |   File "C:\Users\Twazei_ceo\AppData\Roaming\Python\Python314\site-packages\starlette\middleware\cors.py", line 144, in simple_response
    |     await self.app(scope, receive, send)
    |   File "C:\Users\Twazei_ceo\AppData\Roaming\Python\Python314\site-packages\starlette\middleware\exceptions.py", line 62, in __call__
    |     await wrap_app_handling_exceptions(self.app, conn)(scope, receive, send)
    |   File "C:\Users\Twazei_ceo\AppData\Roaming\Python\Python314\site-packages\starlette\_exception_handler.py", line 62, in wrapped_app
    |     raise exc
    |   File "C:\Users\Twazei_ceo\AppData\Roaming\Python\Python314\site-packages\starlette\_exception_handler.py", line 51, in wrapped_app
    |     await app(scope, receive, sender)
    |   File "C:\Users\Twazei_ceo\AppData\Roaming\Python\Python314\site-packages\starlette\routing.py", line 715, in __call__
    |     await self.middleware_stack(scope, receive, send)
    |   File "C:\Users\Twazei_ceo\AppData\Roaming\Python\Python314\site-packages\starlette\routing.py", line 735, in app
    |     await route.handle(scope, receive, send)
    |   File "C:\Users\Twazei_ceo\AppData\Roaming\Python\Python314\site-packages\starlette\routing.py", line 288, in handle
    |     await self.app(scope, receive, send)
    |   File "C:\Users\Twazei_ceo\AppData\Roaming\Python\Python314\site-packages\starlette\routing.py", line 76, in app
    |     await wrap_app_handling_exceptions(app, request)(scope, receive, send)
    |   File "C:\Users\Twazei_ceo\AppData\Roaming\Python\Python314\site-packages\starlette\_exception_handler.py", line 62, in wrapped_app
    |     raise exc
    |   File "C:\Users\Twazei_ceo\AppData\Roaming\Python\Python314\site-packages\starlette\_exception_handler.py", line 51, in wrapped_app
    |     await app(scope, receive, sender)
    |   File "C:\Users\Twazei_ceo\AppData\Roaming\Python\Python314\site-packages\starlette\routing.py", line 73, in app
    |     response = await f(request)
    |                ^^^^^^^^^^^^^^^^
    |   File "C:\Python314\Lib\site-packages\fastapi\routing.py", line 301, in app
    |     raw_response = await run_endpoint_function(
    |                    ^^^^^^^^^^^^^^^^^^^^^^^^^^^^
    |     ...<3 lines>...
    |     )
    |     ^
    |   File "C:\Python314\Lib\site-packages\fastapi\routing.py", line 212, in run_endpoint_function
    |     return await dependant.call(**values)
    |            ^^^^^^^^^^^^^^^^^^^^^^^^^^^^^^
    |   File "E:\Huffathul Hifaaz_asl\services\core-backend\app\routers\auth.py", line 106, in login
    |     user_query = await db.execute(select(User).where(User.email == target_email))
    |                  ^^^^^^^^^^^^^^^^^^^^^^^^^^^^^^^^^^^^^^^^^^^^^^^^^^^^^^^^^^^^^^^^
    |   File "C:\Users\Twazei_ceo\AppData\Roaming\Python\Python314\site-packages\sqlalchemy\ext\asyncio\session.py", line 448, in execute
    |     result = await greenlet_spawn(
    |              ^^^^^^^^^^^^^^^^^^^^^
    |     ...<6 lines>...
    |     )
    |     ^
    |   File "C:\Users\Twazei_ceo\AppData\Roaming\Python\Python314\site-packages\sqlalchemy\util\_concurrency_py3k.py", line 201, in greenlet_spawn
    |     result = context.throw(*sys.exc_info())
    |   File "C:\Users\Twazei_ceo\AppData\Roaming\Python\Python314\site-packages\sqlalchemy\orm\session.py", line 2373, in execute
    |     return self._execute_internal(
    |            ~~~~~~~~~~~~~~~~~~~~~~^
    |         statement,
    |         ^^^^^^^^^^
    |     ...<4 lines>...
    |         _add_event=_add_event,
    |         ^^^^^^^^^^^^^^^^^^^^^^
    |     )
    |     ^
    |   File "C:\Users\Twazei_ceo\AppData\Roaming\Python\Python314\site-packages\sqlalchemy\orm\session.py", line 2261, in _execute_internal
    |     conn = self._connection_for_bind(bind)
    |   File "C:\Users\Twazei_ceo\AppData\Roaming\Python\Python314\site-packages\sqlalchemy\orm\session.py", line 2113, in _connection_for_bind
    |     return trans._connection_for_bind(engine, execution_options)
    |            ~~~~~~~~~~~~~~~~~~~~~~~~~~^^^^^^^^^^^^^^^^^^^^^^^^^^^
    |   File "<string>", line 2, in _connection_for_bind
    |   File "C:\Users\Twazei_ceo\AppData\Roaming\Python\Python314\site-packages\sqlalchemy\orm\state_changes.py", line 137, in _go
    |     ret_value = fn(self, *arg, **kw)
    |   File "C:\Users\Twazei_ceo\AppData\Roaming\Python\Python314\site-packages\sqlalchemy\orm\session.py", line 1191, in _connection_for_bind
    |     conn = bind.connect()
    |   File "C:\Users\Twazei_ceo\AppData\Roaming\Python\Python314\site-packages\sqlalchemy\engine\base.py", line 3295, in connect
    |     return self._connection_cls(self)
    |            ~~~~~~~~~~~~~~~~~~~~^^^^^^
    |   File "C:\Users\Twazei_ceo\AppData\Roaming\Python\Python314\site-packages\sqlalchemy\engine\base.py", line 144, in __init__
    |     self._dbapi_connection = engine.raw_connection()
    |                              ~~~~~~~~~~~~~~~~~~~~~^^
    |   File "C:\Users\Twazei_ceo\AppData\Roaming\Python\Python314\site-packages\sqlalchemy\engine\base.py", line 3319, in raw_connection
    |     return self.pool.connect()
    |            ~~~~~~~~~~~~~~~~~^^
    |   File "C:\Users\Twazei_ceo\AppData\Roaming\Python\Python314\site-packages\sqlalchemy\pool\base.py", line 448, in connect
    |     return _ConnectionFairy._checkout(self)
    |            ~~~~~~~~~~~~~~~~~~~~~~~~~~^^^^^^
    |   File "C:\Users\Twazei_ceo\AppData\Roaming\Python\Python314\site-packages\sqlalchemy\pool\base.py", line 1272, in _checkout
    |     fairy = _ConnectionRecord.checkout(pool)
    |   File "C:\Users\Twazei_ceo\AppData\Roaming\Python\Python314\site-packages\sqlalchemy\pool\base.py", line 712, in checkout
    |     rec = pool._do_get()
    |   File "C:\Users\Twazei_ceo\AppData\Roaming\Python\Python314\site-packages\sqlalchemy\pool\impl.py", line 178, in _do_get
    |     with util.safe_reraise():
    |          ~~~~~~~~~~~~~~~~~^^
    |   File "C:\Users\Twazei_ceo\AppData\Roaming\Python\Python314\site-packages\sqlalchemy\util\langhelpers.py", line 122, in __exit__
    |     raise exc_value.with_traceback(exc_tb)
    |   File "C:\Users\Twazei_ceo\AppData\Roaming\Python\Python314\site-packages\sqlalchemy\pool\impl.py", line 176, in _do_get
    |     return self._create_connection()
    |            ~~~~~~~~~~~~~~~~~~~~~~~^^
    |   File "C:\Users\Twazei_ceo\AppData\Roaming\Python\Python314\site-packages\sqlalchemy\pool\base.py", line 389, in _create_connection
    |     return _ConnectionRecord(self)
    |   File "C:\Users\Twazei_ceo\AppData\Roaming\Python\Python314\site-packages\sqlalchemy\pool\base.py", line 674, in __init__
    |     self.__connect()
    |     ~~~~~~~~~~~~~~^^
    |   File "C:\Users\Twazei_ceo\AppData\Roaming\Python\Python314\site-packages\sqlalchemy\pool\base.py", line 900, in __connect
    |     with util.safe_reraise():
    |          ~~~~~~~~~~~~~~~~~^^
    |   File "C:\Users\Twazei_ceo\AppData\Roaming\Python\Python314\site-packages\sqlalchemy\util\langhelpers.py", line 122, in __exit__
    |     raise exc_value.with_traceback(exc_tb)
    |   File "C:\Users\Twazei_ceo\AppData\Roaming\Python\Python314\site-packages\sqlalchemy\pool\base.py", line 896, in __connect
    |     self.dbapi_connection = connection = pool._invoke_creator(self)
    |                                          ~~~~~~~~~~~~~~~~~~~~^^^^^^
    |   File "C:\Users\Twazei_ceo\AppData\Roaming\Python\Python314\site-packages\sqlalchemy\engine\create.py", line 667, in connect
    |     return dialect.connect(*cargs_tup, **cparams)
    |            ~~~~~~~~~~~~~~~^^^^^^^^^^^^^^^^^^^^^^^
    |   File "C:\Users\Twazei_ceo\AppData\Roaming\Python\Python314\site-packages\sqlalchemy\engine\default.py", line 630, in connect
    |     return self.loaded_dbapi.connect(*cargs, **cparams)  # type: ignore[no-any-return]  # NOQA: E501
    |            ~~~~~~~~~~~~~~~~~~~~~~~~~^^^^^^^^^^^^^^^^^^^
    |   File "C:\Users\Twazei_ceo\AppData\Roaming\Python\Python314\site-packages\sqlalchemy\dialects\postgresql\asyncpg.py", line 955, in connect
    |     await_only(creator_fn(*arg, **kw)),
    |     ~~~~~~~~~~^^^^^^^^^^^^^^^^^^^^^^^^
    |   File "C:\Users\Twazei_ceo\AppData\Roaming\Python\Python314\site-packages\sqlalchemy\util\_concurrency_py3k.py", line 132, in await_only
    |     return current.parent.switch(awaitable)  # type: ignore[no-any-return,attr-defined] # noqa: E501
    |            ~~~~~~~~~~~~~~~~~~~~~^^^^^^^^^^^
    |   File "C:\Users\Twazei_ceo\AppData\Roaming\Python\Python314\site-packages\sqlalchemy\util\_concurrency_py3k.py", line 196, in greenlet_spawn
    |     value = await result
    |             ^^^^^^^^^^^^
    |   File "C:\Users\Twazei_ceo\AppData\Roaming\Python\Python314\site-packages\asyncpg\connection.py", line 2443, in connect
    |     return await connect_utils._connect(
    |            ^^^^^^^^^^^^^^^^^^^^^^^^^^^^^
    |     ...<22 lines>...
    |     )
    |     ^
    |   File "C:\Users\Twazei_ceo\AppData\Roaming\Python\Python314\site-packages\asyncpg\connect_utils.py", line 1249, in _connect
    |     raise last_error or exceptions.TargetServerAttributeNotMatched(
    |     ...<2 lines>...
    |     )
    |   File "C:\Users\Twazei_ceo\AppData\Roaming\Python\Python314\site-packages\asyncpg\connect_utils.py", line 1218, in _connect
    |     conn = await _connect_addr(
    |            ^^^^^^^^^^^^^^^^^^^^
    |     ...<6 lines>...
    |     )
    |     ^
    |   File "C:\Users\Twazei_ceo\AppData\Roaming\Python\Python314\site-packages\asyncpg\connect_utils.py", line 1054, in _connect_addr
    |     return await __connect_addr(params, True, *args)
    |            ^^^^^^^^^^^^^^^^^^^^^^^^^^^^^^^^^^^^^^^^^
    |   File "C:\Users\Twazei_ceo\AppData\Roaming\Python\Python314\site-packages\asyncpg\connect_utils.py", line 1099, in __connect_addr
    |     tr, pr = await connector
    |              ^^^^^^^^^^^^^^^
    |   File "C:\Users\Twazei_ceo\AppData\Roaming\Python\Python314\site-packages\asyncpg\connect_utils.py", line 969, in _create_ssl_connection
    |     tr, pr = await loop.create_connection(
    |              ^^^^^^^^^^^^^^^^^^^^^^^^^^^^^
    |     ...<2 lines>...
    |         host, port)
    |         ^^^^^^^^^^^
    |   File "C:\Python314\Lib\asyncio\base_events.py", line 1173, in create_connection
    |     raise exceptions[0]
    |   File "C:\Python314\Lib\asyncio\base_events.py", line 1143, in create_connection
    |     sock = await self._connect_sock(
    |            ^^^^^^^^^^^^^^^^^^^^^^^^^
    |         exceptions, addrinfo, laddr_infos)
    |         ^^^^^^^^^^^^^^^^^^^^^^^^^^^^^^^^^^
    |   File "C:\Python314\Lib\asyncio\base_events.py", line 1042, in _connect_sock
    |     await self.sock_connect(sock, address)
    |   File "C:\Python314\Lib\asyncio\proactor_events.py", line 728, in sock_connect
    |     return await self._proactor.connect(sock, address)
    |            ^^^^^^^^^^^^^^^^^^^^^^^^^^^^^^^^^^^^^^^^^^^
    |   File "C:\Python314\Lib\asyncio\windows_events.py", line 804, in _poll
    |     value = callback(transferred, key, ov)
    |   File "C:\Python314\Lib\asyncio\windows_events.py", line 600, in finish_connect
    |     ov.getresult()
    |     ~~~~~~~~~~~~^^
    | ConnectionRefusedError: [WinError 1225] The remote computer refused the network connection
    +------------------------------------

During handling of the above exception, another exception occurred:

Traceback (most recent call last):
  File "C:\Python314\Lib\site-packages\uvicorn\protocols\http\httptools_impl.py", line 401, in run_asgi
    result = await app(  # type: ignore[func-returns-value]
             ^^^^^^^^^^^^^^^^^^^^^^^^^^^^^^^^^^^^^^^^^^^^^^
        self.scope, self.receive, self.send
        ^^^^^^^^^^^^^^^^^^^^^^^^^^^^^^^^^^^
    )
    ^
  File "C:\Python314\Lib\site-packages\uvicorn\middleware\proxy_headers.py", line 70, in __call__
    return await self.app(scope, receive, send)
           ^^^^^^^^^^^^^^^^^^^^^^^^^^^^^^^^^^^^
  File "C:\Python314\Lib\site-packages\fastapi\applications.py", line 1054, in __call__
    await super().__call__(scope, receive, send)
  File "C:\Users\Twazei_ceo\AppData\Roaming\Python\Python314\site-packages\starlette\applications.py", line 113, in __call__
    await self.middleware_stack(scope, receive, send)
  File "C:\Users\Twazei_ceo\AppData\Roaming\Python\Python314\site-packages\starlette\middleware\errors.py", line 187, in __call__
    raise exc
  File "C:\Users\Twazei_ceo\AppData\Roaming\Python\Python314\site-packages\starlette\middleware\errors.py", line 165, in __call__
    await self.app(scope, receive, _send)
  File "C:\Users\Twazei_ceo\AppData\Roaming\Python\Python314\site-packages\starlette\middleware\base.py", line 185, in __call__
    with collapse_excgroups():
         ~~~~~~~~~~~~~~~~~~^^
  File "C:\Python314\Lib\contextlib.py", line 162, in __exit__
    self.gen.throw(value)
    ~~~~~~~~~~~~~~^^^^^^^
  File "C:\Users\Twazei_ceo\AppData\Roaming\Python\Python314\site-packages\starlette\_utils.py", line 83, in collapse_excgroups
    raise exc
  File "C:\Users\Twazei_ceo\AppData\Roaming\Python\Python314\site-packages\starlette\middleware\base.py", line 187, in __call__
    response = await self.dispatch_func(request, call_next)
               ^^^^^^^^^^^^^^^^^^^^^^^^^^^^^^^^^^^^^^^^^^^^
  File "E:\Huffathul Hifaaz_asl\services\core-backend\app\main.py", line 102, in log_request_performance
    response = await call_next(request)
               ^^^^^^^^^^^^^^^^^^^^^^^^
  File "C:\Users\Twazei_ceo\AppData\Roaming\Python\Python314\site-packages\starlette\middleware\base.py", line 163, in call_next
    raise app_exc
  File "C:\Users\Twazei_ceo\AppData\Roaming\Python\Python314\site-packages\starlette\middleware\base.py", line 149, in coro
    await self.app(scope, receive_or_disconnect, send_no_error)
  File "C:\Users\Twazei_ceo\AppData\Roaming\Python\Python314\site-packages\starlette\middleware\cors.py", line 93, in __call__
    await self.simple_response(scope, receive, send, request_headers=headers)
  File "C:\Users\Twazei_ceo\AppData\Roaming\Python\Python314\site-packages\starlette\middleware\cors.py", line 144, in simple_response
    await self.app(scope, receive, send)
  File "C:\Users\Twazei_ceo\AppData\Roaming\Python\Python314\site-packages\starlette\middleware\exceptions.py", line 62, in __call__
    await wrap_app_handling_exceptions(self.app, conn)(scope, receive, send)
  File "C:\Users\Twazei_ceo\AppData\Roaming\Python\Python314\site-packages\starlette\_exception_handler.py", line 62, in wrapped_app
    raise exc
  File "C:\Users\Twazei_ceo\AppData\Roaming\Python\Python314\site-packages\starlette\_exception_handler.py", line 51, in wrapped_app
    await app(scope, receive, sender)
  File "C:\Users\Twazei_ceo\AppData\Roaming\Python\Python314\site-packages\starlette\routing.py", line 715, in __call__
    await self.middleware_stack(scope, receive, send)
  File "C:\Users\Twazei_ceo\AppData\Roaming\Python\Python314\site-packages\starlette\routing.py", line 735, in app
    await route.handle(scope, receive, send)
  File "C:\Users\Twazei_ceo\AppData\Roaming\Python\Python314\site-packages\starlette\routing.py", line 288, in handle
    await self.app(scope, receive, send)
  File "C:\Users\Twazei_ceo\AppData\Roaming\Python\Python314\site-packages\starlette\routing.py", line 76, in app
    await wrap_app_handling_exceptions(app, request)(scope, receive, send)
  File "C:\Users\Twazei_ceo\AppData\Roaming\Python\Python314\site-packages\starlette\_exception_handler.py", line 62, in wrapped_app
    raise exc
  File "C:\Users\Twazei_ceo\AppData\Roaming\Python\Python314\site-packages\starlette\_exception_handler.py", line 51, in wrapped_app
    await app(scope, receive, sender)
  File "C:\Users\Twazei_ceo\AppData\Roaming\Python\Python314\site-packages\starlette\routing.py", line 73, in app
    response = await f(request)
               ^^^^^^^^^^^^^^^^
  File "C:\Python314\Lib\site-packages\fastapi\routing.py", line 301, in app
    raw_response = await run_endpoint_function(
                   ^^^^^^^^^^^^^^^^^^^^^^^^^^^^
    ...<3 lines>...
    )
    ^
  File "C:\Python314\Lib\site-packages\fastapi\routing.py", line 212, in run_endpoint_function
    return await dependant.call(**values)
           ^^^^^^^^^^^^^^^^^^^^^^^^^^^^^^
  File "E:\Huffathul Hifaaz_asl\services\core-backend\app\routers\auth.py", line 106, in login
    user_query = await db.execute(select(User).where(User.email == target_email))
                 ^^^^^^^^^^^^^^^^^^^^^^^^^^^^^^^^^^^^^^^^^^^^^^^^^^^^^^^^^^^^^^^^
  File "C:\Users\Twazei_ceo\AppData\Roaming\Python\Python314\site-packages\sqlalchemy\ext\asyncio\session.py", line 448, in execute
    result = await greenlet_spawn(
             ^^^^^^^^^^^^^^^^^^^^^
    ...<6 lines>...
    )
    ^
  File "C:\Users\Twazei_ceo\AppData\Roaming\Python\Python314\site-packages\sqlalchemy\util\_concurrency_py3k.py", line 201, in greenlet_spawn
    result = context.throw(*sys.exc_info())
  File "C:\Users\Twazei_ceo\AppData\Roaming\Python\Python314\site-packages\sqlalchemy\orm\session.py", line 2373, in execute
    return self._execute_internal(
           ~~~~~~~~~~~~~~~~~~~~~~^
        statement,
        ^^^^^^^^^^
    ...<4 lines>...
        _add_event=_add_event,
        ^^^^^^^^^^^^^^^^^^^^^^
    )
    ^
  File "C:\Users\Twazei_ceo\AppData\Roaming\Python\Python314\site-packages\sqlalchemy\orm\session.py", line 2261, in _execute_internal
    conn = self._connection_for_bind(bind)
  File "C:\Users\Twazei_ceo\AppData\Roaming\Python\Python314\site-packages\sqlalchemy\orm\session.py", line 2113, in _connection_for_bind
    return trans._connection_for_bind(engine, execution_options)
           ~~~~~~~~~~~~~~~~~~~~~~~~~~^^^^^^^^^^^^^^^^^^^^^^^^^^^
  File "<string>", line 2, in _connection_for_bind
  File "C:\Users\Twazei_ceo\AppData\Roaming\Python\Python314\site-packages\sqlalchemy\orm\state_changes.py", line 137, in _go
    ret_value = fn(self, *arg, **kw)
  File "C:\Users\Twazei_ceo\AppData\Roaming\Python\Python314\site-packages\sqlalchemy\orm\session.py", line 1191, in _connection_for_bind
    conn = bind.connect()
  File "C:\Users\Twazei_ceo\AppData\Roaming\Python\Python314\site-packages\sqlalchemy\engine\base.py", line 3295, in connect
    return self._connection_cls(self)
           ~~~~~~~~~~~~~~~~~~~~^^^^^^
  File "C:\Users\Twazei_ceo\AppData\Roaming\Python\Python314\site-packages\sqlalchemy\engine\base.py", line 144, in __init__
    self._dbapi_connection = engine.raw_connection()
                             ~~~~~~~~~~~~~~~~~~~~~^^
  File "C:\Users\Twazei_ceo\AppData\Roaming\Python\Python314\site-packages\sqlalchemy\engine\base.py", line 3319, in raw_connection
    return self.pool.connect()
           ~~~~~~~~~~~~~~~~~^^
  File "C:\Users\Twazei_ceo\AppData\Roaming\Python\Python314\site-packages\sqlalchemy\pool\base.py", line 448, in connect
    return _ConnectionFairy._checkout(self)
           ~~~~~~~~~~~~~~~~~~~~~~~~~~^^^^^^
  File "C:\Users\Twazei_ceo\AppData\Roaming\Python\Python314\site-packages\sqlalchemy\pool\base.py", line 1272, in _checkout
    fairy = _ConnectionRecord.checkout(pool)
  File "C:\Users\Twazei_ceo\AppData\Roaming\Python\Python314\site-packages\sqlalchemy\pool\base.py", line 712, in checkout
    rec = pool._do_get()
  File "C:\Users\Twazei_ceo\AppData\Roaming\Python\Python314\site-packages\sqlalchemy\pool\impl.py", line 178, in _do_get
    with util.safe_reraise():
         ~~~~~~~~~~~~~~~~~^^
  File "C:\Users\Twazei_ceo\AppData\Roaming\Python\Python314\site-packages\sqlalchemy\util\langhelpers.py", line 122, in __exit__
    raise exc_value.with_traceback(exc_tb)
  File "C:\Users\Twazei_ceo\AppData\Roaming\Python\Python314\site-packages\sqlalchemy\pool\impl.py", line 176, in _do_get
    return self._create_connection()
           ~~~~~~~~~~~~~~~~~~~~~~~^^
  File "C:\Users\Twazei_ceo\AppData\Roaming\Python\Python314\site-packages\sqlalchemy\pool\base.py", line 389, in _create_connection
    return _ConnectionRecord(self)
  File "C:\Users\Twazei_ceo\AppData\Roaming\Python\Python314\site-packages\sqlalchemy\pool\base.py", line 674, in __init__
    self.__connect()
    ~~~~~~~~~~~~~~^^
  File "C:\Users\Twazei_ceo\AppData\Roaming\Python\Python314\site-packages\sqlalchemy\pool\base.py", line 900, in __connect
    with util.safe_reraise():
         ~~~~~~~~~~~~~~~~~^^
  File "C:\Users\Twazei_ceo\AppData\Roaming\Python\Python314\site-packages\sqlalchemy\util\langhelpers.py", line 122, in __exit__
    raise exc_value.with_traceback(exc_tb)
  File "C:\Users\Twazei_ceo\AppData\Roaming\Python\Python314\site-packages\sqlalchemy\pool\base.py", line 896, in __connect
    self.dbapi_connection = connection = pool._invoke_creator(self)
                                         ~~~~~~~~~~~~~~~~~~~~^^^^^^
  File "C:\Users\Twazei_ceo\AppData\Roaming\Python\Python314\site-packages\sqlalchemy\engine\create.py", line 667, in connect
    return dialect.connect(*cargs_tup, **cparams)
           ~~~~~~~~~~~~~~~^^^^^^^^^^^^^^^^^^^^^^^
  File "C:\Users\Twazei_ceo\AppData\Roaming\Python\Python314\site-packages\sqlalchemy\engine\default.py", line 630, in connect
    return self.loaded_dbapi.connect(*cargs, **cparams)  # type: ignore[no-any-return]  # NOQA: E501
           ~~~~~~~~~~~~~~~~~~~~~~~~~^^^^^^^^^^^^^^^^^^^
  File "C:\Users\Twazei_ceo\AppData\Roaming\Python\Python314\site-packages\sqlalchemy\dialects\postgresql\asyncpg.py", line 955, in connect
    await_only(creator_fn(*arg, **kw)),
    ~~~~~~~~~~^^^^^^^^^^^^^^^^^^^^^^^^
  File "C:\Users\Twazei_ceo\AppData\Roaming\Python\Python314\site-packages\sqlalchemy\util\_concurrency_py3k.py", line 132, in await_only
    return current.parent.switch(awaitable)  # type: ignore[no-any-return,attr-defined] # noqa: E501
           ~~~~~~~~~~~~~~~~~~~~~^^^^^^^^^^^
  File "C:\Users\Twazei_ceo\AppData\Roaming\Python\Python314\site-packages\sqlalchemy\util\_concurrency_py3k.py", line 196, in greenlet_spawn
    value = await result
            ^^^^^^^^^^^^
  File "C:\Users\Twazei_ceo\AppData\Roaming\Python\Python314\site-packages\asyncpg\connection.py", line 2443, in connect
    return await connect_utils._connect(
           ^^^^^^^^^^^^^^^^^^^^^^^^^^^^^
    ...<22 lines>...
    )
    ^
  File "C:\Users\Twazei_ceo\AppData\Roaming\Python\Python314\site-packages\asyncpg\connect_utils.py", line 1249, in _connect
    raise last_error or exceptions.TargetServerAttributeNotMatched(
    ...<2 lines>...
    )
  File "C:\Users\Twazei_ceo\AppData\Roaming\Python\Python314\site-packages\asyncpg\connect_utils.py", line 1218, in _connect
    conn = await _connect_addr(
           ^^^^^^^^^^^^^^^^^^^^
    ...<6 lines>...
    )
    ^
  File "C:\Users\Twazei_ceo\AppData\Roaming\Python\Python314\site-packages\asyncpg\connect_utils.py", line 1054, in _connect_addr
    return await __connect_addr(params, True, *args)
           ^^^^^^^^^^^^^^^^^^^^^^^^^^^^^^^^^^^^^^^^^
  File "C:\Users\Twazei_ceo\AppData\Roaming\Python\Python314\site-packages\asyncpg\connect_utils.py", line 1099, in __connect_addr
    tr, pr = await connector
             ^^^^^^^^^^^^^^^
  File "C:\Users\Twazei_ceo\AppData\Roaming\Python\Python314\site-packages\asyncpg\connect_utils.py", line 969, in _create_ssl_connection
    tr, pr = await loop.create_connection(
             ^^^^^^^^^^^^^^^^^^^^^^^^^^^^^
    ...<2 lines>...
        host, port)
        ^^^^^^^^^^^
  File "C:\Python314\Lib\asyncio\base_events.py", line 1173, in create_connection
    raise exceptions[0]
  File "C:\Python314\Lib\asyncio\base_events.py", line 1143, in create_connection
    sock = await self._connect_sock(
           ^^^^^^^^^^^^^^^^^^^^^^^^^
        exceptions, addrinfo, laddr_infos)
        ^^^^^^^^^^^^^^^^^^^^^^^^^^^^^^^^^^
  File "C:\Python314\Lib\asyncio\base_events.py", line 1042, in _connect_sock
    await self.sock_connect(sock, address)
  File "C:\Python314\Lib\asyncio\proactor_events.py", line 728, in sock_connect
    return await self._proactor.connect(sock, address)
           ^^^^^^^^^^^^^^^^^^^^^^^^^^^^^^^^^^^^^^^^^^^
  File "C:\Python314\Lib\asyncio\windows_events.py", line 804, in _poll
    value = callback(transferred, key, ov)
  File "C:\Python314\Lib\asyncio\windows_events.py", line 600, in finish_connect
    ov.getresult()
    ~~~~~~~~~~~~^^
ConnectionRefusedError: [WinError 1225] The remote computer refused the network connection
2026-08-24 15:41:42,183 [INFO] app.main: HTTP GET /healthz - Status: 200 - Duration: 0.001s
INFO:     127.0.0.1:61576 - "GET /healthz HTTP/1.1" 200 OK
2026-08-24 15:41:48,013 [ERROR] app.main: \U0001f6a8 RUNTIME UNHANDLED EXCEPTION: [WinError 1225] The remote computer refused the network connection
  + Exception Group Traceback (most recent call last):
  |   File "C:\Users\Twazei_ceo\AppData\Roaming\Python\Python314\site-packages\starlette\_utils.py", line 77, in collapse_excgroups
  |     yield
  |   File "C:\Users\Twazei_ceo\AppData\Roaming\Python\Python314\site-packages\starlette\middleware\base.py", line 186, in __call__
  |     async with anyio.create_task_group() as task_group:
  |                ~~~~~~~~~~~~~~~~~~~~~~~^^
  |   File "C:\Python314\Lib\site-packages\anyio\_backends\_asyncio.py", line 815, in __aexit__
  |     raise BaseExceptionGroup(
  |         "unhandled errors in a TaskGroup", self._exceptions
  |     ) from None
  | ExceptionGroup: unhandled errors in a TaskGroup (1 sub-exception)
  +-+---------------- 1 ----------------
    | Traceback (most recent call last):
    |   File "C:\Users\Twazei_ceo\AppData\Roaming\Python\Python314\site-packages\starlette\middleware\errors.py", line 165, in __call__
    |     await self.app(scope, receive, _send)
    |   File "C:\Users\Twazei_ceo\AppData\Roaming\Python\Python314\site-packages\starlette\middleware\base.py", line 185, in __call__
    |     with collapse_excgroups():
    |          ~~~~~~~~~~~~~~~~~~^^
    |   File "C:\Python314\Lib\contextlib.py", line 162, in __exit__
    |     self.gen.throw(value)
    |     ~~~~~~~~~~~~~~^^^^^^^
    |   File "C:\Users\Twazei_ceo\AppData\Roaming\Python\Python314\site-packages\starlette\_utils.py", line 83, in collapse_excgroups
    |     raise exc
    |   File "C:\Users\Twazei_ceo\AppData\Roaming\Python\Python314\site-packages\starlette\middleware\base.py", line 187, in __call__
    |     response = await self.dispatch_func(request, call_next)
    |                ^^^^^^^^^^^^^^^^^^^^^^^^^^^^^^^^^^^^^^^^^^^^
    |   File "E:\Huffathul Hifaaz_asl\services\core-backend\app\main.py", line 102, in log_request_performance
    |     response = await call_next(request)
    |                ^^^^^^^^^^^^^^^^^^^^^^^^
    |   File "C:\Users\Twazei_ceo\AppData\Roaming\Python\Python314\site-packages\starlette\middleware\base.py", line 163, in call_next
    |     raise app_exc
    |   File "C:\Users\Twazei_ceo\AppData\Roaming\Python\Python314\site-packages\starlette\middleware\base.py", line 149, in coro
    |     await self.app(scope, receive_or_disconnect, send_no_error)
    |   File "C:\Users\Twazei_ceo\AppData\Roaming\Python\Python314\site-packages\starlette\middleware\cors.py", line 93, in __call__
    |     await self.simple_response(scope, receive, send, request_headers=headers)
    |   File "C:\Users\Twazei_ceo\AppData\Roaming\Python\Python314\site-packages\starlette\middleware\cors.py", line 144, in simple_response
    |     await self.app(scope, receive, send)
    |   File "C:\Users\Twazei_ceo\AppData\Roaming\Python\Python314\site-packages\starlette\middleware\exceptions.py", line 62, in __call__
    |     await wrap_app_handling_exceptions(self.app, conn)(scope, receive, send)
    |   File "C:\Users\Twazei_ceo\AppData\Roaming\Python\Python314\site-packages\starlette\_exception_handler.py", line 62, in wrapped_app
    |     raise exc
    |   File "C:\Users\Twazei_ceo\AppData\Roaming\Python\Python314\site-packages\starlette\_exception_handler.py", line 51, in wrapped_app
    |     await app(scope, receive, sender)
    |   File "C:\Users\Twazei_ceo\AppData\Roaming\Python\Python314\site-packages\starlette\routing.py", line 715, in __call__
    |     await self.middleware_stack(scope, receive, send)
    |   File "C:\Users\Twazei_ceo\AppData\Roaming\Python\Python314\site-packages\starlette\routing.py", line 735, in app
    |     await route.handle(scope, receive, send)
    |   File "C:\Users\Twazei_ceo\AppData\Roaming\Python\Python314\site-packages\starlette\routing.py", line 288, in handle
    |     await self.app(scope, receive, send)
    |   File "C:\Users\Twazei_ceo\AppData\Roaming\Python\Python314\site-packages\starlette\routing.py", line 76, in app
    |     await wrap_app_handling_exceptions(app, request)(scope, receive, send)
    |   File "C:\Users\Twazei_ceo\AppData\Roaming\Python\Python314\site-packages\starlette\_exception_handler.py", line 62, in wrapped_app
    |     raise exc
    |   File "C:\Users\Twazei_ceo\AppData\Roaming\Python\Python314\site-packages\starlette\_exception_handler.py", line 51, in wrapped_app
    |     await app(scope, receive, sender)
    |   File "C:\Users\Twazei_ceo\AppData\Roaming\Python\Python314\site-packages\starlette\routing.py", line 73, in app
    |     response = await f(request)
    |                ^^^^^^^^^^^^^^^^
    |   File "C:\Python314\Lib\site-packages\fastapi\routing.py", line 301, in app
    |     raw_response = await run_endpoint_function(
    |                    ^^^^^^^^^^^^^^^^^^^^^^^^^^^^
    |     ...<3 lines>...
    |     )
    |     ^
    |   File "C:\Python314\Lib\site-packages\fastapi\routing.py", line 212, in run_endpoint_function
    |     return await dependant.call(**values)
    |            ^^^^^^^^^^^^^^^^^^^^^^^^^^^^^^
    |   File "E:\Huffathul Hifaaz_asl\services\core-backend\app\routers\auth.py", line 106, in login
    |     user_query = await db.execute(select(User).where(User.email == target_email))
    |                  ^^^^^^^^^^^^^^^^^^^^^^^^^^^^^^^^^^^^^^^^^^^^^^^^^^^^^^^^^^^^^^^^
    |   File "C:\Users\Twazei_ceo\AppData\Roaming\Python\Python314\site-packages\sqlalchemy\ext\asyncio\session.py", line 448, in execute
    |     result = await greenlet_spawn(
    |              ^^^^^^^^^^^^^^^^^^^^^
    |     ...<6 lines>...
    |     )
    |     ^
    |   File "C:\Users\Twazei_ceo\AppData\Roaming\Python\Python314\site-packages\sqlalchemy\util\_concurrency_py3k.py", line 201, in greenlet_spawn
    |     result = context.throw(*sys.exc_info())
    |   File "C:\Users\Twazei_ceo\AppData\Roaming\Python\Python314\site-packages\sqlalchemy\orm\session.py", line 2373, in execute
    |     return self._execute_internal(
    |            ~~~~~~~~~~~~~~~~~~~~~~^
    |         statement,
    |         ^^^^^^^^^^
    |     ...<4 lines>...
    |         _add_event=_add_event,
    |         ^^^^^^^^^^^^^^^^^^^^^^
    |     )
    |     ^
    |   File "C:\Users\Twazei_ceo\AppData\Roaming\Python\Python314\site-packages\sqlalchemy\orm\session.py", line 2261, in _execute_internal
    |     conn = self._connection_for_bind(bind)
    |   File "C:\Users\Twazei_ceo\AppData\Roaming\Python\Python314\site-packages\sqlalchemy\orm\session.py", line 2113, in _connection_for_bind
    |     return trans._connection_for_bind(engine, execution_options)
    |            ~~~~~~~~~~~~~~~~~~~~~~~~~~^^^^^^^^^^^^^^^^^^^^^^^^^^^
    |   File "<string>", line 2, in _connection_for_bind
    |   File "C:\Users\Twazei_ceo\AppData\Roaming\Python\Python314\site-packages\sqlalchemy\orm\state_changes.py", line 137, in _go
    |     ret_value = fn(self, *arg, **kw)
    |   File "C:\Users\Twazei_ceo\AppData\Roaming\Python\Python314\site-packages\sqlalchemy\orm\session.py", line 1191, in _connection_for_bind
    |     conn = bind.connect()
    |   File "C:\Users\Twazei_ceo\AppData\Roaming\Python\Python314\site-packages\sqlalchemy\engine\base.py", line 3295, in connect
    |     return self._connection_cls(self)
    |            ~~~~~~~~~~~~~~~~~~~~^^^^^^
    |   File "C:\Users\Twazei_ceo\AppData\Roaming\Python\Python314\site-packages\sqlalchemy\engine\base.py", line 144, in __init__
    |     self._dbapi_connection = engine.raw_connection()
    |                              ~~~~~~~~~~~~~~~~~~~~~^^
    |   File "C:\Users\Twazei_ceo\AppData\Roaming\Python\Python314\site-packages\sqlalchemy\engine\base.py", line 3319, in raw_connection
    |     return self.pool.connect()
    |            ~~~~~~~~~~~~~~~~~^^
    |   File "C:\Users\Twazei_ceo\AppData\Roaming\Python\Python314\site-packages\sqlalchemy\pool\base.py", line 448, in connect
    |     return _ConnectionFairy._checkout(self)
    |            ~~~~~~~~~~~~~~~~~~~~~~~~~~^^^^^^
    |   File "C:\Users\Twazei_ceo\AppData\Roaming\Python\Python314\site-packages\sqlalchemy\pool\base.py", line 1272, in _checkout
    |     fairy = _ConnectionRecord.checkout(pool)
    |   File "C:\Users\Twazei_ceo\AppData\Roaming\Python\Python314\site-packages\sqlalchemy\pool\base.py", line 712, in checkout
    |     rec = pool._do_get()
    |   File "C:\Users\Twazei_ceo\AppData\Roaming\Python\Python314\site-packages\sqlalchemy\pool\impl.py", line 178, in _do_get
    |     with util.safe_reraise():
    |          ~~~~~~~~~~~~~~~~~^^
    |   File "C:\Users\Twazei_ceo\AppData\Roaming\Python\Python314\site-packages\sqlalchemy\util\langhelpers.py", line 122, in __exit__
    |     raise exc_value.with_traceback(exc_tb)
    |   File "C:\Users\Twazei_ceo\AppData\Roaming\Python\Python314\site-packages\sqlalchemy\pool\impl.py", line 176, in _do_get
    |     return self._create_connection()
    |            ~~~~~~~~~~~~~~~~~~~~~~~^^
    |   File "C:\Users\Twazei_ceo\AppData\Roaming\Python\Python314\site-packages\sqlalchemy\pool\base.py", line 389, in _create_connection
    |     return _ConnectionRecord(self)
    |   File "C:\Users\Twazei_ceo\AppData\Roaming\Python\Python314\site-packages\sqlalchemy\pool\base.py", line 674, in __init__
    |     self.__connect()
    |     ~~~~~~~~~~~~~~^^
    |   File "C:\Users\Twazei_ceo\AppData\Roaming\Python\Python314\site-packages\sqlalchemy\pool\base.py", line 900, in __connect
    |     with util.safe_reraise():
    |          ~~~~~~~~~~~~~~~~~^^
    |   File "C:\Users\Twazei_ceo\AppData\Roaming\Python\Python314\site-packages\sqlalchemy\util\langhelpers.py", line 122, in __exit__
    |     raise exc_value.with_traceback(exc_tb)
    |   File "C:\Users\Twazei_ceo\AppData\Roaming\Python\Python314\site-packages\sqlalchemy\pool\base.py", line 896, in __connect
    |     self.dbapi_connection = connection = pool._invoke_creator(self)
    |                                          ~~~~~~~~~~~~~~~~~~~~^^^^^^
    |   File "C:\Users\Twazei_ceo\AppData\Roaming\Python\Python314\site-packages\sqlalchemy\engine\create.py", line 667, in connect
    |     return dialect.connect(*cargs_tup, **cparams)
    |            ~~~~~~~~~~~~~~~^^^^^^^^^^^^^^^^^^^^^^^
    |   File "C:\Users\Twazei_ceo\AppData\Roaming\Python\Python314\site-packages\sqlalchemy\engine\default.py", line 630, in connect
    |     return self.loaded_dbapi.connect(*cargs, **cparams)  # type: ignore[no-any-return]  # NOQA: E501
    |            ~~~~~~~~~~~~~~~~~~~~~~~~~^^^^^^^^^^^^^^^^^^^
    |   File "C:\Users\Twazei_ceo\AppData\Roaming\Python\Python314\site-packages\sqlalchemy\dialects\postgresql\asyncpg.py", line 955, in connect
    |     await_only(creator_fn(*arg, **kw)),
    |     ~~~~~~~~~~^^^^^^^^^^^^^^^^^^^^^^^^
    |   File "C:\Users\Twazei_ceo\AppData\Roaming\Python\Python314\site-packages\sqlalchemy\util\_concurrency_py3k.py", line 132, in await_only
    |     return current.parent.switch(awaitable)  # type: ignore[no-any-return,attr-defined] # noqa: E501
    |            ~~~~~~~~~~~~~~~~~~~~~^^^^^^^^^^^
    |   File "C:\Users\Twazei_ceo\AppData\Roaming\Python\Python314\site-packages\sqlalchemy\util\_concurrency_py3k.py", line 196, in greenlet_spawn
    |     value = await result
    |             ^^^^^^^^^^^^
    |   File "C:\Users\Twazei_ceo\AppData\Roaming\Python\Python314\site-packages\asyncpg\connection.py", line 2443, in connect
    |     return await connect_utils._connect(
    |            ^^^^^^^^^^^^^^^^^^^^^^^^^^^^^
    |     ...<22 lines>...
    |     )
    |     ^
    |   File "C:\Users\Twazei_ceo\AppData\Roaming\Python\Python314\site-packages\asyncpg\connect_utils.py", line 1249, in _connect
    |     raise last_error or exceptions.TargetServerAttributeNotMatched(
    |     ...<2 lines>...
    |     )
    |   File "C:\Users\Twazei_ceo\AppData\Roaming\Python\Python314\site-packages\asyncpg\connect_utils.py", line 1218, in _connect
    |     conn = await _connect_addr(
    |            ^^^^^^^^^^^^^^^^^^^^
    |     ...<6 lines>...
    |     )
    |     ^
    |   File "C:\Users\Twazei_ceo\AppData\Roaming\Python\Python314\site-packages\asyncpg\connect_utils.py", line 1054, in _connect_addr
    |     return await __connect_addr(params, True, *args)
    |            ^^^^^^^^^^^^^^^^^^^^^^^^^^^^^^^^^^^^^^^^^
    |   File "C:\Users\Twazei_ceo\AppData\Roaming\Python\Python314\site-packages\asyncpg\connect_utils.py", line 1099, in __connect_addr
    |     tr, pr = await connector
    |              ^^^^^^^^^^^^^^^
    |   File "C:\Users\Twazei_ceo\AppData\Roaming\Python\Python314\site-packages\asyncpg\connect_utils.py", line 969, in _create_ssl_connection
    |     tr, pr = await loop.create_connection(
    |              ^^^^^^^^^^^^^^^^^^^^^^^^^^^^^
    |     ...<2 lines>...
    |         host, port)
    |         ^^^^^^^^^^^
    |   File "C:\Python314\Lib\asyncio\base_events.py", line 1173, in create_connection
    |     raise exceptions[0]
    |   File "C:\Python314\Lib\asyncio\base_events.py", line 1143, in create_connection
    |     sock = await self._connect_sock(
    |            ^^^^^^^^^^^^^^^^^^^^^^^^^
    |         exceptions, addrinfo, laddr_infos)
    |         ^^^^^^^^^^^^^^^^^^^^^^^^^^^^^^^^^^
    |   File "C:\Python314\Lib\asyncio\base_events.py", line 1042, in _connect_sock
    |     await self.sock_connect(sock, address)
    |   File "C:\Python314\Lib\asyncio\proactor_events.py", line 728, in sock_connect
    |     return await self._proactor.connect(sock, address)
    |            ^^^^^^^^^^^^^^^^^^^^^^^^^^^^^^^^^^^^^^^^^^^
    |   File "C:\Python314\Lib\asyncio\windows_events.py", line 804, in _poll
    |     value = callback(transferred, key, ov)
    |   File "C:\Python314\Lib\asyncio\windows_events.py", line 600, in finish_connect
    |     ov.getresult()
    |     ~~~~~~~~~~~~^^
    | ConnectionRefusedError: [WinError 1225] The remote computer refused the network connection
    +------------------------------------

During handling of the above exception, another exception occurred:

Traceback (most recent call last):
  File "C:\Users\Twazei_ceo\AppData\Roaming\Python\Python314\site-packages\starlette\middleware\errors.py", line 165, in __call__
    await self.app(scope, receive, _send)
  File "C:\Users\Twazei_ceo\AppData\Roaming\Python\Python314\site-packages\starlette\middleware\base.py", line 185, in __call__
    with collapse_excgroups():
         ~~~~~~~~~~~~~~~~~~^^
  File "C:\Python314\Lib\contextlib.py", line 162, in __exit__
    self.gen.throw(value)
    ~~~~~~~~~~~~~~^^^^^^^
  File "C:\Users\Twazei_ceo\AppData\Roaming\Python\Python314\site-packages\starlette\_utils.py", line 83, in collapse_excgroups
    raise exc
  File "C:\Users\Twazei_ceo\AppData\Roaming\Python\Python314\site-packages\starlette\middleware\base.py", line 187, in __call__
    response = await self.dispatch_func(request, call_next)
               ^^^^^^^^^^^^^^^^^^^^^^^^^^^^^^^^^^^^^^^^^^^^
  File "E:\Huffathul Hifaaz_asl\services\core-backend\app\main.py", line 102, in log_request_performance
    response = await call_next(request)
               ^^^^^^^^^^^^^^^^^^^^^^^^
  File "C:\Users\Twazei_ceo\AppData\Roaming\Python\Python314\site-packages\starlette\middleware\base.py", line 163, in call_next
    raise app_exc
  File "C:\Users\Twazei_ceo\AppData\Roaming\Python\Python314\site-packages\starlette\middleware\base.py", line 149, in coro
    await self.app(scope, receive_or_disconnect, send_no_error)
  File "C:\Users\Twazei_ceo\AppData\Roaming\Python\Python314\site-packages\starlette\middleware\cors.py", line 93, in __call__
    await self.simple_response(scope, receive, send, request_headers=headers)
  File "C:\Users\Twazei_ceo\AppData\Roaming\Python\Python314\site-packages\starlette\middleware\cors.py", line 144, in simple_response
    await self.app(scope, receive, send)
  File "C:\Users\Twazei_ceo\AppData\Roaming\Python\Python314\site-packages\starlette\middleware\exceptions.py", line 62, in __call__
    await wrap_app_handling_exceptions(self.app, conn)(scope, receive, send)
  File "C:\Users\Twazei_ceo\AppData\Roaming\Python\Python314\site-packages\starlette\_exception_handler.py", line 62, in wrapped_app
    raise exc
  File "C:\Users\Twazei_ceo\AppData\Roaming\Python\Python314\site-packages\starlette\_exception_handler.py", line 51, in wrapped_app
    await app(scope, receive, sender)
  File "C:\Users\Twazei_ceo\AppData\Roaming\Python\Python314\site-packages\starlette\routing.py", line 715, in __call__
    await self.middleware_stack(scope, receive, send)
  File "C:\Users\Twazei_ceo\AppData\Roaming\Python\Python314\site-packages\starlette\routing.py", line 735, in app
    await route.handle(scope, receive, send)
  File "C:\Users\Twazei_ceo\AppData\Roaming\Python\Python314\site-packages\starlette\routing.py", line 288, in handle
    await self.app(scope, receive, send)
  File "C:\Users\Twazei_ceo\AppData\Roaming\Python\Python314\site-packages\starlette\routing.py", line 76, in app
    await wrap_app_handling_exceptions(app, request)(scope, receive, send)
  File "C:\Users\Twazei_ceo\AppData\Roaming\Python\Python314\site-packages\starlette\_exception_handler.py", line 62, in wrapped_app
    raise exc
  File "C:\Users\Twazei_ceo\AppData\Roaming\Python\Python314\site-packages\starlette\_exception_handler.py", line 51, in wrapped_app
    await app(scope, receive, sender)
  File "C:\Users\Twazei_ceo\AppData\Roaming\Python\Python314\site-packages\starlette\routing.py", line 73, in app
    response = await f(request)
               ^^^^^^^^^^^^^^^^
  File "C:\Python314\Lib\site-packages\fastapi\routing.py", line 301, in app
    raw_response = await run_endpoint_function(
                   ^^^^^^^^^^^^^^^^^^^^^^^^^^^^
    ...<3 lines>...
    )
    ^
  File "C:\Python314\Lib\site-packages\fastapi\routing.py", line 212, in run_endpoint_function
    return await dependant.call(**values)
           ^^^^^^^^^^^^^^^^^^^^^^^^^^^^^^
  File "E:\Huffathul Hifaaz_asl\services\core-backend\app\routers\auth.py", line 106, in login
    user_query = await db.execute(select(User).where(User.email == target_email))
                 ^^^^^^^^^^^^^^^^^^^^^^^^^^^^^^^^^^^^^^^^^^^^^^^^^^^^^^^^^^^^^^^^
  File "C:\Users\Twazei_ceo\AppData\Roaming\Python\Python314\site-packages\sqlalchemy\ext\asyncio\session.py", line 448, in execute
    result = await greenlet_spawn(
             ^^^^^^^^^^^^^^^^^^^^^
    ...<6 lines>...
    )
    ^
  File "C:\Users\Twazei_ceo\AppData\Roaming\Python\Python314\site-packages\sqlalchemy\util\_concurrency_py3k.py", line 201, in greenlet_spawn
    result = context.throw(*sys.exc_info())
  File "C:\Users\Twazei_ceo\AppData\Roaming\Python\Python314\site-packages\sqlalchemy\orm\session.py", line 2373, in execute
    return self._execute_internal(
           ~~~~~~~~~~~~~~~~~~~~~~^
        statement,
        ^^^^^^^^^^
    ...<4 lines>...
        _add_event=_add_event,
        ^^^^^^^^^^^^^^^^^^^^^^
    )
    ^
  File "C:\Users\Twazei_ceo\AppData\Roaming\Python\Python314\site-packages\sqlalchemy\orm\session.py", line 2261, in _execute_internal
    conn = self._connection_for_bind(bind)
  File "C:\Users\Twazei_ceo\AppData\Roaming\Python\Python314\site-packages\sqlalchemy\orm\session.py", line 2113, in _connection_for_bind
    return trans._connection_for_bind(engine, execution_options)
           ~~~~~~~~~~~~~~~~~~~~~~~~~~^^^^^^^^^^^^^^^^^^^^^^^^^^^
  File "<string>", line 2, in _connection_for_bind
  File "C:\Users\Twazei_ceo\AppData\Roaming\Python\Python314\site-packages\sqlalchemy\orm\state_changes.py", line 137, in _go
    ret_value = fn(self, *arg, **kw)
  File "C:\Users\Twazei_ceo\AppData\Roaming\Python\Python314\site-packages\sqlalchemy\orm\session.py", line 1191, in _connection_for_bind
    conn = bind.connect()
  File "C:\Users\Twazei_ceo\AppData\Roaming\Python\Python314\site-packages\sqlalchemy\engine\base.py", line 3295, in connect
    return self._connection_cls(self)
           ~~~~~~~~~~~~~~~~~~~~^^^^^^
  File "C:\Users\Twazei_ceo\AppData\Roaming\Python\Python314\site-packages\sqlalchemy\engine\base.py", line 144, in __init__
    self._dbapi_connection = engine.raw_connection()
                             ~~~~~~~~~~~~~~~~~~~~~^^
  File "C:\Users\Twazei_ceo\AppData\Roaming\Python\Python314\site-packages\sqlalchemy\engine\base.py", line 3319, in raw_connection
    return self.pool.connect()
           ~~~~~~~~~~~~~~~~~^^
  File "C:\Users\Twazei_ceo\AppData\Roaming\Python\Python314\site-packages\sqlalchemy\pool\base.py", line 448, in connect
    return _ConnectionFairy._checkout(self)
           ~~~~~~~~~~~~~~~~~~~~~~~~~~^^^^^^
  File "C:\Users\Twazei_ceo\AppData\Roaming\Python\Python314\site-packages\sqlalchemy\pool\base.py", line 1272, in _checkout
    fairy = _ConnectionRecord.checkout(pool)
  File "C:\Users\Twazei_ceo\AppData\Roaming\Python\Python314\site-packages\sqlalchemy\pool\base.py", line 712, in checkout
    rec = pool._do_get()
  File "C:\Users\Twazei_ceo\AppData\Roaming\Python\Python314\site-packages\sqlalchemy\pool\impl.py", line 178, in _do_get
    with util.safe_reraise():
         ~~~~~~~~~~~~~~~~~^^
  File "C:\Users\Twazei_ceo\AppData\Roaming\Python\Python314\site-packages\sqlalchemy\util\langhelpers.py", line 122, in __exit__
    raise exc_value.with_traceback(exc_tb)
  File "C:\Users\Twazei_ceo\AppData\Roaming\Python\Python314\site-packages\sqlalchemy\pool\impl.py", line 176, in _do_get
    return self._create_connection()
           ~~~~~~~~~~~~~~~~~~~~~~~^^
  File "C:\Users\Twazei_ceo\AppData\Roaming\Python\Python314\site-packages\sqlalchemy\pool\base.py", line 389, in _create_connection
    return _ConnectionRecord(self)
  File "C:\Users\Twazei_ceo\AppData\Roaming\Python\Python314\site-packages\sqlalchemy\pool\base.py", line 674, in __init__
    self.__connect()
    ~~~~~~~~~~~~~~^^
  File "C:\Users\Twazei_ceo\AppData\Roaming\Python\Python314\site-packages\sqlalchemy\pool\base.py", line 900, in __connect
    with util.safe_reraise():
         ~~~~~~~~~~~~~~~~~^^
  File "C:\Users\Twazei_ceo\AppData\Roaming\Python\Python314\site-packages\sqlalchemy\util\langhelpers.py", line 122, in __exit__
    raise exc_value.with_traceback(exc_tb)
  File "C:\Users\Twazei_ceo\AppData\Roaming\Python\Python314\site-packages\sqlalchemy\pool\base.py", line 896, in __connect
    self.dbapi_connection = connection = pool._invoke_creator(self)
                                         ~~~~~~~~~~~~~~~~~~~~^^^^^^
  File "C:\Users\Twazei_ceo\AppData\Roaming\Python\Python314\site-packages\sqlalchemy\engine\create.py", line 667, in connect
    return dialect.connect(*cargs_tup, **cparams)
           ~~~~~~~~~~~~~~~^^^^^^^^^^^^^^^^^^^^^^^
  File "C:\Users\Twazei_ceo\AppData\Roaming\Python\Python314\site-packages\sqlalchemy\engine\default.py", line 630, in connect
    return self.loaded_dbapi.connect(*cargs, **cparams)  # type: ignore[no-any-return]  # NOQA: E501
           ~~~~~~~~~~~~~~~~~~~~~~~~~^^^^^^^^^^^^^^^^^^^
  File "C:\Users\Twazei_ceo\AppData\Roaming\Python\Python314\site-packages\sqlalchemy\dialects\postgresql\asyncpg.py", line 955, in connect
    await_only(creator_fn(*arg, **kw)),
    ~~~~~~~~~~^^^^^^^^^^^^^^^^^^^^^^^^
  File "C:\Users\Twazei_ceo\AppData\Roaming\Python\Python314\site-packages\sqlalchemy\util\_concurrency_py3k.py", line 132, in await_only
    return current.parent.switch(awaitable)  # type: ignore[no-any-return,attr-defined] # noqa: E501
           ~~~~~~~~~~~~~~~~~~~~~^^^^^^^^^^^
  File "C:\Users\Twazei_ceo\AppData\Roaming\Python\Python314\site-packages\sqlalchemy\util\_concurrency_py3k.py", line 196, in greenlet_spawn
    value = await result
            ^^^^^^^^^^^^
  File "C:\Users\Twazei_ceo\AppData\Roaming\Python\Python314\site-packages\asyncpg\connection.py", line 2443, in connect
    return await connect_utils._connect(
           ^^^^^^^^^^^^^^^^^^^^^^^^^^^^^
    ...<22 lines>...
    )
    ^
  File "C:\Users\Twazei_ceo\AppData\Roaming\Python\Python314\site-packages\asyncpg\connect_utils.py", line 1249, in _connect
    raise last_error or exceptions.TargetServerAttributeNotMatched(
    ...<2 lines>...
    )
  File "C:\Users\Twazei_ceo\AppData\Roaming\Python\Python314\site-packages\asyncpg\connect_utils.py", line 1218, in _connect
    conn = await _connect_addr(
           ^^^^^^^^^^^^^^^^^^^^
    ...<6 lines>...
    )
    ^
  File "C:\Users\Twazei_ceo\AppData\Roaming\Python\Python314\site-packages\asyncpg\connect_utils.py", line 1054, in _connect_addr
    return await __connect_addr(params, True, *args)
           ^^^^^^^^^^^^^^^^^^^^^^^^^^^^^^^^^^^^^^^^^
  File "C:\Users\Twazei_ceo\AppData\Roaming\Python\Python314\site-packages\asyncpg\connect_utils.py", line 1099, in __connect_addr
    tr, pr = await connector
             ^^^^^^^^^^^^^^^
  File "C:\Users\Twazei_ceo\AppData\Roaming\Python\Python314\site-packages\asyncpg\connect_utils.py", line 969, in _create_ssl_connection
    tr, pr = await loop.create_connection(
             ^^^^^^^^^^^^^^^^^^^^^^^^^^^^^
    ...<2 lines>...
        host, port)
        ^^^^^^^^^^^
  File "C:\Python314\Lib\asyncio\base_events.py", line 1173, in create_connection
    raise exceptions[0]
  File "C:\Python314\Lib\asyncio\base_events.py", line 1143, in create_connection
    sock = await self._connect_sock(
           ^^^^^^^^^^^^^^^^^^^^^^^^^
        exceptions, addrinfo, laddr_infos)
        ^^^^^^^^^^^^^^^^^^^^^^^^^^^^^^^^^^
  File "C:\Python314\Lib\asyncio\base_events.py", line 1042, in _connect_sock
    await self.sock_connect(sock, address)
  File "C:\Python314\Lib\asyncio\proactor_events.py", line 728, in sock_connect
    return await self._proactor.connect(sock, address)
           ^^^^^^^^^^^^^^^^^^^^^^^^^^^^^^^^^^^^^^^^^^^
  File "C:\Python314\Lib\asyncio\windows_events.py", line 804, in _poll
    value = callback(transferred, key, ov)
  File "C:\Python314\Lib\asyncio\windows_events.py", line 600, in finish_connect
    ov.getresult()
    ~~~~~~~~~~~~^^
ConnectionRefusedError: [WinError 1225] The remote computer refused the network connection
ERROR:    Exception in ASGI application
  + Exception Group Traceback (most recent call last):
  |   File "C:\Users\Twazei_ceo\AppData\Roaming\Python\Python314\site-packages\starlette\_utils.py", line 77, in collapse_excgroups
  |     yield
  |   File "C:\Users\Twazei_ceo\AppData\Roaming\Python\Python314\site-packages\starlette\middleware\base.py", line 186, in __call__
  |     async with anyio.create_task_group() as task_group:
  |                ~~~~~~~~~~~~~~~~~~~~~~~^^
  |   File "C:\Python314\Lib\site-packages\anyio\_backends\_asyncio.py", line 815, in __aexit__
  |     raise BaseExceptionGroup(
  |         "unhandled errors in a TaskGroup", self._exceptions
  |     ) from None
  | ExceptionGroup: unhandled errors in a TaskGroup (1 sub-exception)
  +-+---------------- 1 ----------------
    | Traceback (most recent call last):
    |   File "C:\Python314\Lib\site-packages\uvicorn\protocols\http\httptools_impl.py", line 401, in run_asgi
    |     result = await app(  # type: ignore[func-returns-value]
    |              ^^^^^^^^^^^^^^^^^^^^^^^^^^^^^^^^^^^^^^^^^^^^^^
    |         self.scope, self.receive, self.send
    |         ^^^^^^^^^^^^^^^^^^^^^^^^^^^^^^^^^^^
    |     )
    |     ^
    |   File "C:\Python314\Lib\site-packages\uvicorn\middleware\proxy_headers.py", line 70, in __call__
    |     return await self.app(scope, receive, send)
    |            ^^^^^^^^^^^^^^^^^^^^^^^^^^^^^^^^^^^^
    |   File "C:\Python314\Lib\site-packages\fastapi\applications.py", line 1054, in __call__
    |     await super().__call__(scope, receive, send)
    |   File "C:\Users\Twazei_ceo\AppData\Roaming\Python\Python314\site-packages\starlette\applications.py", line 113, in __call__
    |     await self.middleware_stack(scope, receive, send)
    |   File "C:\Users\Twazei_ceo\AppData\Roaming\Python\Python314\site-packages\starlette\middleware\errors.py", line 187, in __call__
    |     raise exc
    |   File "C:\Users\Twazei_ceo\AppData\Roaming\Python\Python314\site-packages\starlette\middleware\errors.py", line 165, in __call__
    |     await self.app(scope, receive, _send)
    |   File "C:\Users\Twazei_ceo\AppData\Roaming\Python\Python314\site-packages\starlette\middleware\base.py", line 185, in __call__
    |     with collapse_excgroups():
    |          ~~~~~~~~~~~~~~~~~~^^
    |   File "C:\Python314\Lib\contextlib.py", line 162, in __exit__
    |     self.gen.throw(value)
    |     ~~~~~~~~~~~~~~^^^^^^^
    |   File "C:\Users\Twazei_ceo\AppData\Roaming\Python\Python314\site-packages\starlette\_utils.py", line 83, in collapse_excgroups
    |     raise exc
    |   File "C:\Users\Twazei_ceo\AppData\Roaming\Python\Python314\site-packages\starlette\middleware\base.py", line 187, in __call__
    |     response = await self.dispatch_func(request, call_next)
    |                ^^^^^^^^^^^^^^^^^^^^^^^^^^^^^^^^^^^^^^^^^^^^
    |   File "E:\Huffathul Hifaaz_asl\services\core-backend\app\main.py", line 102, in log_request_performance
    |     response = await call_next(request)
    |                ^^^^^^^^^^^^^^^^^^^^^^^^
    |   File "C:\Users\Twazei_ceo\AppData\Roaming\Python\Python314\site-packages\starlette\middleware\base.py", line 163, in call_next
    |     raise app_exc
    |   File "C:\Users\Twazei_ceo\AppData\Roaming\Python\Python314\site-packages\starlette\middleware\base.py", line 149, in coro
    |     await self.app(scope, receive_or_disconnect, send_no_error)
    |   File "C:\Users\Twazei_ceo\AppData\Roaming\Python\Python314\site-packages\starlette\middleware\cors.py", line 93, in __call__
    |     await self.simple_response(scope, receive, send, request_headers=headers)
    |   File "C:\Users\Twazei_ceo\AppData\Roaming\Python\Python314\site-packages\starlette\middleware\cors.py", line 144, in simple_response
    |     await self.app(scope, receive, send)
    |   File "C:\Users\Twazei_ceo\AppData\Roaming\Python\Python314\site-packages\starlette\middleware\exceptions.py", line 62, in __call__
    |     await wrap_app_handling_exceptions(self.app, conn)(scope, receive, send)
    |   File "C:\Users\Twazei_ceo\AppData\Roaming\Python\Python314\site-packages\starlette\_exception_handler.py", line 62, in wrapped_app
    |     raise exc
    |   File "C:\Users\Twazei_ceo\AppData\Roaming\Python\Python314\site-packages\starlette\_exception_handler.py", line 51, in wrapped_app
    |     await app(scope, receive, sender)
    |   File "C:\Users\Twazei_ceo\AppData\Roaming\Python\Python314\site-packages\starlette\routing.py", line 715, in __call__
    |     await self.middleware_stack(scope, receive, send)
    |   File "C:\Users\Twazei_ceo\AppData\Roaming\Python\Python314\site-packages\starlette\routing.py", line 735, in app
    |     await route.handle(scope, receive, send)
    |   File "C:\Users\Twazei_ceo\AppData\Roaming\Python\Python314\site-packages\starlette\routing.py", line 288, in handle
    |     await self.app(scope, receive, send)
    |   File "C:\Users\Twazei_ceo\AppData\Roaming\Python\Python314\site-packages\starlette\routing.py", line 76, in app
    |     await wrap_app_handling_exceptions(app, request)(scope, receive, send)
    |   File "C:\Users\Twazei_ceo\AppData\Roaming\Python\Python314\site-packages\starlette\_exception_handler.py", line 62, in wrapped_app
    |     raise exc
    |   File "C:\Users\Twazei_ceo\AppData\Roaming\Python\Python314\site-packages\starlette\_exception_handler.py", line 51, in wrapped_app
    |     await app(scope, receive, sender)
    |   File "C:\Users\Twazei_ceo\AppData\Roaming\Python\Python314\site-packages\starlette\routing.py", line 73, in app
    |     response = await f(request)
    |                ^^^^^^^^^^^^^^^^
    |   File "C:\Python314\Lib\site-packages\fastapi\routing.py", line 301, in app
    |     raw_response = await run_endpoint_function(
    |                    ^^^^^^^^^^^^^^^^^^^^^^^^^^^^
    |     ...<3 lines>...
    |     )
    |     ^
    |   File "C:\Python314\Lib\site-packages\fastapi\routing.py", line 212, in run_endpoint_function
    |     return await dependant.call(**values)
    |            ^^^^^^^^^^^^^^^^^^^^^^^^^^^^^^
    |   File "E:\Huffathul Hifaaz_asl\services\core-backend\app\routers\auth.py", line 106, in login
    |     user_query = await db.execute(select(User).where(User.email == target_email))
    |                  ^^^^^^^^^^^^^^^^^^^^^^^^^^^^^^^^^^^^^^^^^^^^^^^^^^^^^^^^^^^^^^^^
    |   File "C:\Users\Twazei_ceo\AppData\Roaming\Python\Python314\site-packages\sqlalchemy\ext\asyncio\session.py", line 448, in execute
    |     result = await greenlet_spawn(
    |              ^^^^^^^^^^^^^^^^^^^^^
    |     ...<6 lines>...
    |     )
    |     ^
    |   File "C:\Users\Twazei_ceo\AppData\Roaming\Python\Python314\site-packages\sqlalchemy\util\_concurrency_py3k.py", line 201, in greenlet_spawn
    |     result = context.throw(*sys.exc_info())
    |   File "C:\Users\Twazei_ceo\AppData\Roaming\Python\Python314\site-packages\sqlalchemy\orm\session.py", line 2373, in execute
    |     return self._execute_internal(
    |            ~~~~~~~~~~~~~~~~~~~~~~^
    |         statement,
    |         ^^^^^^^^^^
    |     ...<4 lines>...
    |         _add_event=_add_event,
    |         ^^^^^^^^^^^^^^^^^^^^^^
    |     )
    |     ^
    |   File "C:\Users\Twazei_ceo\AppData\Roaming\Python\Python314\site-packages\sqlalchemy\orm\session.py", line 2261, in _execute_internal
    |     conn = self._connection_for_bind(bind)
    |   File "C:\Users\Twazei_ceo\AppData\Roaming\Python\Python314\site-packages\sqlalchemy\orm\session.py", line 2113, in _connection_for_bind
    |     return trans._connection_for_bind(engine, execution_options)
    |            ~~~~~~~~~~~~~~~~~~~~~~~~~~^^^^^^^^^^^^^^^^^^^^^^^^^^^
    |   File "<string>", line 2, in _connection_for_bind
    |   File "C:\Users\Twazei_ceo\AppData\Roaming\Python\Python314\site-packages\sqlalchemy\orm\state_changes.py", line 137, in _go
    |     ret_value = fn(self, *arg, **kw)
    |   File "C:\Users\Twazei_ceo\AppData\Roaming\Python\Python314\site-packages\sqlalchemy\orm\session.py", line 1191, in _connection_for_bind
    |     conn = bind.connect()
    |   File "C:\Users\Twazei_ceo\AppData\Roaming\Python\Python314\site-packages\sqlalchemy\engine\base.py", line 3295, in connect
    |     return self._connection_cls(self)
    |            ~~~~~~~~~~~~~~~~~~~~^^^^^^
    |   File "C:\Users\Twazei_ceo\AppData\Roaming\Python\Python314\site-packages\sqlalchemy\engine\base.py", line 144, in __init__
    |     self._dbapi_connection = engine.raw_connection()
    |                              ~~~~~~~~~~~~~~~~~~~~~^^
    |   File "C:\Users\Twazei_ceo\AppData\Roaming\Python\Python314\site-packages\sqlalchemy\engine\base.py", line 3319, in raw_connection
    |     return self.pool.connect()
    |            ~~~~~~~~~~~~~~~~~^^
    |   File "C:\Users\Twazei_ceo\AppData\Roaming\Python\Python314\site-packages\sqlalchemy\pool\base.py", line 448, in connect
    |     return _ConnectionFairy._checkout(self)
    |            ~~~~~~~~~~~~~~~~~~~~~~~~~~^^^^^^
    |   File "C:\Users\Twazei_ceo\AppData\Roaming\Python\Python314\site-packages\sqlalchemy\pool\base.py", line 1272, in _checkout
    |     fairy = _ConnectionRecord.checkout(pool)
    |   File "C:\Users\Twazei_ceo\AppData\Roaming\Python\Python314\site-packages\sqlalchemy\pool\base.py", line 712, in checkout
    |     rec = pool._do_get()
    |   File "C:\Users\Twazei_ceo\AppData\Roaming\Python\Python314\site-packages\sqlalchemy\pool\impl.py", line 178, in _do_get
    |     with util.safe_reraise():
    |          ~~~~~~~~~~~~~~~~~^^
    |   File "C:\Users\Twazei_ceo\AppData\Roaming\Python\Python314\site-packages\sqlalchemy\util\langhelpers.py", line 122, in __exit__
    |     raise exc_value.with_traceback(exc_tb)
    |   File "C:\Users\Twazei_ceo\AppData\Roaming\Python\Python314\site-packages\sqlalchemy\pool\impl.py", line 176, in _do_get
    |     return self._create_connection()
    |            ~~~~~~~~~~~~~~~~~~~~~~~^^
    |   File "C:\Users\Twazei_ceo\AppData\Roaming\Python\Python314\site-packages\sqlalchemy\pool\base.py", line 389, in _create_connection
    |     return _ConnectionRecord(self)
    |   File "C:\Users\Twazei_ceo\AppData\Roaming\Python\Python314\site-packages\sqlalchemy\pool\base.py", line 674, in __init__
    |     self.__connect()
    |     ~~~~~~~~~~~~~~^^
    |   File "C:\Users\Twazei_ceo\AppData\Roaming\Python\Python314\site-packages\sqlalchemy\pool\base.py", line 900, in __connect
    |     with util.safe_reraise():
    |          ~~~~~~~~~~~~~~~~~^^
    |   File "C:\Users\Twazei_ceo\AppData\Roaming\Python\Python314\site-packages\sqlalchemy\util\langhelpers.py", line 122, in __exit__
    |     raise exc_value.with_traceback(exc_tb)
    |   File "C:\Users\Twazei_ceo\AppData\Roaming\Python\Python314\site-packages\sqlalchemy\pool\base.py", line 896, in __connect
    |     self.dbapi_connection = connection = pool._invoke_creator(self)
    |                                          ~~~~~~~~~~~~~~~~~~~~^^^^^^
    |   File "C:\Users\Twazei_ceo\AppData\Roaming\Python\Python314\site-packages\sqlalchemy\engine\create.py", line 667, in connect
    |     return dialect.connect(*cargs_tup, **cparams)
    |            ~~~~~~~~~~~~~~~^^^^^^^^^^^^^^^^^^^^^^^
    |   File "C:\Users\Twazei_ceo\AppData\Roaming\Python\Python314\site-packages\sqlalchemy\engine\default.py", line 630, in connect
    |     return self.loaded_dbapi.connect(*cargs, **cparams)  # type: ignore[no-any-return]  # NOQA: E501
    |            ~~~~~~~~~~~~~~~~~~~~~~~~~^^^^^^^^^^^^^^^^^^^
    |   File "C:\Users\Twazei_ceo\AppData\Roaming\Python\Python314\site-packages\sqlalchemy\dialects\postgresql\asyncpg.py", line 955, in connect
    |     await_only(creator_fn(*arg, **kw)),
    |     ~~~~~~~~~~^^^^^^^^^^^^^^^^^^^^^^^^
    |   File "C:\Users\Twazei_ceo\AppData\Roaming\Python\Python314\site-packages\sqlalchemy\util\_concurrency_py3k.py", line 132, in await_only
    |     return current.parent.switch(awaitable)  # type: ignore[no-any-return,attr-defined] # noqa: E501
    |            ~~~~~~~~~~~~~~~~~~~~~^^^^^^^^^^^
    |   File "C:\Users\Twazei_ceo\AppData\Roaming\Python\Python314\site-packages\sqlalchemy\util\_concurrency_py3k.py", line 196, in greenlet_spawn
    |     value = await result
    |             ^^^^^^^^^^^^
    |   File "C:\Users\Twazei_ceo\AppData\Roaming\Python\Python314\site-packages\asyncpg\connection.py", line 2443, in connect
    |     return await connect_utils._connect(
    |            ^^^^^^^^^^^^^^^^^^^^^^^^^^^^^
    |     ...<22 lines>...
    |     )
    |     ^
    |   File "C:\Users\Twazei_ceo\AppData\Roaming\Python\Python314\site-packages\asyncpg\connect_utils.py", line 1249, in _connect
    |     raise last_error or exceptions.TargetServerAttributeNotMatched(
    |     ...<2 lines>...
    |     )
    |   File "C:\Users\Twazei_ceo\AppData\Roaming\Python\Python314\site-packages\asyncpg\connect_utils.py", line 1218, in _connect
    |     conn = await _connect_addr(
    |            ^^^^^^^^^^^^^^^^^^^^
    |     ...<6 lines>...
    |     )
    |     ^
    |   File "C:\Users\Twazei_ceo\AppData\Roaming\Python\Python314\site-packages\asyncpg\connect_utils.py", line 1054, in _connect_addr
    |     return await __connect_addr(params, True, *args)
    |            ^^^^^^^^^^^^^^^^^^^^^^^^^^^^^^^^^^^^^^^^^
    |   File "C:\Users\Twazei_ceo\AppData\Roaming\Python\Python314\site-packages\asyncpg\connect_utils.py", line 1099, in __connect_addr
    |     tr, pr = await connector
    |              ^^^^^^^^^^^^^^^
    |   File "C:\Users\Twazei_ceo\AppData\Roaming\Python\Python314\site-packages\asyncpg\connect_utils.py", line 969, in _create_ssl_connection
    |     tr, pr = await loop.create_connection(
    |              ^^^^^^^^^^^^^^^^^^^^^^^^^^^^^
    |     ...<2 lines>...
    |         host, port)
    |         ^^^^^^^^^^^
    |   File "C:\Python314\Lib\asyncio\base_events.py", line 1173, in create_connection
    |     raise exceptions[0]
    |   File "C:\Python314\Lib\asyncio\base_events.py", line 1143, in create_connection
    |     sock = await self._connect_sock(
    |            ^^^^^^^^^^^^^^^^^^^^^^^^^
    |         exceptions, addrinfo, laddr_infos)
    |         ^^^^^^^^^^^^^^^^^^^^^^^^^^^^^^^^^^
    |   File "C:\Python314\Lib\asyncio\base_events.py", line 1042, in _connect_sock
    |     await self.sock_connect(sock, address)
    |   File "C:\Python314\Lib\asyncio\proactor_events.py", line 728, in sock_connect
    |     return await self._proactor.connect(sock, address)
    |            ^^^^^^^^^^^^^^^^^^^^^^^^^^^^^^^^^^^^^^^^^^^
    |   File "C:\Python314\Lib\asyncio\windows_events.py", line 804, in _poll
    |     value = callback(transferred, key, ov)
    |   File "C:\Python314\Lib\asyncio\windows_events.py", line 600, in finish_connect
    |     ov.getresult()
    |     ~~~~~~~~~~~~^^
    | ConnectionRefusedError: [WinError 1225] The remote computer refused the network connection
    +------------------------------------

During handling of the above exception, another exception occurred:

Traceback (most recent call last):
  File "C:\Python314\Lib\site-packages\uvicorn\protocols\http\httptools_impl.py", line 401, in run_asgi
    result = await app(  # type: ignore[func-returns-value]
             ^^^^^^^^^^^^^^^^^^^^^^^^^^^^^^^^^^^^^^^^^^^^^^
        self.scope, self.receive, self.send
        ^^^^^^^^^^^^^^^^^^^^^^^^^^^^^^^^^^^
    )
    ^
  File "C:\Python314\Lib\site-packages\uvicorn\middleware\proxy_headers.py", line 70, in __call__
    return await self.app(scope, receive, send)
           ^^^^^^^^^^^^^^^^^^^^^^^^^^^^^^^^^^^^
  File "C:\Python314\Lib\site-packages\fastapi\applications.py", line 1054, in __call__
    await super().__call__(scope, receive, send)
  File "C:\Users\Twazei_ceo\AppData\Roaming\Python\Python314\site-packages\starlette\applications.py", line 113, in __call__
    await self.middleware_stack(scope, receive, send)
  File "C:\Users\Twazei_ceo\AppData\Roaming\Python\Python314\site-packages\starlette\middleware\errors.py", line 187, in __call__
    raise exc
  File "C:\Users\Twazei_ceo\AppData\Roaming\Python\Python314\site-packages\starlette\middleware\errors.py", line 165, in __call__
    await self.app(scope, receive, _send)
  File "C:\Users\Twazei_ceo\AppData\Roaming\Python\Python314\site-packages\starlette\middleware\base.py", line 185, in __call__
    with collapse_excgroups():
         ~~~~~~~~~~~~~~~~~~^^
  File "C:\Python314\Lib\contextlib.py", line 162, in __exit__
    self.gen.throw(value)
    ~~~~~~~~~~~~~~^^^^^^^
  File "C:\Users\Twazei_ceo\AppData\Roaming\Python\Python314\site-packages\starlette\_utils.py", line 83, in collapse_excgroups
    raise exc
  File "C:\Users\Twazei_ceo\AppData\Roaming\Python\Python314\site-packages\starlette\middleware\base.py", line 187, in __call__
    response = await self.dispatch_func(request, call_next)
               ^^^^^^^^^^^^^^^^^^^^^^^^^^^^^^^^^^^^^^^^^^^^
  File "E:\Huffathul Hifaaz_asl\services\core-backend\app\main.py", line 102, in log_request_performance
    response = await call_next(request)
               ^^^^^^^^^^^^^^^^^^^^^^^^
  File "C:\Users\Twazei_ceo\AppData\Roaming\Python\Python314\site-packages\starlette\middleware\base.py", line 163, in call_next
    raise app_exc
  File "C:\Users\Twazei_ceo\AppData\Roaming\Python\Python314\site-packages\starlette\middleware\base.py", line 149, in coro
    await self.app(scope, receive_or_disconnect, send_no_error)
  File "C:\Users\Twazei_ceo\AppData\Roaming\Python\Python314\site-packages\starlette\middleware\cors.py", line 93, in __call__
    await self.simple_response(scope, receive, send, request_headers=headers)
  File "C:\Users\Twazei_ceo\AppData\Roaming\Python\Python314\site-packages\starlette\middleware\cors.py", line 144, in simple_response
    await self.app(scope, receive, send)
  File "C:\Users\Twazei_ceo\AppData\Roaming\Python\Python314\site-packages\starlette\middleware\exceptions.py", line 62, in __call__
    await wrap_app_handling_exceptions(self.app, conn)(scope, receive, send)
  File "C:\Users\Twazei_ceo\AppData\Roaming\Python\Python314\site-packages\starlette\_exception_handler.py", line 62, in wrapped_app
    raise exc
  File "C:\Users\Twazei_ceo\AppData\Roaming\Python\Python314\site-packages\starlette\_exception_handler.py", line 51, in wrapped_app
    await app(scope, receive, sender)
  File "C:\Users\Twazei_ceo\AppData\Roaming\Python\Python314\site-packages\starlette\routing.py", line 715, in __call__
    await self.middleware_stack(scope, receive, send)
  File "C:\Users\Twazei_ceo\AppData\Roaming\Python\Python314\site-packages\starlette\routing.py", line 735, in app
    await route.handle(scope, receive, send)
  File "C:\Users\Twazei_ceo\AppData\Roaming\Python\Python314\site-packages\starlette\routing.py", line 288, in handle
    await self.app(scope, receive, send)
  File "C:\Users\Twazei_ceo\AppData\Roaming\Python\Python314\site-packages\starlette\routing.py", line 76, in app
    await wrap_app_handling_exceptions(app, request)(scope, receive, send)
  File "C:\Users\Twazei_ceo\AppData\Roaming\Python\Python314\site-packages\starlette\_exception_handler.py", line 62, in wrapped_app
    raise exc
  File "C:\Users\Twazei_ceo\AppData\Roaming\Python\Python314\site-packages\starlette\_exception_handler.py", line 51, in wrapped_app
    await app(scope, receive, sender)
  File "C:\Users\Twazei_ceo\AppData\Roaming\Python\Python314\site-packages\starlette\routing.py", line 73, in app
    response = await f(request)
               ^^^^^^^^^^^^^^^^
  File "C:\Python314\Lib\site-packages\fastapi\routing.py", line 301, in app
    raw_response = await run_endpoint_function(
                   ^^^^^^^^^^^^^^^^^^^^^^^^^^^^
    ...<3 lines>...
    )
    ^
  File "C:\Python314\Lib\site-packages\fastapi\routing.py", line 212, in run_endpoint_function
    return await dependant.call(**values)
           ^^^^^^^^^^^^^^^^^^^^^^^^^^^^^^
  File "E:\Huffathul Hifaaz_asl\services\core-backend\app\routers\auth.py", line 106, in login
    user_query = await db.execute(select(User).where(User.email == target_email))
                 ^^^^^^^^^^^^^^^^^^^^^^^^^^^^^^^^^^^^^^^^^^^^^^^^^^^^^^^^^^^^^^^^
  File "C:\Users\Twazei_ceo\AppData\Roaming\Python\Python314\site-packages\sqlalchemy\ext\asyncio\session.py", line 448, in execute
    result = await greenlet_spawn(
             ^^^^^^^^^^^^^^^^^^^^^
    ...<6 lines>...
    )
    ^
  File "C:\Users\Twazei_ceo\AppData\Roaming\Python\Python314\site-packages\sqlalchemy\util\_concurrency_py3k.py", line 201, in greenlet_spawn
    result = context.throw(*sys.exc_info())
  File "C:\Users\Twazei_ceo\AppData\Roaming\Python\Python314\site-packages\sqlalchemy\orm\session.py", line 2373, in execute
    return self._execute_internal(
           ~~~~~~~~~~~~~~~~~~~~~~^
        statement,
        ^^^^^^^^^^
    ...<4 lines>...
        _add_event=_add_event,
        ^^^^^^^^^^^^^^^^^^^^^^
    )
    ^
  File "C:\Users\Twazei_ceo\AppData\Roaming\Python\Python314\site-packages\sqlalchemy\orm\session.py", line 2261, in _execute_internal
    conn = self._connection_for_bind(bind)
  File "C:\Users\Twazei_ceo\AppData\Roaming\Python\Python314\site-packages\sqlalchemy\orm\session.py", line 2113, in _connection_for_bind
    return trans._connection_for_bind(engine, execution_options)
           ~~~~~~~~~~~~~~~~~~~~~~~~~~^^^^^^^^^^^^^^^^^^^^^^^^^^^
  File "<string>", line 2, in _connection_for_bind
  File "C:\Users\Twazei_ceo\AppData\Roaming\Python\Python314\site-packages\sqlalchemy\orm\state_changes.py", line 137, in _go
    ret_value = fn(self, *arg, **kw)
  File "C:\Users\Twazei_ceo\AppData\Roaming\Python\Python314\site-packages\sqlalchemy\orm\session.py", line 1191, in _connection_for_bind
    conn = bind.connect()
  File "C:\Users\Twazei_ceo\AppData\Roaming\Python\Python314\site-packages\sqlalchemy\engine\base.py", line 3295, in connect
    return self._connection_cls(self)
           ~~~~~~~~~~~~~~~~~~~~^^^^^^
  File "C:\Users\Twazei_ceo\AppData\Roaming\Python\Python314\site-packages\sqlalchemy\engine\base.py", line 144, in __init__
    self._dbapi_connection = engine.raw_connection()
                             ~~~~~~~~~~~~~~~~~~~~~^^
  File "C:\Users\Twazei_ceo\AppData\Roaming\Python\Python314\site-packages\sqlalchemy\engine\base.py", line 3319, in raw_connection
    return self.pool.connect()
           ~~~~~~~~~~~~~~~~~^^
  File "C:\Users\Twazei_ceo\AppData\Roaming\Python\Python314\site-packages\sqlalchemy\pool\base.py", line 448, in connect
    return _ConnectionFairy._checkout(self)
           ~~~~~~~~~~~~~~~~~~~~~~~~~~^^^^^^
  File "C:\Users\Twazei_ceo\AppData\Roaming\Python\Python314\site-packages\sqlalchemy\pool\base.py", line 1272, in _checkout
    fairy = _ConnectionRecord.checkout(pool)
  File "C:\Users\Twazei_ceo\AppData\Roaming\Python\Python314\site-packages\sqlalchemy\pool\base.py", line 712, in checkout
    rec = pool._do_get()
  File "C:\Users\Twazei_ceo\AppData\Roaming\Python\Python314\site-packages\sqlalchemy\pool\impl.py", line 178, in _do_get
    with util.safe_reraise():
         ~~~~~~~~~~~~~~~~~^^
  File "C:\Users\Twazei_ceo\AppData\Roaming\Python\Python314\site-packages\sqlalchemy\util\langhelpers.py", line 122, in __exit__
    raise exc_value.with_traceback(exc_tb)
  File "C:\Users\Twazei_ceo\AppData\Roaming\Python\Python314\site-packages\sqlalchemy\pool\impl.py", line 176, in _do_get
    return self._create_connection()
           ~~~~~~~~~~~~~~~~~~~~~~~^^
  File "C:\Users\Twazei_ceo\AppData\Roaming\Python\Python314\site-packages\sqlalchemy\pool\base.py", line 389, in _create_connection
    return _ConnectionRecord(self)
  File "C:\Users\Twazei_ceo\AppData\Roaming\Python\Python314\site-packages\sqlalchemy\pool\base.py", line 674, in __init__
    self.__connect()
    ~~~~~~~~~~~~~~^^
  File "C:\Users\Twazei_ceo\AppData\Roaming\Python\Python314\site-packages\sqlalchemy\pool\base.py", line 900, in __connect
    with util.safe_reraise():
         ~~~~~~~~~~~~~~~~~^^
  File "C:\Users\Twazei_ceo\AppData\Roaming\Python\Python314\site-packages\sqlalchemy\util\langhelpers.py", line 122, in __exit__
    raise exc_value.with_traceback(exc_tb)
  File "C:\Users\Twazei_ceo\AppData\Roaming\Python\Python314\site-packages\sqlalchemy\pool\base.py", line 896, in __connect
    self.dbapi_connection = connection = pool._invoke_creator(self)
                                         ~~~~~~~~~~~~~~~~~~~~^^^^^^
  File "C:\Users\Twazei_ceo\AppData\Roaming\Python\Python314\site-packages\sqlalchemy\engine\create.py", line 667, in connect
    return dialect.connect(*cargs_tup, **cparams)
           ~~~~~~~~~~~~~~~^^^^^^^^^^^^^^^^^^^^^^^
  File "C:\Users\Twazei_ceo\AppData\Roaming\Python\Python314\site-packages\sqlalchemy\engine\default.py", line 630, in connect
    return self.loaded_dbapi.connect(*cargs, **cparams)  # type: ignore[no-any-return]  # NOQA: E501
           ~~~~~~~~~~~~~~~~~~~~~~~~~^^^^^^^^^^^^^^^^^^^
  File "C:\Users\Twazei_ceo\AppData\Roaming\Python\Python314\site-packages\sqlalchemy\dialects\postgresql\asyncpg.py", line 955, in connect
    await_only(creator_fn(*arg, **kw)),
    ~~~~~~~~~~^^^^^^^^^^^^^^^^^^^^^^^^
  File "C:\Users\Twazei_ceo\AppData\Roaming\Python\Python314\site-packages\sqlalchemy\util\_concurrency_py3k.py", line 132, in await_only
    return current.parent.switch(awaitable)  # type: ignore[no-any-return,attr-defined] # noqa: E501
           ~~~~~~~~~~~~~~~~~~~~~^^^^^^^^^^^
  File "C:\Users\Twazei_ceo\AppData\Roaming\Python\Python314\site-packages\sqlalchemy\util\_concurrency_py3k.py", line 196, in greenlet_spawn
    value = await result
            ^^^^^^^^^^^^
  File "C:\Users\Twazei_ceo\AppData\Roaming\Python\Python314\site-packages\asyncpg\connection.py", line 2443, in connect
    return await connect_utils._connect(
           ^^^^^^^^^^^^^^^^^^^^^^^^^^^^^
    ...<22 lines>...
    )
    ^
  File "C:\Users\Twazei_ceo\AppData\Roaming\Python\Python314\site-packages\asyncpg\connect_utils.py", line 1249, in _connect
    raise last_error or exceptions.TargetServerAttributeNotMatched(
    ...<2 lines>...
    )
  File "C:\Users\Twazei_ceo\AppData\Roaming\Python\Python314\site-packages\asyncpg\connect_utils.py", line 1218, in _connect
    conn = await _connect_addr(
           ^^^^^^^^^^^^^^^^^^^^
    ...<6 lines>...
    )
    ^
  File "C:\Users\Twazei_ceo\AppData\Roaming\Python\Python314\site-packages\asyncpg\connect_utils.py", line 1054, in _connect_addr
    return await __connect_addr(params, True, *args)
           ^^^^^^^^^^^^^^^^^^^^^^^^^^^^^^^^^^^^^^^^^
  File "C:\Users\Twazei_ceo\AppData\Roaming\Python\Python314\site-packages\asyncpg\connect_utils.py", line 1099, in __connect_addr
    tr, pr = await connector
             ^^^^^^^^^^^^^^^
  File "C:\Users\Twazei_ceo\AppData\Roaming\Python\Python314\site-packages\asyncpg\connect_utils.py", line 969, in _create_ssl_connection
    tr, pr = await loop.create_connection(
             ^^^^^^^^^^^^^^^^^^^^^^^^^^^^^
    ...<2 lines>...
        host, port)
        ^^^^^^^^^^^
  File "C:\Python314\Lib\asyncio\base_events.py", line 1173, in create_connection
    raise exceptions[0]
  File "C:\Python314\Lib\asyncio\base_events.py", line 1143, in create_connection
    sock = await self._connect_sock(
           ^^^^^^^^^^^^^^^^^^^^^^^^^
        exceptions, addrinfo, laddr_infos)
        ^^^^^^^^^^^^^^^^^^^^^^^^^^^^^^^^^^
  File "C:\Python314\Lib\asyncio\base_events.py", line 1042, in _connect_sock
    await self.sock_connect(sock, address)
  File "C:\Python314\Lib\asyncio\proactor_events.py", line 728, in sock_connect
    return await self._proactor.connect(sock, address)
           ^^^^^^^^^^^^^^^^^^^^^^^^^^^^^^^^^^^^^^^^^^^
  File "C:\Python314\Lib\asyncio\windows_events.py", line 804, in _poll
    value = callback(transferred, key, ov)
  File "C:\Python314\Lib\asyncio\windows_events.py", line 600, in finish_connect
    ov.getresult()
    ~~~~~~~~~~~~^^
ConnectionRefusedError: [WinError 1225] The remote computer refused the network connection
2026-08-24 15:42:17,550 [INFO] app.main: HTTP GET /healthz - Status: 200 - Duration: 0.001s
INFO:     127.0.0.1:61624 - "GET /healthz HTTP/1.1" 200 OK
2026-08-24 15:42:23,571 [ERROR] app.main: \U0001f6a8 RUNTIME UNHANDLED EXCEPTION: [WinError 1225] The remote computer refused the network connection
  + Exception Group Traceback (most recent call last):
  |   File "C:\Users\Twazei_ceo\AppData\Roaming\Python\Python314\site-packages\starlette\_utils.py", line 77, in collapse_excgroups
  |     yield
  |   File "C:\Users\Twazei_ceo\AppData\Roaming\Python\Python314\site-packages\starlette\middleware\base.py", line 186, in __call__
  |     async with anyio.create_task_group() as task_group:
  |                ~~~~~~~~~~~~~~~~~~~~~~~^^
  |   File "C:\Python314\Lib\site-packages\anyio\_backends\_asyncio.py", line 815, in __aexit__
  |     raise BaseExceptionGroup(
  |         "unhandled errors in a TaskGroup", self._exceptions
  |     ) from None
  | ExceptionGroup: unhandled errors in a TaskGroup (1 sub-exception)
  +-+---------------- 1 ----------------
    | Traceback (most recent call last):
    |   File "C:\Users\Twazei_ceo\AppData\Roaming\Python\Python314\site-packages\starlette\middleware\errors.py", line 165, in __call__
    |     await self.app(scope, receive, _send)
    |   File "C:\Users\Twazei_ceo\AppData\Roaming\Python\Python314\site-packages\starlette\middleware\base.py", line 185, in __call__
    |     with collapse_excgroups():
    |          ~~~~~~~~~~~~~~~~~~^^
    |   File "C:\Python314\Lib\contextlib.py", line 162, in __exit__
    |     self.gen.throw(value)
    |     ~~~~~~~~~~~~~~^^^^^^^
    |   File "C:\Users\Twazei_ceo\AppData\Roaming\Python\Python314\site-packages\starlette\_utils.py", line 83, in collapse_excgroups
    |     raise exc
    |   File "C:\Users\Twazei_ceo\AppData\Roaming\Python\Python314\site-packages\starlette\middleware\base.py", line 187, in __call__
    |     response = await self.dispatch_func(request, call_next)
    |                ^^^^^^^^^^^^^^^^^^^^^^^^^^^^^^^^^^^^^^^^^^^^
    |   File "E:\Huffathul Hifaaz_asl\services\core-backend\app\main.py", line 102, in log_request_performance
    |     response = await call_next(request)
    |                ^^^^^^^^^^^^^^^^^^^^^^^^
    |   File "C:\Users\Twazei_ceo\AppData\Roaming\Python\Python314\site-packages\starlette\middleware\base.py", line 163, in call_next
    |     raise app_exc
    |   File "C:\Users\Twazei_ceo\AppData\Roaming\Python\Python314\site-packages\starlette\middleware\base.py", line 149, in coro
    |     await self.app(scope, receive_or_disconnect, send_no_error)
    |   File "C:\Users\Twazei_ceo\AppData\Roaming\Python\Python314\site-packages\starlette\middleware\cors.py", line 93, in __call__
    |     await self.simple_response(scope, receive, send, request_headers=headers)
    |   File "C:\Users\Twazei_ceo\AppData\Roaming\Python\Python314\site-packages\starlette\middleware\cors.py", line 144, in simple_response
    |     await self.app(scope, receive, send)
    |   File "C:\Users\Twazei_ceo\AppData\Roaming\Python\Python314\site-packages\starlette\middleware\exceptions.py", line 62, in __call__
    |     await wrap_app_handling_exceptions(self.app, conn)(scope, receive, send)
    |   File "C:\Users\Twazei_ceo\AppData\Roaming\Python\Python314\site-packages\starlette\_exception_handler.py", line 62, in wrapped_app
    |     raise exc
    |   File "C:\Users\Twazei_ceo\AppData\Roaming\Python\Python314\site-packages\starlette\_exception_handler.py", line 51, in wrapped_app
    |     await app(scope, receive, sender)
    |   File "C:\Users\Twazei_ceo\AppData\Roaming\Python\Python314\site-packages\starlette\routing.py", line 715, in __call__
    |     await self.middleware_stack(scope, receive, send)
    |   File "C:\Users\Twazei_ceo\AppData\Roaming\Python\Python314\site-packages\starlette\routing.py", line 735, in app
    |     await route.handle(scope, receive, send)
    |   File "C:\Users\Twazei_ceo\AppData\Roaming\Python\Python314\site-packages\starlette\routing.py", line 288, in handle
    |     await self.app(scope, receive, send)
    |   File "C:\Users\Twazei_ceo\AppData\Roaming\Python\Python314\site-packages\starlette\routing.py", line 76, in app
    |     await wrap_app_handling_exceptions(app, request)(scope, receive, send)
    |   File "C:\Users\Twazei_ceo\AppData\Roaming\Python\Python314\site-packages\starlette\_exception_handler.py", line 62, in wrapped_app
    |     raise exc
    |   File "C:\Users\Twazei_ceo\AppData\Roaming\Python\Python314\site-packages\starlette\_exception_handler.py", line 51, in wrapped_app
    |     await app(scope, receive, sender)
    |   File "C:\Users\Twazei_ceo\AppData\Roaming\Python\Python314\site-packages\starlette\routing.py", line 73, in app
    |     response = await f(request)
    |                ^^^^^^^^^^^^^^^^
    |   File "C:\Python314\Lib\site-packages\fastapi\routing.py", line 301, in app
    |     raw_response = await run_endpoint_function(
    |                    ^^^^^^^^^^^^^^^^^^^^^^^^^^^^
    |     ...<3 lines>...
    |     )
    |     ^
    |   File "C:\Python314\Lib\site-packages\fastapi\routing.py", line 212, in run_endpoint_function
    |     return await dependant.call(**values)
    |            ^^^^^^^^^^^^^^^^^^^^^^^^^^^^^^
    |   File "E:\Huffathul Hifaaz_asl\services\core-backend\app\routers\auth.py", line 106, in login
    |     user_query = await db.execute(select(User).where(User.email == target_email))
    |                  ^^^^^^^^^^^^^^^^^^^^^^^^^^^^^^^^^^^^^^^^^^^^^^^^^^^^^^^^^^^^^^^^
    |   File "C:\Users\Twazei_ceo\AppData\Roaming\Python\Python314\site-packages\sqlalchemy\ext\asyncio\session.py", line 448, in execute
    |     result = await greenlet_spawn(
    |              ^^^^^^^^^^^^^^^^^^^^^
    |     ...<6 lines>...
    |     )
    |     ^
    |   File "C:\Users\Twazei_ceo\AppData\Roaming\Python\Python314\site-packages\sqlalchemy\util\_concurrency_py3k.py", line 201, in greenlet_spawn
    |     result = context.throw(*sys.exc_info())
    |   File "C:\Users\Twazei_ceo\AppData\Roaming\Python\Python314\site-packages\sqlalchemy\orm\session.py", line 2373, in execute
    |     return self._execute_internal(
    |            ~~~~~~~~~~~~~~~~~~~~~~^
    |         statement,
    |         ^^^^^^^^^^
    |     ...<4 lines>...
    |         _add_event=_add_event,
    |         ^^^^^^^^^^^^^^^^^^^^^^
    |     )
    |     ^
    |   File "C:\Users\Twazei_ceo\AppData\Roaming\Python\Python314\site-packages\sqlalchemy\orm\session.py", line 2261, in _execute_internal
    |     conn = self._connection_for_bind(bind)
    |   File "C:\Users\Twazei_ceo\AppData\Roaming\Python\Python314\site-packages\sqlalchemy\orm\session.py", line 2113, in _connection_for_bind
    |     return trans._connection_for_bind(engine, execution_options)
    |            ~~~~~~~~~~~~~~~~~~~~~~~~~~^^^^^^^^^^^^^^^^^^^^^^^^^^^
    |   File "<string>", line 2, in _connection_for_bind
    |   File "C:\Users\Twazei_ceo\AppData\Roaming\Python\Python314\site-packages\sqlalchemy\orm\state_changes.py", line 137, in _go
    |     ret_value = fn(self, *arg, **kw)
    |   File "C:\Users\Twazei_ceo\AppData\Roaming\Python\Python314\site-packages\sqlalchemy\orm\session.py", line 1191, in _connection_for_bind
    |     conn = bind.connect()
    |   File "C:\Users\Twazei_ceo\AppData\Roaming\Python\Python314\site-packages\sqlalchemy\engine\base.py", line 3295, in connect
    |     return self._connection_cls(self)
    |            ~~~~~~~~~~~~~~~~~~~~^^^^^^
    |   File "C:\Users\Twazei_ceo\AppData\Roaming\Python\Python314\site-packages\sqlalchemy\engine\base.py", line 144, in __init__
    |     self._dbapi_connection = engine.raw_connection()
    |                              ~~~~~~~~~~~~~~~~~~~~~^^
    |   File "C:\Users\Twazei_ceo\AppData\Roaming\Python\Python314\site-packages\sqlalchemy\engine\base.py", line 3319, in raw_connection
    |     return self.pool.connect()
    |            ~~~~~~~~~~~~~~~~~^^
    |   File "C:\Users\Twazei_ceo\AppData\Roaming\Python\Python314\site-packages\sqlalchemy\pool\base.py", line 448, in connect
    |     return _ConnectionFairy._checkout(self)
    |            ~~~~~~~~~~~~~~~~~~~~~~~~~~^^^^^^
    |   File "C:\Users\Twazei_ceo\AppData\Roaming\Python\Python314\site-packages\sqlalchemy\pool\base.py", line 1272, in _checkout
    |     fairy = _ConnectionRecord.checkout(pool)
    |   File "C:\Users\Twazei_ceo\AppData\Roaming\Python\Python314\site-packages\sqlalchemy\pool\base.py", line 712, in checkout
    |     rec = pool._do_get()
    |   File "C:\Users\Twazei_ceo\AppData\Roaming\Python\Python314\site-packages\sqlalchemy\pool\impl.py", line 178, in _do_get
    |     with util.safe_reraise():
    |          ~~~~~~~~~~~~~~~~~^^
    |   File "C:\Users\Twazei_ceo\AppData\Roaming\Python\Python314\site-packages\sqlalchemy\util\langhelpers.py", line 122, in __exit__
    |     raise exc_value.with_traceback(exc_tb)
    |   File "C:\Users\Twazei_ceo\AppData\Roaming\Python\Python314\site-packages\sqlalchemy\pool\impl.py", line 176, in _do_get
    |     return self._create_connection()
    |            ~~~~~~~~~~~~~~~~~~~~~~~^^
    |   File "C:\Users\Twazei_ceo\AppData\Roaming\Python\Python314\site-packages\sqlalchemy\pool\base.py", line 389, in _create_connection
    |     return _ConnectionRecord(self)
    |   File "C:\Users\Twazei_ceo\AppData\Roaming\Python\Python314\site-packages\sqlalchemy\pool\base.py", line 674, in __init__
    |     self.__connect()
    |     ~~~~~~~~~~~~~~^^
    |   File "C:\Users\Twazei_ceo\AppData\Roaming\Python\Python314\site-packages\sqlalchemy\pool\base.py", line 900, in __connect
    |     with util.safe_reraise():
    |          ~~~~~~~~~~~~~~~~~^^
    |   File "C:\Users\Twazei_ceo\AppData\Roaming\Python\Python314\site-packages\sqlalchemy\util\langhelpers.py", line 122, in __exit__
    |     raise exc_value.with_traceback(exc_tb)
    |   File "C:\Users\Twazei_ceo\AppData\Roaming\Python\Python314\site-packages\sqlalchemy\pool\base.py", line 896, in __connect
    |     self.dbapi_connection = connection = pool._invoke_creator(self)
    |                                          ~~~~~~~~~~~~~~~~~~~~^^^^^^
    |   File "C:\Users\Twazei_ceo\AppData\Roaming\Python\Python314\site-packages\sqlalchemy\engine\create.py", line 667, in connect
    |     return dialect.connect(*cargs_tup, **cparams)
    |            ~~~~~~~~~~~~~~~^^^^^^^^^^^^^^^^^^^^^^^
    |   File "C:\Users\Twazei_ceo\AppData\Roaming\Python\Python314\site-packages\sqlalchemy\engine\default.py", line 630, in connect
    |     return self.loaded_dbapi.connect(*cargs, **cparams)  # type: ignore[no-any-return]  # NOQA: E501
    |            ~~~~~~~~~~~~~~~~~~~~~~~~~^^^^^^^^^^^^^^^^^^^
    |   File "C:\Users\Twazei_ceo\AppData\Roaming\Python\Python314\site-packages\sqlalchemy\dialects\postgresql\asyncpg.py", line 955, in connect
    |     await_only(creator_fn(*arg, **kw)),
    |     ~~~~~~~~~~^^^^^^^^^^^^^^^^^^^^^^^^
    |   File "C:\Users\Twazei_ceo\AppData\Roaming\Python\Python314\site-packages\sqlalchemy\util\_concurrency_py3k.py", line 132, in await_only
    |     return current.parent.switch(awaitable)  # type: ignore[no-any-return,attr-defined] # noqa: E501
    |            ~~~~~~~~~~~~~~~~~~~~~^^^^^^^^^^^
    |   File "C:\Users\Twazei_ceo\AppData\Roaming\Python\Python314\site-packages\sqlalchemy\util\_concurrency_py3k.py", line 196, in greenlet_spawn
    |     value = await result
    |             ^^^^^^^^^^^^
    |   File "C:\Users\Twazei_ceo\AppData\Roaming\Python\Python314\site-packages\asyncpg\connection.py", line 2443, in connect
    |     return await connect_utils._connect(
    |            ^^^^^^^^^^^^^^^^^^^^^^^^^^^^^
    |     ...<22 lines>...
    |     )
    |     ^
    |   File "C:\Users\Twazei_ceo\AppData\Roaming\Python\Python314\site-packages\asyncpg\connect_utils.py", line 1249, in _connect
    |     raise last_error or exceptions.TargetServerAttributeNotMatched(
    |     ...<2 lines>...
    |     )
    |   File "C:\Users\Twazei_ceo\AppData\Roaming\Python\Python314\site-packages\asyncpg\connect_utils.py", line 1218, in _connect
    |     conn = await _connect_addr(
    |            ^^^^^^^^^^^^^^^^^^^^
    |     ...<6 lines>...
    |     )
    |     ^
    |   File "C:\Users\Twazei_ceo\AppData\Roaming\Python\Python314\site-packages\asyncpg\connect_utils.py", line 1054, in _connect_addr
    |     return await __connect_addr(params, True, *args)
    |            ^^^^^^^^^^^^^^^^^^^^^^^^^^^^^^^^^^^^^^^^^
    |   File "C:\Users\Twazei_ceo\AppData\Roaming\Python\Python314\site-packages\asyncpg\connect_utils.py", line 1099, in __connect_addr
    |     tr, pr = await connector
    |              ^^^^^^^^^^^^^^^
    |   File "C:\Users\Twazei_ceo\AppData\Roaming\Python\Python314\site-packages\asyncpg\connect_utils.py", line 969, in _create_ssl_connection
    |     tr, pr = await loop.create_connection(
    |              ^^^^^^^^^^^^^^^^^^^^^^^^^^^^^
    |     ...<2 lines>...
    |         host, port)
    |         ^^^^^^^^^^^
    |   File "C:\Python314\Lib\asyncio\base_events.py", line 1173, in create_connection
    |     raise exceptions[0]
    |   File "C:\Python314\Lib\asyncio\base_events.py", line 1143, in create_connection
    |     sock = await self._connect_sock(
    |            ^^^^^^^^^^^^^^^^^^^^^^^^^
    |         exceptions, addrinfo, laddr_infos)
    |         ^^^^^^^^^^^^^^^^^^^^^^^^^^^^^^^^^^
    |   File "C:\Python314\Lib\asyncio\base_events.py", line 1042, in _connect_sock
    |     await self.sock_connect(sock, address)
    |   File "C:\Python314\Lib\asyncio\proactor_events.py", line 728, in sock_connect
    |     return await self._proactor.connect(sock, address)
    |            ^^^^^^^^^^^^^^^^^^^^^^^^^^^^^^^^^^^^^^^^^^^
    |   File "C:\Python314\Lib\asyncio\windows_events.py", line 804, in _poll
    |     value = callback(transferred, key, ov)
    |   File "C:\Python314\Lib\asyncio\windows_events.py", line 600, in finish_connect
    |     ov.getresult()
    |     ~~~~~~~~~~~~^^
    | ConnectionRefusedError: [WinError 1225] The remote computer refused the network connection
    +------------------------------------

During handling of the above exception, another exception occurred:

Traceback (most recent call last):
  File "C:\Users\Twazei_ceo\AppData\Roaming\Python\Python314\site-packages\starlette\middleware\errors.py", line 165, in __call__
    await self.app(scope, receive, _send)
  File "C:\Users\Twazei_ceo\AppData\Roaming\Python\Python314\site-packages\starlette\middleware\base.py", line 185, in __call__
    with collapse_excgroups():
         ~~~~~~~~~~~~~~~~~~^^
  File "C:\Python314\Lib\contextlib.py", line 162, in __exit__
    self.gen.throw(value)
    ~~~~~~~~~~~~~~^^^^^^^
  File "C:\Users\Twazei_ceo\AppData\Roaming\Python\Python314\site-packages\starlette\_utils.py", line 83, in collapse_excgroups
    raise exc
  File "C:\Users\Twazei_ceo\AppData\Roaming\Python\Python314\site-packages\starlette\middleware\base.py", line 187, in __call__
    response = await self.dispatch_func(request, call_next)
               ^^^^^^^^^^^^^^^^^^^^^^^^^^^^^^^^^^^^^^^^^^^^
  File "E:\Huffathul Hifaaz_asl\services\core-backend\app\main.py", line 102, in log_request_performance
    response = await call_next(request)
               ^^^^^^^^^^^^^^^^^^^^^^^^
  File "C:\Users\Twazei_ceo\AppData\Roaming\Python\Python314\site-packages\starlette\middleware\base.py", line 163, in call_next
    raise app_exc
  File "C:\Users\Twazei_ceo\AppData\Roaming\Python\Python314\site-packages\starlette\middleware\base.py", line 149, in coro
    await self.app(scope, receive_or_disconnect, send_no_error)
  File "C:\Users\Twazei_ceo\AppData\Roaming\Python\Python314\site-packages\starlette\middleware\cors.py", line 93, in __call__
    await self.simple_response(scope, receive, send, request_headers=headers)
  File "C:\Users\Twazei_ceo\AppData\Roaming\Python\Python314\site-packages\starlette\middleware\cors.py", line 144, in simple_response
    await self.app(scope, receive, send)
  File "C:\Users\Twazei_ceo\AppData\Roaming\Python\Python314\site-packages\starlette\middleware\exceptions.py", line 62, in __call__
    await wrap_app_handling_exceptions(self.app, conn)(scope, receive, send)
  File "C:\Users\Twazei_ceo\AppData\Roaming\Python\Python314\site-packages\starlette\_exception_handler.py", line 62, in wrapped_app
    raise exc
  File "C:\Users\Twazei_ceo\AppData\Roaming\Python\Python314\site-packages\starlette\_exception_handler.py", line 51, in wrapped_app
    await app(scope, receive, sender)
  File "C:\Users\Twazei_ceo\AppData\Roaming\Python\Python314\site-packages\starlette\routing.py", line 715, in __call__
    await self.middleware_stack(scope, receive, send)
  File "C:\Users\Twazei_ceo\AppData\Roaming\Python\Python314\site-packages\starlette\routing.py", line 735, in app
    await route.handle(scope, receive, send)
  File "C:\Users\Twazei_ceo\AppData\Roaming\Python\Python314\site-packages\starlette\routing.py", line 288, in handle
    await self.app(scope, receive, send)
  File "C:\Users\Twazei_ceo\AppData\Roaming\Python\Python314\site-packages\starlette\routing.py", line 76, in app
    await wrap_app_handling_exceptions(app, request)(scope, receive, send)
  File "C:\Users\Twazei_ceo\AppData\Roaming\Python\Python314\site-packages\starlette\_exception_handler.py", line 62, in wrapped_app
    raise exc
  File "C:\Users\Twazei_ceo\AppData\Roaming\Python\Python314\site-packages\starlette\_exception_handler.py", line 51, in wrapped_app
    await app(scope, receive, sender)
  File "C:\Users\Twazei_ceo\AppData\Roaming\Python\Python314\site-packages\starlette\routing.py", line 73, in app
    response = await f(request)
               ^^^^^^^^^^^^^^^^
  File "C:\Python314\Lib\site-packages\fastapi\routing.py", line 301, in app
    raw_response = await run_endpoint_function(
                   ^^^^^^^^^^^^^^^^^^^^^^^^^^^^
    ...<3 lines>...
    )
    ^
  File "C:\Python314\Lib\site-packages\fastapi\routing.py", line 212, in run_endpoint_function
    return await dependant.call(**values)
           ^^^^^^^^^^^^^^^^^^^^^^^^^^^^^^
  File "E:\Huffathul Hifaaz_asl\services\core-backend\app\routers\auth.py", line 106, in login
    user_query = await db.execute(select(User).where(User.email == target_email))
                 ^^^^^^^^^^^^^^^^^^^^^^^^^^^^^^^^^^^^^^^^^^^^^^^^^^^^^^^^^^^^^^^^
  File "C:\Users\Twazei_ceo\AppData\Roaming\Python\Python314\site-packages\sqlalchemy\ext\asyncio\session.py", line 448, in execute
    result = await greenlet_spawn(
             ^^^^^^^^^^^^^^^^^^^^^
    ...<6 lines>...
    )
    ^
  File "C:\Users\Twazei_ceo\AppData\Roaming\Python\Python314\site-packages\sqlalchemy\util\_concurrency_py3k.py", line 201, in greenlet_spawn
    result = context.throw(*sys.exc_info())
  File "C:\Users\Twazei_ceo\AppData\Roaming\Python\Python314\site-packages\sqlalchemy\orm\session.py", line 2373, in execute
    return self._execute_internal(
           ~~~~~~~~~~~~~~~~~~~~~~^
        statement,
        ^^^^^^^^^^
    ...<4 lines>...
        _add_event=_add_event,
        ^^^^^^^^^^^^^^^^^^^^^^
    )
    ^
  File "C:\Users\Twazei_ceo\AppData\Roaming\Python\Python314\site-packages\sqlalchemy\orm\session.py", line 2261, in _execute_internal
    conn = self._connection_for_bind(bind)
  File "C:\Users\Twazei_ceo\AppData\Roaming\Python\Python314\site-packages\sqlalchemy\orm\session.py", line 2113, in _connection_for_bind
    return trans._connection_for_bind(engine, execution_options)
           ~~~~~~~~~~~~~~~~~~~~~~~~~~^^^^^^^^^^^^^^^^^^^^^^^^^^^
  File "<string>", line 2, in _connection_for_bind
  File "C:\Users\Twazei_ceo\AppData\Roaming\Python\Python314\site-packages\sqlalchemy\orm\state_changes.py", line 137, in _go
    ret_value = fn(self, *arg, **kw)
  File "C:\Users\Twazei_ceo\AppData\Roaming\Python\Python314\site-packages\sqlalchemy\orm\session.py", line 1191, in _connection_for_bind
    conn = bind.connect()
  File "C:\Users\Twazei_ceo\AppData\Roaming\Python\Python314\site-packages\sqlalchemy\engine\base.py", line 3295, in connect
    return self._connection_cls(self)
           ~~~~~~~~~~~~~~~~~~~~^^^^^^
  File "C:\Users\Twazei_ceo\AppData\Roaming\Python\Python314\site-packages\sqlalchemy\engine\base.py", line 144, in __init__
    self._dbapi_connection = engine.raw_connection()
                             ~~~~~~~~~~~~~~~~~~~~~^^
  File "C:\Users\Twazei_ceo\AppData\Roaming\Python\Python314\site-packages\sqlalchemy\engine\base.py", line 3319, in raw_connection
    return self.pool.connect()
           ~~~~~~~~~~~~~~~~~^^
  File "C:\Users\Twazei_ceo\AppData\Roaming\Python\Python314\site-packages\sqlalchemy\pool\base.py", line 448, in connect
    return _ConnectionFairy._checkout(self)
           ~~~~~~~~~~~~~~~~~~~~~~~~~~^^^^^^
  File "C:\Users\Twazei_ceo\AppData\Roaming\Python\Python314\site-packages\sqlalchemy\pool\base.py", line 1272, in _checkout
    fairy = _ConnectionRecord.checkout(pool)
  File "C:\Users\Twazei_ceo\AppData\Roaming\Python\Python314\site-packages\sqlalchemy\pool\base.py", line 712, in checkout
    rec = pool._do_get()
  File "C:\Users\Twazei_ceo\AppData\Roaming\Python\Python314\site-packages\sqlalchemy\pool\impl.py", line 178, in _do_get
    with util.safe_reraise():
         ~~~~~~~~~~~~~~~~~^^
  File "C:\Users\Twazei_ceo\AppData\Roaming\Python\Python314\site-packages\sqlalchemy\util\langhelpers.py", line 122, in __exit__
    raise exc_value.with_traceback(exc_tb)
  File "C:\Users\Twazei_ceo\AppData\Roaming\Python\Python314\site-packages\sqlalchemy\pool\impl.py", line 176, in _do_get
    return self._create_connection()
           ~~~~~~~~~~~~~~~~~~~~~~~^^
  File "C:\Users\Twazei_ceo\AppData\Roaming\Python\Python314\site-packages\sqlalchemy\pool\base.py", line 389, in _create_connection
    return _ConnectionRecord(self)
  File "C:\Users\Twazei_ceo\AppData\Roaming\Python\Python314\site-packages\sqlalchemy\pool\base.py", line 674, in __init__
    self.__connect()
    ~~~~~~~~~~~~~~^^
  File "C:\Users\Twazei_ceo\AppData\Roaming\Python\Python314\site-packages\sqlalchemy\pool\base.py", line 900, in __connect
    with util.safe_reraise():
         ~~~~~~~~~~~~~~~~~^^
  File "C:\Users\Twazei_ceo\AppData\Roaming\Python\Python314\site-packages\sqlalchemy\util\langhelpers.py", line 122, in __exit__
    raise exc_value.with_traceback(exc_tb)
  File "C:\Users\Twazei_ceo\AppData\Roaming\Python\Python314\site-packages\sqlalchemy\pool\base.py", line 896, in __connect
    self.dbapi_connection = connection = pool._invoke_creator(self)
                                         ~~~~~~~~~~~~~~~~~~~~^^^^^^
  File "C:\Users\Twazei_ceo\AppData\Roaming\Python\Python314\site-packages\sqlalchemy\engine\create.py", line 667, in connect
    return dialect.connect(*cargs_tup, **cparams)
           ~~~~~~~~~~~~~~~^^^^^^^^^^^^^^^^^^^^^^^
  File "C:\Users\Twazei_ceo\AppData\Roaming\Python\Python314\site-packages\sqlalchemy\engine\default.py", line 630, in connect
    return self.loaded_dbapi.connect(*cargs, **cparams)  # type: ignore[no-any-return]  # NOQA: E501
           ~~~~~~~~~~~~~~~~~~~~~~~~~^^^^^^^^^^^^^^^^^^^
  File "C:\Users\Twazei_ceo\AppData\Roaming\Python\Python314\site-packages\sqlalchemy\dialects\postgresql\asyncpg.py", line 955, in connect
    await_only(creator_fn(*arg, **kw)),
    ~~~~~~~~~~^^^^^^^^^^^^^^^^^^^^^^^^
  File "C:\Users\Twazei_ceo\AppData\Roaming\Python\Python314\site-packages\sqlalchemy\util\_concurrency_py3k.py", line 132, in await_only
    return current.parent.switch(awaitable)  # type: ignore[no-any-return,attr-defined] # noqa: E501
           ~~~~~~~~~~~~~~~~~~~~~^^^^^^^^^^^
  File "C:\Users\Twazei_ceo\AppData\Roaming\Python\Python314\site-packages\sqlalchemy\util\_concurrency_py3k.py", line 196, in greenlet_spawn
    value = await result
            ^^^^^^^^^^^^
  File "C:\Users\Twazei_ceo\AppData\Roaming\Python\Python314\site-packages\asyncpg\connection.py", line 2443, in connect
    return await connect_utils._connect(
           ^^^^^^^^^^^^^^^^^^^^^^^^^^^^^
    ...<22 lines>...
    )
    ^
  File "C:\Users\Twazei_ceo\AppData\Roaming\Python\Python314\site-packages\asyncpg\connect_utils.py", line 1249, in _connect
    raise last_error or exceptions.TargetServerAttributeNotMatched(
    ...<2 lines>...
    )
  File "C:\Users\Twazei_ceo\AppData\Roaming\Python\Python314\site-packages\asyncpg\connect_utils.py", line 1218, in _connect
    conn = await _connect_addr(
           ^^^^^^^^^^^^^^^^^^^^
    ...<6 lines>...
    )
    ^
  File "C:\Users\Twazei_ceo\AppData\Roaming\Python\Python314\site-packages\asyncpg\connect_utils.py", line 1054, in _connect_addr
    return await __connect_addr(params, True, *args)
           ^^^^^^^^^^^^^^^^^^^^^^^^^^^^^^^^^^^^^^^^^
  File "C:\Users\Twazei_ceo\AppData\Roaming\Python\Python314\site-packages\asyncpg\connect_utils.py", line 1099, in __connect_addr
    tr, pr = await connector
             ^^^^^^^^^^^^^^^
  File "C:\Users\Twazei_ceo\AppData\Roaming\Python\Python314\site-packages\asyncpg\connect_utils.py", line 969, in _create_ssl_connection
    tr, pr = await loop.create_connection(
             ^^^^^^^^^^^^^^^^^^^^^^^^^^^^^
    ...<2 lines>...
        host, port)
        ^^^^^^^^^^^
  File "C:\Python314\Lib\asyncio\base_events.py", line 1173, in create_connection
    raise exceptions[0]
  File "C:\Python314\Lib\asyncio\base_events.py", line 1143, in create_connection
    sock = await self._connect_sock(
           ^^^^^^^^^^^^^^^^^^^^^^^^^
        exceptions, addrinfo, laddr_infos)
        ^^^^^^^^^^^^^^^^^^^^^^^^^^^^^^^^^^
  File "C:\Python314\Lib\asyncio\base_events.py", line 1042, in _connect_sock
    await self.sock_connect(sock, address)
  File "C:\Python314\Lib\asyncio\proactor_events.py", line 728, in sock_connect
    return await self._proactor.connect(sock, address)
           ^^^^^^^^^^^^^^^^^^^^^^^^^^^^^^^^^^^^^^^^^^^
  File "C:\Python314\Lib\asyncio\windows_events.py", line 804, in _poll
    value = callback(transferred, key, ov)
  File "C:\Python314\Lib\asyncio\windows_events.py", line 600, in finish_connect
    ov.getresult()
    ~~~~~~~~~~~~^^
ConnectionRefusedError: [WinError 1225] The remote computer refused the network connection
ERROR:    Exception in ASGI application
  + Exception Group Traceback (most recent call last):
  |   File "C:\Users\Twazei_ceo\AppData\Roaming\Python\Python314\site-packages\starlette\_utils.py", line 77, in collapse_excgroups
  |     yield
  |   File "C:\Users\Twazei_ceo\AppData\Roaming\Python\Python314\site-packages\starlette\middleware\base.py", line 186, in __call__
  |     async with anyio.create_task_group() as task_group:
  |                ~~~~~~~~~~~~~~~~~~~~~~~^^
  |   File "C:\Python314\Lib\site-packages\anyio\_backends\_asyncio.py", line 815, in __aexit__
  |     raise BaseExceptionGroup(
  |         "unhandled errors in a TaskGroup", self._exceptions
  |     ) from None
  | ExceptionGroup: unhandled errors in a TaskGroup (1 sub-exception)
  +-+---------------- 1 ----------------
    | Traceback (most recent call last):
    |   File "C:\Python314\Lib\site-packages\uvicorn\protocols\http\httptools_impl.py", line 401, in run_asgi
    |     result = await app(  # type: ignore[func-returns-value]
    |              ^^^^^^^^^^^^^^^^^^^^^^^^^^^^^^^^^^^^^^^^^^^^^^
    |         self.scope, self.receive, self.send
    |         ^^^^^^^^^^^^^^^^^^^^^^^^^^^^^^^^^^^
    |     )
    |     ^
    |   File "C:\Python314\Lib\site-packages\uvicorn\middleware\proxy_headers.py", line 70, in __call__
    |     return await self.app(scope, receive, send)
    |            ^^^^^^^^^^^^^^^^^^^^^^^^^^^^^^^^^^^^
    |   File "C:\Python314\Lib\site-packages\fastapi\applications.py", line 1054, in __call__
    |     await super().__call__(scope, receive, send)
    |   File "C:\Users\Twazei_ceo\AppData\Roaming\Python\Python314\site-packages\starlette\applications.py", line 113, in __call__
    |     await self.middleware_stack(scope, receive, send)
    |   File "C:\Users\Twazei_ceo\AppData\Roaming\Python\Python314\site-packages\starlette\middleware\errors.py", line 187, in __call__
    |     raise exc
    |   File "C:\Users\Twazei_ceo\AppData\Roaming\Python\Python314\site-packages\starlette\middleware\errors.py", line 165, in __call__
    |     await self.app(scope, receive, _send)
    |   File "C:\Users\Twazei_ceo\AppData\Roaming\Python\Python314\site-packages\starlette\middleware\base.py", line 185, in __call__
    |     with collapse_excgroups():
    |          ~~~~~~~~~~~~~~~~~~^^
    |   File "C:\Python314\Lib\contextlib.py", line 162, in __exit__
    |     self.gen.throw(value)
    |     ~~~~~~~~~~~~~~^^^^^^^
    |   File "C:\Users\Twazei_ceo\AppData\Roaming\Python\Python314\site-packages\starlette\_utils.py", line 83, in collapse_excgroups
    |     raise exc
    |   File "C:\Users\Twazei_ceo\AppData\Roaming\Python\Python314\site-packages\starlette\middleware\base.py", line 187, in __call__
    |     response = await self.dispatch_func(request, call_next)
    |                ^^^^^^^^^^^^^^^^^^^^^^^^^^^^^^^^^^^^^^^^^^^^
    |   File "E:\Huffathul Hifaaz_asl\services\core-backend\app\main.py", line 102, in log_request_performance
    |     response = await call_next(request)
    |                ^^^^^^^^^^^^^^^^^^^^^^^^
    |   File "C:\Users\Twazei_ceo\AppData\Roaming\Python\Python314\site-packages\starlette\middleware\base.py", line 163, in call_next
    |     raise app_exc
    |   File "C:\Users\Twazei_ceo\AppData\Roaming\Python\Python314\site-packages\starlette\middleware\base.py", line 149, in coro
    |     await self.app(scope, receive_or_disconnect, send_no_error)
    |   File "C:\Users\Twazei_ceo\AppData\Roaming\Python\Python314\site-packages\starlette\middleware\cors.py", line 93, in __call__
    |     await self.simple_response(scope, receive, send, request_headers=headers)
    |   File "C:\Users\Twazei_ceo\AppData\Roaming\Python\Python314\site-packages\starlette\middleware\cors.py", line 144, in simple_response
    |     await self.app(scope, receive, send)
    |   File "C:\Users\Twazei_ceo\AppData\Roaming\Python\Python314\site-packages\starlette\middleware\exceptions.py", line 62, in __call__
    |     await wrap_app_handling_exceptions(self.app, conn)(scope, receive, send)
    |   File "C:\Users\Twazei_ceo\AppData\Roaming\Python\Python314\site-packages\starlette\_exception_handler.py", line 62, in wrapped_app
    |     raise exc
    |   File "C:\Users\Twazei_ceo\AppData\Roaming\Python\Python314\site-packages\starlette\_exception_handler.py", line 51, in wrapped_app
    |     await app(scope, receive, sender)
    |   File "C:\Users\Twazei_ceo\AppData\Roaming\Python\Python314\site-packages\starlette\routing.py", line 715, in __call__
    |     await self.middleware_stack(scope, receive, send)
    |   File "C:\Users\Twazei_ceo\AppData\Roaming\Python\Python314\site-packages\starlette\routing.py", line 735, in app
    |     await route.handle(scope, receive, send)
    |   File "C:\Users\Twazei_ceo\AppData\Roaming\Python\Python314\site-packages\starlette\routing.py", line 288, in handle
    |     await self.app(scope, receive, send)
    |   File "C:\Users\Twazei_ceo\AppData\Roaming\Python\Python314\site-packages\starlette\routing.py", line 76, in app
    |     await wrap_app_handling_exceptions(app, request)(scope, receive, send)
    |   File "C:\Users\Twazei_ceo\AppData\Roaming\Python\Python314\site-packages\starlette\_exception_handler.py", line 62, in wrapped_app
    |     raise exc
    |   File "C:\Users\Twazei_ceo\AppData\Roaming\Python\Python314\site-packages\starlette\_exception_handler.py", line 51, in wrapped_app
    |     await app(scope, receive, sender)
    |   File "C:\Users\Twazei_ceo\AppData\Roaming\Python\Python314\site-packages\starlette\routing.py", line 73, in app
    |     response = await f(request)
    |                ^^^^^^^^^^^^^^^^
    |   File "C:\Python314\Lib\site-packages\fastapi\routing.py", line 301, in app
    |     raw_response = await run_endpoint_function(
    |                    ^^^^^^^^^^^^^^^^^^^^^^^^^^^^
    |     ...<3 lines>...
    |     )
    |     ^
    |   File "C:\Python314\Lib\site-packages\fastapi\routing.py", line 212, in run_endpoint_function
    |     return await dependant.call(**values)
    |            ^^^^^^^^^^^^^^^^^^^^^^^^^^^^^^
    |   File "E:\Huffathul Hifaaz_asl\services\core-backend\app\routers\auth.py", line 106, in login
    |     user_query = await db.execute(select(User).where(User.email == target_email))
    |                  ^^^^^^^^^^^^^^^^^^^^^^^^^^^^^^^^^^^^^^^^^^^^^^^^^^^^^^^^^^^^^^^^
    |   File "C:\Users\Twazei_ceo\AppData\Roaming\Python\Python314\site-packages\sqlalchemy\ext\asyncio\session.py", line 448, in execute
    |     result = await greenlet_spawn(
    |              ^^^^^^^^^^^^^^^^^^^^^
    |     ...<6 lines>...
    |     )
    |     ^
    |   File "C:\Users\Twazei_ceo\AppData\Roaming\Python\Python314\site-packages\sqlalchemy\util\_concurrency_py3k.py", line 201, in greenlet_spawn
    |     result = context.throw(*sys.exc_info())
    |   File "C:\Users\Twazei_ceo\AppData\Roaming\Python\Python314\site-packages\sqlalchemy\orm\session.py", line 2373, in execute
    |     return self._execute_internal(
    |            ~~~~~~~~~~~~~~~~~~~~~~^
    |         statement,
    |         ^^^^^^^^^^
    |     ...<4 lines>...
    |         _add_event=_add_event,
    |         ^^^^^^^^^^^^^^^^^^^^^^
    |     )
    |     ^
    |   File "C:\Users\Twazei_ceo\AppData\Roaming\Python\Python314\site-packages\sqlalchemy\orm\session.py", line 2261, in _execute_internal
    |     conn = self._connection_for_bind(bind)
    |   File "C:\Users\Twazei_ceo\AppData\Roaming\Python\Python314\site-packages\sqlalchemy\orm\session.py", line 2113, in _connection_for_bind
    |     return trans._connection_for_bind(engine, execution_options)
    |            ~~~~~~~~~~~~~~~~~~~~~~~~~~^^^^^^^^^^^^^^^^^^^^^^^^^^^
    |   File "<string>", line 2, in _connection_for_bind
    |   File "C:\Users\Twazei_ceo\AppData\Roaming\Python\Python314\site-packages\sqlalchemy\orm\state_changes.py", line 137, in _go
    |     ret_value = fn(self, *arg, **kw)
    |   File "C:\Users\Twazei_ceo\AppData\Roaming\Python\Python314\site-packages\sqlalchemy\orm\session.py", line 1191, in _connection_for_bind
    |     conn = bind.connect()
    |   File "C:\Users\Twazei_ceo\AppData\Roaming\Python\Python314\site-packages\sqlalchemy\engine\base.py", line 3295, in connect
    |     return self._connection_cls(self)
    |            ~~~~~~~~~~~~~~~~~~~~^^^^^^
    |   File "C:\Users\Twazei_ceo\AppData\Roaming\Python\Python314\site-packages\sqlalchemy\engine\base.py", line 144, in __init__
    |     self._dbapi_connection = engine.raw_connection()
    |                              ~~~~~~~~~~~~~~~~~~~~~^^
    |   File "C:\Users\Twazei_ceo\AppData\Roaming\Python\Python314\site-packages\sqlalchemy\engine\base.py", line 3319, in raw_connection
    |     return self.pool.connect()
    |            ~~~~~~~~~~~~~~~~~^^
    |   File "C:\Users\Twazei_ceo\AppData\Roaming\Python\Python314\site-packages\sqlalchemy\pool\base.py", line 448, in connect
    |     return _ConnectionFairy._checkout(self)
    |            ~~~~~~~~~~~~~~~~~~~~~~~~~~^^^^^^
    |   File "C:\Users\Twazei_ceo\AppData\Roaming\Python\Python314\site-packages\sqlalchemy\pool\base.py", line 1272, in _checkout
    |     fairy = _ConnectionRecord.checkout(pool)
    |   File "C:\Users\Twazei_ceo\AppData\Roaming\Python\Python314\site-packages\sqlalchemy\pool\base.py", line 712, in checkout
    |     rec = pool._do_get()
    |   File "C:\Users\Twazei_ceo\AppData\Roaming\Python\Python314\site-packages\sqlalchemy\pool\impl.py", line 178, in _do_get
    |     with util.safe_reraise():
    |          ~~~~~~~~~~~~~~~~~^^
    |   File "C:\Users\Twazei_ceo\AppData\Roaming\Python\Python314\site-packages\sqlalchemy\util\langhelpers.py", line 122, in __exit__
    |     raise exc_value.with_traceback(exc_tb)
    |   File "C:\Users\Twazei_ceo\AppData\Roaming\Python\Python314\site-packages\sqlalchemy\pool\impl.py", line 176, in _do_get
    |     return self._create_connection()
    |            ~~~~~~~~~~~~~~~~~~~~~~~^^
    |   File "C:\Users\Twazei_ceo\AppData\Roaming\Python\Python314\site-packages\sqlalchemy\pool\base.py", line 389, in _create_connection
    |     return _ConnectionRecord(self)
    |   File "C:\Users\Twazei_ceo\AppData\Roaming\Python\Python314\site-packages\sqlalchemy\pool\base.py", line 674, in __init__
    |     self.__connect()
    |     ~~~~~~~~~~~~~~^^
    |   File "C:\Users\Twazei_ceo\AppData\Roaming\Python\Python314\site-packages\sqlalchemy\pool\base.py", line 900, in __connect
    |     with util.safe_reraise():
    |          ~~~~~~~~~~~~~~~~~^^
    |   File "C:\Users\Twazei_ceo\AppData\Roaming\Python\Python314\site-packages\sqlalchemy\util\langhelpers.py", line 122, in __exit__
    |     raise exc_value.with_traceback(exc_tb)
    |   File "C:\Users\Twazei_ceo\AppData\Roaming\Python\Python314\site-packages\sqlalchemy\pool\base.py", line 896, in __connect
    |     self.dbapi_connection = connection = pool._invoke_creator(self)
    |                                          ~~~~~~~~~~~~~~~~~~~~^^^^^^
    |   File "C:\Users\Twazei_ceo\AppData\Roaming\Python\Python314\site-packages\sqlalchemy\engine\create.py", line 667, in connect
    |     return dialect.connect(*cargs_tup, **cparams)
    |            ~~~~~~~~~~~~~~~^^^^^^^^^^^^^^^^^^^^^^^
    |   File "C:\Users\Twazei_ceo\AppData\Roaming\Python\Python314\site-packages\sqlalchemy\engine\default.py", line 630, in connect
    |     return self.loaded_dbapi.connect(*cargs, **cparams)  # type: ignore[no-any-return]  # NOQA: E501
    |            ~~~~~~~~~~~~~~~~~~~~~~~~~^^^^^^^^^^^^^^^^^^^
    |   File "C:\Users\Twazei_ceo\AppData\Roaming\Python\Python314\site-packages\sqlalchemy\dialects\postgresql\asyncpg.py", line 955, in connect
    |     await_only(creator_fn(*arg, **kw)),
    |     ~~~~~~~~~~^^^^^^^^^^^^^^^^^^^^^^^^
    |   File "C:\Users\Twazei_ceo\AppData\Roaming\Python\Python314\site-packages\sqlalchemy\util\_concurrency_py3k.py", line 132, in await_only
    |     return current.parent.switch(awaitable)  # type: ignore[no-any-return,attr-defined] # noqa: E501
    |            ~~~~~~~~~~~~~~~~~~~~~^^^^^^^^^^^
    |   File "C:\Users\Twazei_ceo\AppData\Roaming\Python\Python314\site-packages\sqlalchemy\util\_concurrency_py3k.py", line 196, in greenlet_spawn
    |     value = await result
    |             ^^^^^^^^^^^^
    |   File "C:\Users\Twazei_ceo\AppData\Roaming\Python\Python314\site-packages\asyncpg\connection.py", line 2443, in connect
    |     return await connect_utils._connect(
    |            ^^^^^^^^^^^^^^^^^^^^^^^^^^^^^
    |     ...<22 lines>...
    |     )
    |     ^
    |   File "C:\Users\Twazei_ceo\AppData\Roaming\Python\Python314\site-packages\asyncpg\connect_utils.py", line 1249, in _connect
    |     raise last_error or exceptions.TargetServerAttributeNotMatched(
    |     ...<2 lines>...
    |     )
    |   File "C:\Users\Twazei_ceo\AppData\Roaming\Python\Python314\site-packages\asyncpg\connect_utils.py", line 1218, in _connect
    |     conn = await _connect_addr(
    |            ^^^^^^^^^^^^^^^^^^^^
    |     ...<6 lines>...
    |     )
    |     ^
    |   File "C:\Users\Twazei_ceo\AppData\Roaming\Python\Python314\site-packages\asyncpg\connect_utils.py", line 1054, in _connect_addr
    |     return await __connect_addr(params, True, *args)
    |            ^^^^^^^^^^^^^^^^^^^^^^^^^^^^^^^^^^^^^^^^^
    |   File "C:\Users\Twazei_ceo\AppData\Roaming\Python\Python314\site-packages\asyncpg\connect_utils.py", line 1099, in __connect_addr
    |     tr, pr = await connector
    |              ^^^^^^^^^^^^^^^
    |   File "C:\Users\Twazei_ceo\AppData\Roaming\Python\Python314\site-packages\asyncpg\connect_utils.py", line 969, in _create_ssl_connection
    |     tr, pr = await loop.create_connection(
    |              ^^^^^^^^^^^^^^^^^^^^^^^^^^^^^
    |     ...<2 lines>...
    |         host, port)
    |         ^^^^^^^^^^^
    |   File "C:\Python314\Lib\asyncio\base_events.py", line 1173, in create_connection
    |     raise exceptions[0]
    |   File "C:\Python314\Lib\asyncio\base_events.py", line 1143, in create_connection
    |     sock = await self._connect_sock(
    |            ^^^^^^^^^^^^^^^^^^^^^^^^^
    |         exceptions, addrinfo, laddr_infos)
    |         ^^^^^^^^^^^^^^^^^^^^^^^^^^^^^^^^^^
    |   File "C:\Python314\Lib\asyncio\base_events.py", line 1042, in _connect_sock
    |     await self.sock_connect(sock, address)
    |   File "C:\Python314\Lib\asyncio\proactor_events.py", line 728, in sock_connect
    |     return await self._proactor.connect(sock, address)
    |            ^^^^^^^^^^^^^^^^^^^^^^^^^^^^^^^^^^^^^^^^^^^
    |   File "C:\Python314\Lib\asyncio\windows_events.py", line 804, in _poll
    |     value = callback(transferred, key, ov)
    |   File "C:\Python314\Lib\asyncio\windows_events.py", line 600, in finish_connect
    |     ov.getresult()
    |     ~~~~~~~~~~~~^^
    | ConnectionRefusedError: [WinError 1225] The remote computer refused the network connection
    +------------------------------------

During handling of the above exception, another exception occurred:

Traceback (most recent call last):
  File "C:\Python314\Lib\site-packages\uvicorn\protocols\http\httptools_impl.py", line 401, in run_asgi
    result = await app(  # type: ignore[func-returns-value]
             ^^^^^^^^^^^^^^^^^^^^^^^^^^^^^^^^^^^^^^^^^^^^^^
        self.scope, self.receive, self.send
        ^^^^^^^^^^^^^^^^^^^^^^^^^^^^^^^^^^^
    )
    ^
  File "C:\Python314\Lib\site-packages\uvicorn\middleware\proxy_headers.py", line 70, in __call__
    return await self.app(scope, receive, send)
           ^^^^^^^^^^^^^^^^^^^^^^^^^^^^^^^^^^^^
  File "C:\Python314\Lib\site-packages\fastapi\applications.py", line 1054, in __call__
    await super().__call__(scope, receive, send)
  File "C:\Users\Twazei_ceo\AppData\Roaming\Python\Python314\site-packages\starlette\applications.py", line 113, in __call__
    await self.middleware_stack(scope, receive, send)
  File "C:\Users\Twazei_ceo\AppData\Roaming\Python\Python314\site-packages\starlette\middleware\errors.py", line 187, in __call__
    raise exc
  File "C:\Users\Twazei_ceo\AppData\Roaming\Python\Python314\site-packages\starlette\middleware\errors.py", line 165, in __call__
    await self.app(scope, receive, _send)
  File "C:\Users\Twazei_ceo\AppData\Roaming\Python\Python314\site-packages\starlette\middleware\base.py", line 185, in __call__
    with collapse_excgroups():
         ~~~~~~~~~~~~~~~~~~^^
  File "C:\Python314\Lib\contextlib.py", line 162, in __exit__
    self.gen.throw(value)
    ~~~~~~~~~~~~~~^^^^^^^
  File "C:\Users\Twazei_ceo\AppData\Roaming\Python\Python314\site-packages\starlette\_utils.py", line 83, in collapse_excgroups
    raise exc
  File "C:\Users\Twazei_ceo\AppData\Roaming\Python\Python314\site-packages\starlette\middleware\base.py", line 187, in __call__
    response = await self.dispatch_func(request, call_next)
               ^^^^^^^^^^^^^^^^^^^^^^^^^^^^^^^^^^^^^^^^^^^^
  File "E:\Huffathul Hifaaz_asl\services\core-backend\app\main.py", line 102, in log_request_performance
    response = await call_next(request)
               ^^^^^^^^^^^^^^^^^^^^^^^^
  File "C:\Users\Twazei_ceo\AppData\Roaming\Python\Python314\site-packages\starlette\middleware\base.py", line 163, in call_next
    raise app_exc
  File "C:\Users\Twazei_ceo\AppData\Roaming\Python\Python314\site-packages\starlette\middleware\base.py", line 149, in coro
    await self.app(scope, receive_or_disconnect, send_no_error)
  File "C:\Users\Twazei_ceo\AppData\Roaming\Python\Python314\site-packages\starlette\middleware\cors.py", line 93, in __call__
    await self.simple_response(scope, receive, send, request_headers=headers)
  File "C:\Users\Twazei_ceo\AppData\Roaming\Python\Python314\site-packages\starlette\middleware\cors.py", line 144, in simple_response
    await self.app(scope, receive, send)
  File "C:\Users\Twazei_ceo\AppData\Roaming\Python\Python314\site-packages\starlette\middleware\exceptions.py", line 62, in __call__
    await wrap_app_handling_exceptions(self.app, conn)(scope, receive, send)
  File "C:\Users\Twazei_ceo\AppData\Roaming\Python\Python314\site-packages\starlette\_exception_handler.py", line 62, in wrapped_app
    raise exc
  File "C:\Users\Twazei_ceo\AppData\Roaming\Python\Python314\site-packages\starlette\_exception_handler.py", line 51, in wrapped_app
    await app(scope, receive, sender)
  File "C:\Users\Twazei_ceo\AppData\Roaming\Python\Python314\site-packages\starlette\routing.py", line 715, in __call__
    await self.middleware_stack(scope, receive, send)
  File "C:\Users\Twazei_ceo\AppData\Roaming\Python\Python314\site-packages\starlette\routing.py", line 735, in app
    await route.handle(scope, receive, send)
  File "C:\Users\Twazei_ceo\AppData\Roaming\Python\Python314\site-packages\starlette\routing.py", line 288, in handle
    await self.app(scope, receive, send)
  File "C:\Users\Twazei_ceo\AppData\Roaming\Python\Python314\site-packages\starlette\routing.py", line 76, in app
    await wrap_app_handling_exceptions(app, request)(scope, receive, send)
  File "C:\Users\Twazei_ceo\AppData\Roaming\Python\Python314\site-packages\starlette\_exception_handler.py", line 62, in wrapped_app
    raise exc
  File "C:\Users\Twazei_ceo\AppData\Roaming\Python\Python314\site-packages\starlette\_exception_handler.py", line 51, in wrapped_app
    await app(scope, receive, sender)
  File "C:\Users\Twazei_ceo\AppData\Roaming\Python\Python314\site-packages\starlette\routing.py", line 73, in app
    response = await f(request)
               ^^^^^^^^^^^^^^^^
  File "C:\Python314\Lib\site-packages\fastapi\routing.py", line 301, in app
    raw_response = await run_endpoint_function(
                   ^^^^^^^^^^^^^^^^^^^^^^^^^^^^
    ...<3 lines>...
    )
    ^
  File "C:\Python314\Lib\site-packages\fastapi\routing.py", line 212, in run_endpoint_function
    return await dependant.call(**values)
           ^^^^^^^^^^^^^^^^^^^^^^^^^^^^^^
  File "E:\Huffathul Hifaaz_asl\services\core-backend\app\routers\auth.py", line 106, in login
    user_query = await db.execute(select(User).where(User.email == target_email))
                 ^^^^^^^^^^^^^^^^^^^^^^^^^^^^^^^^^^^^^^^^^^^^^^^^^^^^^^^^^^^^^^^^
  File "C:\Users\Twazei_ceo\AppData\Roaming\Python\Python314\site-packages\sqlalchemy\ext\asyncio\session.py", line 448, in execute
    result = await greenlet_spawn(
             ^^^^^^^^^^^^^^^^^^^^^
    ...<6 lines>...
    )
    ^
  File "C:\Users\Twazei_ceo\AppData\Roaming\Python\Python314\site-packages\sqlalchemy\util\_concurrency_py3k.py", line 201, in greenlet_spawn
    result = context.throw(*sys.exc_info())
  File "C:\Users\Twazei_ceo\AppData\Roaming\Python\Python314\site-packages\sqlalchemy\orm\session.py", line 2373, in execute
    return self._execute_internal(
           ~~~~~~~~~~~~~~~~~~~~~~^
        statement,
        ^^^^^^^^^^
    ...<4 lines>...
        _add_event=_add_event,
        ^^^^^^^^^^^^^^^^^^^^^^
    )
    ^
  File "C:\Users\Twazei_ceo\AppData\Roaming\Python\Python314\site-packages\sqlalchemy\orm\session.py", line 2261, in _execute_internal
    conn = self._connection_for_bind(bind)
  File "C:\Users\Twazei_ceo\AppData\Roaming\Python\Python314\site-packages\sqlalchemy\orm\session.py", line 2113, in _connection_for_bind
    return trans._connection_for_bind(engine, execution_options)
           ~~~~~~~~~~~~~~~~~~~~~~~~~~^^^^^^^^^^^^^^^^^^^^^^^^^^^
  File "<string>", line 2, in _connection_for_bind
  File "C:\Users\Twazei_ceo\AppData\Roaming\Python\Python314\site-packages\sqlalchemy\orm\state_changes.py", line 137, in _go
    ret_value = fn(self, *arg, **kw)
  File "C:\Users\Twazei_ceo\AppData\Roaming\Python\Python314\site-packages\sqlalchemy\orm\session.py", line 1191, in _connection_for_bind
    conn = bind.connect()
  File "C:\Users\Twazei_ceo\AppData\Roaming\Python\Python314\site-packages\sqlalchemy\engine\base.py", line 3295, in connect
    return self._connection_cls(self)
           ~~~~~~~~~~~~~~~~~~~~^^^^^^
  File "C:\Users\Twazei_ceo\AppData\Roaming\Python\Python314\site-packages\sqlalchemy\engine\base.py", line 144, in __init__
    self._dbapi_connection = engine.raw_connection()
                             ~~~~~~~~~~~~~~~~~~~~~^^
  File "C:\Users\Twazei_ceo\AppData\Roaming\Python\Python314\site-packages\sqlalchemy\engine\base.py", line 3319, in raw_connection
    return self.pool.connect()
           ~~~~~~~~~~~~~~~~~^^
  File "C:\Users\Twazei_ceo\AppData\Roaming\Python\Python314\site-packages\sqlalchemy\pool\base.py", line 448, in connect
    return _ConnectionFairy._checkout(self)
           ~~~~~~~~~~~~~~~~~~~~~~~~~~^^^^^^
  File "C:\Users\Twazei_ceo\AppData\Roaming\Python\Python314\site-packages\sqlalchemy\pool\base.py", line 1272, in _checkout
    fairy = _ConnectionRecord.checkout(pool)
  File "C:\Users\Twazei_ceo\AppData\Roaming\Python\Python314\site-packages\sqlalchemy\pool\base.py", line 712, in checkout
    rec = pool._do_get()
  File "C:\Users\Twazei_ceo\AppData\Roaming\Python\Python314\site-packages\sqlalchemy\pool\impl.py", line 178, in _do_get
    with util.safe_reraise():
         ~~~~~~~~~~~~~~~~~^^
  File "C:\Users\Twazei_ceo\AppData\Roaming\Python\Python314\site-packages\sqlalchemy\util\langhelpers.py", line 122, in __exit__
    raise exc_value.with_traceback(exc_tb)
  File "C:\Users\Twazei_ceo\AppData\Roaming\Python\Python314\site-packages\sqlalchemy\pool\impl.py", line 176, in _do_get
    return self._create_connection()
           ~~~~~~~~~~~~~~~~~~~~~~~^^
  File "C:\Users\Twazei_ceo\AppData\Roaming\Python\Python314\site-packages\sqlalchemy\pool\base.py", line 389, in _create_connection
    return _ConnectionRecord(self)
  File "C:\Users\Twazei_ceo\AppData\Roaming\Python\Python314\site-packages\sqlalchemy\pool\base.py", line 674, in __init__
    self.__connect()
    ~~~~~~~~~~~~~~^^
  File "C:\Users\Twazei_ceo\AppData\Roaming\Python\Python314\site-packages\sqlalchemy\pool\base.py", line 900, in __connect
    with util.safe_reraise():
         ~~~~~~~~~~~~~~~~~^^
  File "C:\Users\Twazei_ceo\AppData\Roaming\Python\Python314\site-packages\sqlalchemy\util\langhelpers.py", line 122, in __exit__
    raise exc_value.with_traceback(exc_tb)
  File "C:\Users\Twazei_ceo\AppData\Roaming\Python\Python314\site-packages\sqlalchemy\pool\base.py", line 896, in __connect
    self.dbapi_connection = connection = pool._invoke_creator(self)
                                         ~~~~~~~~~~~~~~~~~~~~^^^^^^
  File "C:\Users\Twazei_ceo\AppData\Roaming\Python\Python314\site-packages\sqlalchemy\engine\create.py", line 667, in connect
    return dialect.connect(*cargs_tup, **cparams)
           ~~~~~~~~~~~~~~~^^^^^^^^^^^^^^^^^^^^^^^
  File "C:\Users\Twazei_ceo\AppData\Roaming\Python\Python314\site-packages\sqlalchemy\engine\default.py", line 630, in connect
    return self.loaded_dbapi.connect(*cargs, **cparams)  # type: ignore[no-any-return]  # NOQA: E501
           ~~~~~~~~~~~~~~~~~~~~~~~~~^^^^^^^^^^^^^^^^^^^
  File "C:\Users\Twazei_ceo\AppData\Roaming\Python\Python314\site-packages\sqlalchemy\dialects\postgresql\asyncpg.py", line 955, in connect
    await_only(creator_fn(*arg, **kw)),
    ~~~~~~~~~~^^^^^^^^^^^^^^^^^^^^^^^^
  File "C:\Users\Twazei_ceo\AppData\Roaming\Python\Python314\site-packages\sqlalchemy\util\_concurrency_py3k.py", line 132, in await_only
    return current.parent.switch(awaitable)  # type: ignore[no-any-return,attr-defined] # noqa: E501
           ~~~~~~~~~~~~~~~~~~~~~^^^^^^^^^^^
  File "C:\Users\Twazei_ceo\AppData\Roaming\Python\Python314\site-packages\sqlalchemy\util\_concurrency_py3k.py", line 196, in greenlet_spawn
    value = await result
            ^^^^^^^^^^^^
  File "C:\Users\Twazei_ceo\AppData\Roaming\Python\Python314\site-packages\asyncpg\connection.py", line 2443, in connect
    return await connect_utils._connect(
           ^^^^^^^^^^^^^^^^^^^^^^^^^^^^^
    ...<22 lines>...
    )
    ^
  File "C:\Users\Twazei_ceo\AppData\Roaming\Python\Python314\site-packages\asyncpg\connect_utils.py", line 1249, in _connect
    raise last_error or exceptions.TargetServerAttributeNotMatched(
    ...<2 lines>...
    )
  File "C:\Users\Twazei_ceo\AppData\Roaming\Python\Python314\site-packages\asyncpg\connect_utils.py", line 1218, in _connect
    conn = await _connect_addr(
           ^^^^^^^^^^^^^^^^^^^^
    ...<6 lines>...
    )
    ^
  File "C:\Users\Twazei_ceo\AppData\Roaming\Python\Python314\site-packages\asyncpg\connect_utils.py", line 1054, in _connect_addr
    return await __connect_addr(params, True, *args)
           ^^^^^^^^^^^^^^^^^^^^^^^^^^^^^^^^^^^^^^^^^
  File "C:\Users\Twazei_ceo\AppData\Roaming\Python\Python314\site-packages\asyncpg\connect_utils.py", line 1099, in __connect_addr
    tr, pr = await connector
             ^^^^^^^^^^^^^^^
  File "C:\Users\Twazei_ceo\AppData\Roaming\Python\Python314\site-packages\asyncpg\connect_utils.py", line 969, in _create_ssl_connection
    tr, pr = await loop.create_connection(
             ^^^^^^^^^^^^^^^^^^^^^^^^^^^^^
    ...<2 lines>...
        host, port)
        ^^^^^^^^^^^
  File "C:\Python314\Lib\asyncio\base_events.py", line 1173, in create_connection
    raise exceptions[0]
  File "C:\Python314\Lib\asyncio\base_events.py", line 1143, in create_connection
    sock = await self._connect_sock(
           ^^^^^^^^^^^^^^^^^^^^^^^^^
        exceptions, addrinfo, laddr_infos)
        ^^^^^^^^^^^^^^^^^^^^^^^^^^^^^^^^^^
  File "C:\Python314\Lib\asyncio\base_events.py", line 1042, in _connect_sock
    await self.sock_connect(sock, address)
  File "C:\Python314\Lib\asyncio\proactor_events.py", line 728, in sock_connect
    return await self._proactor.connect(sock, address)
           ^^^^^^^^^^^^^^^^^^^^^^^^^^^^^^^^^^^^^^^^^^^
  File "C:\Python314\Lib\asyncio\windows_events.py", line 804, in _poll
    value = callback(transferred, key, ov)
  File "C:\Python314\Lib\asyncio\windows_events.py", line 600, in finish_connect
    ov.getresult()
    ~~~~~~~~~~~~^^
ConnectionRefusedError: [WinError 1225] The remote computer refused the network connection
2026-08-24 15:42:52,546 [INFO] app.main: HTTP GET /healthz - Status: 200 - Duration: 0.001s
INFO:     127.0.0.1:61627 - "GET /healthz HTTP/1.1" 200 OK
2026-08-24 15:42:58,033 [ERROR] app.main: \U0001f6a8 RUNTIME UNHANDLED EXCEPTION: [WinError 1225] The remote computer refused the network connection
  + Exception Group Traceback (most recent call last):
  |   File "C:\Users\Twazei_ceo\AppData\Roaming\Python\Python314\site-packages\starlette\_utils.py", line 77, in collapse_excgroups
  |     yield
  |   File "C:\Users\Twazei_ceo\AppData\Roaming\Python\Python314\site-packages\starlette\middleware\base.py", line 186, in __call__
  |     async with anyio.create_task_group() as task_group:
  |                ~~~~~~~~~~~~~~~~~~~~~~~^^
  |   File "C:\Python314\Lib\site-packages\anyio\_backends\_asyncio.py", line 815, in __aexit__
  |     raise BaseExceptionGroup(
  |         "unhandled errors in a TaskGroup", self._exceptions
  |     ) from None
  | ExceptionGroup: unhandled errors in a TaskGroup (1 sub-exception)
  +-+---------------- 1 ----------------
    | Traceback (most recent call last):
    |   File "C:\Users\Twazei_ceo\AppData\Roaming\Python\Python314\site-packages\starlette\middleware\errors.py", line 165, in __call__
    |     await self.app(scope, receive, _send)
    |   File "C:\Users\Twazei_ceo\AppData\Roaming\Python\Python314\site-packages\starlette\middleware\base.py", line 185, in __call__
    |     with collapse_excgroups():
    |          ~~~~~~~~~~~~~~~~~~^^
    |   File "C:\Python314\Lib\contextlib.py", line 162, in __exit__
    |     self.gen.throw(value)
    |     ~~~~~~~~~~~~~~^^^^^^^
    |   File "C:\Users\Twazei_ceo\AppData\Roaming\Python\Python314\site-packages\starlette\_utils.py", line 83, in collapse_excgroups
    |     raise exc
    |   File "C:\Users\Twazei_ceo\AppData\Roaming\Python\Python314\site-packages\starlette\middleware\base.py", line 187, in __call__
    |     response = await self.dispatch_func(request, call_next)
    |                ^^^^^^^^^^^^^^^^^^^^^^^^^^^^^^^^^^^^^^^^^^^^
    |   File "E:\Huffathul Hifaaz_asl\services\core-backend\app\main.py", line 102, in log_request_performance
    |     response = await call_next(request)
    |                ^^^^^^^^^^^^^^^^^^^^^^^^
    |   File "C:\Users\Twazei_ceo\AppData\Roaming\Python\Python314\site-packages\starlette\middleware\base.py", line 163, in call_next
    |     raise app_exc
    |   File "C:\Users\Twazei_ceo\AppData\Roaming\Python\Python314\site-packages\starlette\middleware\base.py", line 149, in coro
    |     await self.app(scope, receive_or_disconnect, send_no_error)
    |   File "C:\Users\Twazei_ceo\AppData\Roaming\Python\Python314\site-packages\starlette\middleware\cors.py", line 93, in __call__
    |     await self.simple_response(scope, receive, send, request_headers=headers)
    |   File "C:\Users\Twazei_ceo\AppData\Roaming\Python\Python314\site-packages\starlette\middleware\cors.py", line 144, in simple_response
    |     await self.app(scope, receive, send)
    |   File "C:\Users\Twazei_ceo\AppData\Roaming\Python\Python314\site-packages\starlette\middleware\exceptions.py", line 62, in __call__
    |     await wrap_app_handling_exceptions(self.app, conn)(scope, receive, send)
    |   File "C:\Users\Twazei_ceo\AppData\Roaming\Python\Python314\site-packages\starlette\_exception_handler.py", line 62, in wrapped_app
    |     raise exc
    |   File "C:\Users\Twazei_ceo\AppData\Roaming\Python\Python314\site-packages\starlette\_exception_handler.py", line 51, in wrapped_app
    |     await app(scope, receive, sender)
    |   File "C:\Users\Twazei_ceo\AppData\Roaming\Python\Python314\site-packages\starlette\routing.py", line 715, in __call__
    |     await self.middleware_stack(scope, receive, send)
    |   File "C:\Users\Twazei_ceo\AppData\Roaming\Python\Python314\site-packages\starlette\routing.py", line 735, in app
    |     await route.handle(scope, receive, send)
    |   File "C:\Users\Twazei_ceo\AppData\Roaming\Python\Python314\site-packages\starlette\routing.py", line 288, in handle
    |     await self.app(scope, receive, send)
    |   File "C:\Users\Twazei_ceo\AppData\Roaming\Python\Python314\site-packages\starlette\routing.py", line 76, in app
    |     await wrap_app_handling_exceptions(app, request)(scope, receive, send)
    |   File "C:\Users\Twazei_ceo\AppData\Roaming\Python\Python314\site-packages\starlette\_exception_handler.py", line 62, in wrapped_app
    |     raise exc
    |   File "C:\Users\Twazei_ceo\AppData\Roaming\Python\Python314\site-packages\starlette\_exception_handler.py", line 51, in wrapped_app
    |     await app(scope, receive, sender)
    |   File "C:\Users\Twazei_ceo\AppData\Roaming\Python\Python314\site-packages\starlette\routing.py", line 73, in app
    |     response = await f(request)
    |                ^^^^^^^^^^^^^^^^
    |   File "C:\Python314\Lib\site-packages\fastapi\routing.py", line 301, in app
    |     raw_response = await run_endpoint_function(
    |                    ^^^^^^^^^^^^^^^^^^^^^^^^^^^^
    |     ...<3 lines>...
    |     )
    |     ^
    |   File "C:\Python314\Lib\site-packages\fastapi\routing.py", line 212, in run_endpoint_function
    |     return await dependant.call(**values)
    |            ^^^^^^^^^^^^^^^^^^^^^^^^^^^^^^
    |   File "E:\Huffathul Hifaaz_asl\services\core-backend\app\routers\auth.py", line 106, in login
    |     user_query = await db.execute(select(User).where(User.email == target_email))
    |                  ^^^^^^^^^^^^^^^^^^^^^^^^^^^^^^^^^^^^^^^^^^^^^^^^^^^^^^^^^^^^^^^^
    |   File "C:\Users\Twazei_ceo\AppData\Roaming\Python\Python314\site-packages\sqlalchemy\ext\asyncio\session.py", line 448, in execute
    |     result = await greenlet_spawn(
    |              ^^^^^^^^^^^^^^^^^^^^^
    |     ...<6 lines>...
    |     )
    |     ^
    |   File "C:\Users\Twazei_ceo\AppData\Roaming\Python\Python314\site-packages\sqlalchemy\util\_concurrency_py3k.py", line 201, in greenlet_spawn
    |     result = context.throw(*sys.exc_info())
    |   File "C:\Users\Twazei_ceo\AppData\Roaming\Python\Python314\site-packages\sqlalchemy\orm\session.py", line 2373, in execute
    |     return self._execute_internal(
    |            ~~~~~~~~~~~~~~~~~~~~~~^
    |         statement,
    |         ^^^^^^^^^^
    |     ...<4 lines>...
    |         _add_event=_add_event,
    |         ^^^^^^^^^^^^^^^^^^^^^^
    |     )
    |     ^
    |   File "C:\Users\Twazei_ceo\AppData\Roaming\Python\Python314\site-packages\sqlalchemy\orm\session.py", line 2261, in _execute_internal
    |     conn = self._connection_for_bind(bind)
    |   File "C:\Users\Twazei_ceo\AppData\Roaming\Python\Python314\site-packages\sqlalchemy\orm\session.py", line 2113, in _connection_for_bind
    |     return trans._connection_for_bind(engine, execution_options)
    |            ~~~~~~~~~~~~~~~~~~~~~~~~~~^^^^^^^^^^^^^^^^^^^^^^^^^^^
    |   File "<string>", line 2, in _connection_for_bind
    |   File "C:\Users\Twazei_ceo\AppData\Roaming\Python\Python314\site-packages\sqlalchemy\orm\state_changes.py", line 137, in _go
    |     ret_value = fn(self, *arg, **kw)
    |   File "C:\Users\Twazei_ceo\AppData\Roaming\Python\Python314\site-packages\sqlalchemy\orm\session.py", line 1191, in _connection_for_bind
    |     conn = bind.connect()
    |   File "C:\Users\Twazei_ceo\AppData\Roaming\Python\Python314\site-packages\sqlalchemy\engine\base.py", line 3295, in connect
    |     return self._connection_cls(self)
    |            ~~~~~~~~~~~~~~~~~~~~^^^^^^
    |   File "C:\Users\Twazei_ceo\AppData\Roaming\Python\Python314\site-packages\sqlalchemy\engine\base.py", line 144, in __init__
    |     self._dbapi_connection = engine.raw_connection()
    |                              ~~~~~~~~~~~~~~~~~~~~~^^
    |   File "C:\Users\Twazei_ceo\AppData\Roaming\Python\Python314\site-packages\sqlalchemy\engine\base.py", line 3319, in raw_connection
    |     return self.pool.connect()
    |            ~~~~~~~~~~~~~~~~~^^
    |   File "C:\Users\Twazei_ceo\AppData\Roaming\Python\Python314\site-packages\sqlalchemy\pool\base.py", line 448, in connect
    |     return _ConnectionFairy._checkout(self)
    |            ~~~~~~~~~~~~~~~~~~~~~~~~~~^^^^^^
    |   File "C:\Users\Twazei_ceo\AppData\Roaming\Python\Python314\site-packages\sqlalchemy\pool\base.py", line 1272, in _checkout
    |     fairy = _ConnectionRecord.checkout(pool)
    |   File "C:\Users\Twazei_ceo\AppData\Roaming\Python\Python314\site-packages\sqlalchemy\pool\base.py", line 712, in checkout
    |     rec = pool._do_get()
    |   File "C:\Users\Twazei_ceo\AppData\Roaming\Python\Python314\site-packages\sqlalchemy\pool\impl.py", line 178, in _do_get
    |     with util.safe_reraise():
    |          ~~~~~~~~~~~~~~~~~^^
    |   File "C:\Users\Twazei_ceo\AppData\Roaming\Python\Python314\site-packages\sqlalchemy\util\langhelpers.py", line 122, in __exit__
    |     raise exc_value.with_traceback(exc_tb)
    |   File "C:\Users\Twazei_ceo\AppData\Roaming\Python\Python314\site-packages\sqlalchemy\pool\impl.py", line 176, in _do_get
    |     return self._create_connection()
    |            ~~~~~~~~~~~~~~~~~~~~~~~^^
    |   File "C:\Users\Twazei_ceo\AppData\Roaming\Python\Python314\site-packages\sqlalchemy\pool\base.py", line 389, in _create_connection
    |     return _ConnectionRecord(self)
    |   File "C:\Users\Twazei_ceo\AppData\Roaming\Python\Python314\site-packages\sqlalchemy\pool\base.py", line 674, in __init__
    |     self.__connect()
    |     ~~~~~~~~~~~~~~^^
    |   File "C:\Users\Twazei_ceo\AppData\Roaming\Python\Python314\site-packages\sqlalchemy\pool\base.py", line 900, in __connect
    |     with util.safe_reraise():
    |          ~~~~~~~~~~~~~~~~~^^
    |   File "C:\Users\Twazei_ceo\AppData\Roaming\Python\Python314\site-packages\sqlalchemy\util\langhelpers.py", line 122, in __exit__
    |     raise exc_value.with_traceback(exc_tb)
    |   File "C:\Users\Twazei_ceo\AppData\Roaming\Python\Python314\site-packages\sqlalchemy\pool\base.py", line 896, in __connect
    |     self.dbapi_connection = connection = pool._invoke_creator(self)
    |                                          ~~~~~~~~~~~~~~~~~~~~^^^^^^
    |   File "C:\Users\Twazei_ceo\AppData\Roaming\Python\Python314\site-packages\sqlalchemy\engine\create.py", line 667, in connect
    |     return dialect.connect(*cargs_tup, **cparams)
    |            ~~~~~~~~~~~~~~~^^^^^^^^^^^^^^^^^^^^^^^
    |   File "C:\Users\Twazei_ceo\AppData\Roaming\Python\Python314\site-packages\sqlalchemy\engine\default.py", line 630, in connect
    |     return self.loaded_dbapi.connect(*cargs, **cparams)  # type: ignore[no-any-return]  # NOQA: E501
    |            ~~~~~~~~~~~~~~~~~~~~~~~~~^^^^^^^^^^^^^^^^^^^
    |   File "C:\Users\Twazei_ceo\AppData\Roaming\Python\Python314\site-packages\sqlalchemy\dialects\postgresql\asyncpg.py", line 955, in connect
    |     await_only(creator_fn(*arg, **kw)),
    |     ~~~~~~~~~~^^^^^^^^^^^^^^^^^^^^^^^^
    |   File "C:\Users\Twazei_ceo\AppData\Roaming\Python\Python314\site-packages\sqlalchemy\util\_concurrency_py3k.py", line 132, in await_only
    |     return current.parent.switch(awaitable)  # type: ignore[no-any-return,attr-defined] # noqa: E501
    |            ~~~~~~~~~~~~~~~~~~~~~^^^^^^^^^^^
    |   File "C:\Users\Twazei_ceo\AppData\Roaming\Python\Python314\site-packages\sqlalchemy\util\_concurrency_py3k.py", line 196, in greenlet_spawn
    |     value = await result
    |             ^^^^^^^^^^^^
    |   File "C:\Users\Twazei_ceo\AppData\Roaming\Python\Python314\site-packages\asyncpg\connection.py", line 2443, in connect
    |     return await connect_utils._connect(
    |            ^^^^^^^^^^^^^^^^^^^^^^^^^^^^^
    |     ...<22 lines>...
    |     )
    |     ^
    |   File "C:\Users\Twazei_ceo\AppData\Roaming\Python\Python314\site-packages\asyncpg\connect_utils.py", line 1249, in _connect
    |     raise last_error or exceptions.TargetServerAttributeNotMatched(
    |     ...<2 lines>...
    |     )
    |   File "C:\Users\Twazei_ceo\AppData\Roaming\Python\Python314\site-packages\asyncpg\connect_utils.py", line 1218, in _connect
    |     conn = await _connect_addr(
    |            ^^^^^^^^^^^^^^^^^^^^
    |     ...<6 lines>...
    |     )
    |     ^
    |   File "C:\Users\Twazei_ceo\AppData\Roaming\Python\Python314\site-packages\asyncpg\connect_utils.py", line 1054, in _connect_addr
    |     return await __connect_addr(params, True, *args)
    |            ^^^^^^^^^^^^^^^^^^^^^^^^^^^^^^^^^^^^^^^^^
    |   File "C:\Users\Twazei_ceo\AppData\Roaming\Python\Python314\site-packages\asyncpg\connect_utils.py", line 1099, in __connect_addr
    |     tr, pr = await connector
    |              ^^^^^^^^^^^^^^^
    |   File "C:\Users\Twazei_ceo\AppData\Roaming\Python\Python314\site-packages\asyncpg\connect_utils.py", line 969, in _create_ssl_connection
    |     tr, pr = await loop.create_connection(
    |              ^^^^^^^^^^^^^^^^^^^^^^^^^^^^^
    |     ...<2 lines>...
    |         host, port)
    |         ^^^^^^^^^^^
    |   File "C:\Python314\Lib\asyncio\base_events.py", line 1173, in create_connection
    |     raise exceptions[0]
    |   File "C:\Python314\Lib\asyncio\base_events.py", line 1143, in create_connection
    |     sock = await self._connect_sock(
    |            ^^^^^^^^^^^^^^^^^^^^^^^^^
    |         exceptions, addrinfo, laddr_infos)
    |         ^^^^^^^^^^^^^^^^^^^^^^^^^^^^^^^^^^
    |   File "C:\Python314\Lib\asyncio\base_events.py", line 1042, in _connect_sock
    |     await self.sock_connect(sock, address)
    |   File "C:\Python314\Lib\asyncio\proactor_events.py", line 728, in sock_connect
    |     return await self._proactor.connect(sock, address)
    |            ^^^^^^^^^^^^^^^^^^^^^^^^^^^^^^^^^^^^^^^^^^^
    |   File "C:\Python314\Lib\asyncio\windows_events.py", line 804, in _poll
    |     value = callback(transferred, key, ov)
    |   File "C:\Python314\Lib\asyncio\windows_events.py", line 600, in finish_connect
    |     ov.getresult()
    |     ~~~~~~~~~~~~^^
    | ConnectionRefusedError: [WinError 1225] The remote computer refused the network connection
    +------------------------------------

During handling of the above exception, another exception occurred:

Traceback (most recent call last):
  File "C:\Users\Twazei_ceo\AppData\Roaming\Python\Python314\site-packages\starlette\middleware\errors.py", line 165, in __call__
    await self.app(scope, receive, _send)
  File "C:\Users\Twazei_ceo\AppData\Roaming\Python\Python314\site-packages\starlette\middleware\base.py", line 185, in __call__
    with collapse_excgroups():
         ~~~~~~~~~~~~~~~~~~^^
  File "C:\Python314\Lib\contextlib.py", line 162, in __exit__
    self.gen.throw(value)
    ~~~~~~~~~~~~~~^^^^^^^
  File "C:\Users\Twazei_ceo\AppData\Roaming\Python\Python314\site-packages\starlette\_utils.py", line 83, in collapse_excgroups
    raise exc
  File "C:\Users\Twazei_ceo\AppData\Roaming\Python\Python314\site-packages\starlette\middleware\base.py", line 187, in __call__
    response = await self.dispatch_func(request, call_next)
               ^^^^^^^^^^^^^^^^^^^^^^^^^^^^^^^^^^^^^^^^^^^^
  File "E:\Huffathul Hifaaz_asl\services\core-backend\app\main.py", line 102, in log_request_performance
    response = await call_next(request)
               ^^^^^^^^^^^^^^^^^^^^^^^^
  File "C:\Users\Twazei_ceo\AppData\Roaming\Python\Python314\site-packages\starlette\middleware\base.py", line 163, in call_next
    raise app_exc
  File "C:\Users\Twazei_ceo\AppData\Roaming\Python\Python314\site-packages\starlette\middleware\base.py", line 149, in coro
    await self.app(scope, receive_or_disconnect, send_no_error)
  File "C:\Users\Twazei_ceo\AppData\Roaming\Python\Python314\site-packages\starlette\middleware\cors.py", line 93, in __call__
    await self.simple_response(scope, receive, send, request_headers=headers)
  File "C:\Users\Twazei_ceo\AppData\Roaming\Python\Python314\site-packages\starlette\middleware\cors.py", line 144, in simple_response
    await self.app(scope, receive, send)
  File "C:\Users\Twazei_ceo\AppData\Roaming\Python\Python314\site-packages\starlette\middleware\exceptions.py", line 62, in __call__
    await wrap_app_handling_exceptions(self.app, conn)(scope, receive, send)
  File "C:\Users\Twazei_ceo\AppData\Roaming\Python\Python314\site-packages\starlette\_exception_handler.py", line 62, in wrapped_app
    raise exc
  File "C:\Users\Twazei_ceo\AppData\Roaming\Python\Python314\site-packages\starlette\_exception_handler.py", line 51, in wrapped_app
    await app(scope, receive, sender)
  File "C:\Users\Twazei_ceo\AppData\Roaming\Python\Python314\site-packages\starlette\routing.py", line 715, in __call__
    await self.middleware_stack(scope, receive, send)
  File "C:\Users\Twazei_ceo\AppData\Roaming\Python\Python314\site-packages\starlette\routing.py", line 735, in app
    await route.handle(scope, receive, send)
  File "C:\Users\Twazei_ceo\AppData\Roaming\Python\Python314\site-packages\starlette\routing.py", line 288, in handle
    await self.app(scope, receive, send)
  File "C:\Users\Twazei_ceo\AppData\Roaming\Python\Python314\site-packages\starlette\routing.py", line 76, in app
    await wrap_app_handling_exceptions(app, request)(scope, receive, send)
  File "C:\Users\Twazei_ceo\AppData\Roaming\Python\Python314\site-packages\starlette\_exception_handler.py", line 62, in wrapped_app
    raise exc
  File "C:\Users\Twazei_ceo\AppData\Roaming\Python\Python314\site-packages\starlette\_exception_handler.py", line 51, in wrapped_app
    await app(scope, receive, sender)
  File "C:\Users\Twazei_ceo\AppData\Roaming\Python\Python314\site-packages\starlette\routing.py", line 73, in app
    response = await f(request)
               ^^^^^^^^^^^^^^^^
  File "C:\Python314\Lib\site-packages\fastapi\routing.py", line 301, in app
    raw_response = await run_endpoint_function(
                   ^^^^^^^^^^^^^^^^^^^^^^^^^^^^
    ...<3 lines>...
    )
    ^
  File "C:\Python314\Lib\site-packages\fastapi\routing.py", line 212, in run_endpoint_function
    return await dependant.call(**values)
           ^^^^^^^^^^^^^^^^^^^^^^^^^^^^^^
  File "E:\Huffathul Hifaaz_asl\services\core-backend\app\routers\auth.py", line 106, in login
    user_query = await db.execute(select(User).where(User.email == target_email))
                 ^^^^^^^^^^^^^^^^^^^^^^^^^^^^^^^^^^^^^^^^^^^^^^^^^^^^^^^^^^^^^^^^
  File "C:\Users\Twazei_ceo\AppData\Roaming\Python\Python314\site-packages\sqlalchemy\ext\asyncio\session.py", line 448, in execute
    result = await greenlet_spawn(
             ^^^^^^^^^^^^^^^^^^^^^
    ...<6 lines>...
    )
    ^
  File "C:\Users\Twazei_ceo\AppData\Roaming\Python\Python314\site-packages\sqlalchemy\util\_concurrency_py3k.py", line 201, in greenlet_spawn
    result = context.throw(*sys.exc_info())
  File "C:\Users\Twazei_ceo\AppData\Roaming\Python\Python314\site-packages\sqlalchemy\orm\session.py", line 2373, in execute
    return self._execute_internal(
           ~~~~~~~~~~~~~~~~~~~~~~^
        statement,
        ^^^^^^^^^^
    ...<4 lines>...
        _add_event=_add_event,
        ^^^^^^^^^^^^^^^^^^^^^^
    )
    ^
  File "C:\Users\Twazei_ceo\AppData\Roaming\Python\Python314\site-packages\sqlalchemy\orm\session.py", line 2261, in _execute_internal
    conn = self._connection_for_bind(bind)
  File "C:\Users\Twazei_ceo\AppData\Roaming\Python\Python314\site-packages\sqlalchemy\orm\session.py", line 2113, in _connection_for_bind
    return trans._connection_for_bind(engine, execution_options)
           ~~~~~~~~~~~~~~~~~~~~~~~~~~^^^^^^^^^^^^^^^^^^^^^^^^^^^
  File "<string>", line 2, in _connection_for_bind
  File "C:\Users\Twazei_ceo\AppData\Roaming\Python\Python314\site-packages\sqlalchemy\orm\state_changes.py", line 137, in _go
    ret_value = fn(self, *arg, **kw)
  File "C:\Users\Twazei_ceo\AppData\Roaming\Python\Python314\site-packages\sqlalchemy\orm\session.py", line 1191, in _connection_for_bind
    conn = bind.connect()
  File "C:\Users\Twazei_ceo\AppData\Roaming\Python\Python314\site-packages\sqlalchemy\engine\base.py", line 3295, in connect
    return self._connection_cls(self)
           ~~~~~~~~~~~~~~~~~~~~^^^^^^
  File "C:\Users\Twazei_ceo\AppData\Roaming\Python\Python314\site-packages\sqlalchemy\engine\base.py", line 144, in __init__
    self._dbapi_connection = engine.raw_connection()
                             ~~~~~~~~~~~~~~~~~~~~~^^
  File "C:\Users\Twazei_ceo\AppData\Roaming\Python\Python314\site-packages\sqlalchemy\engine\base.py", line 3319, in raw_connection
    return self.pool.connect()
           ~~~~~~~~~~~~~~~~~^^
  File "C:\Users\Twazei_ceo\AppData\Roaming\Python\Python314\site-packages\sqlalchemy\pool\base.py", line 448, in connect
    return _ConnectionFairy._checkout(self)
           ~~~~~~~~~~~~~~~~~~~~~~~~~~^^^^^^
  File "C:\Users\Twazei_ceo\AppData\Roaming\Python\Python314\site-packages\sqlalchemy\pool\base.py", line 1272, in _checkout
    fairy = _ConnectionRecord.checkout(pool)
  File "C:\Users\Twazei_ceo\AppData\Roaming\Python\Python314\site-packages\sqlalchemy\pool\base.py", line 712, in checkout
    rec = pool._do_get()
  File "C:\Users\Twazei_ceo\AppData\Roaming\Python\Python314\site-packages\sqlalchemy\pool\impl.py", line 178, in _do_get
    with util.safe_reraise():
         ~~~~~~~~~~~~~~~~~^^
  File "C:\Users\Twazei_ceo\AppData\Roaming\Python\Python314\site-packages\sqlalchemy\util\langhelpers.py", line 122, in __exit__
    raise exc_value.with_traceback(exc_tb)
  File "C:\Users\Twazei_ceo\AppData\Roaming\Python\Python314\site-packages\sqlalchemy\pool\impl.py", line 176, in _do_get
    return self._create_connection()
           ~~~~~~~~~~~~~~~~~~~~~~~^^
  File "C:\Users\Twazei_ceo\AppData\Roaming\Python\Python314\site-packages\sqlalchemy\pool\base.py", line 389, in _create_connection
    return _ConnectionRecord(self)
  File "C:\Users\Twazei_ceo\AppData\Roaming\Python\Python314\site-packages\sqlalchemy\pool\base.py", line 674, in __init__
    self.__connect()
    ~~~~~~~~~~~~~~^^
  File "C:\Users\Twazei_ceo\AppData\Roaming\Python\Python314\site-packages\sqlalchemy\pool\base.py", line 900, in __connect
    with util.safe_reraise():
         ~~~~~~~~~~~~~~~~~^^
  File "C:\Users\Twazei_ceo\AppData\Roaming\Python\Python314\site-packages\sqlalchemy\util\langhelpers.py", line 122, in __exit__
    raise exc_value.with_traceback(exc_tb)
  File "C:\Users\Twazei_ceo\AppData\Roaming\Python\Python314\site-packages\sqlalchemy\pool\base.py", line 896, in __connect
    self.dbapi_connection = connection = pool._invoke_creator(self)
                                         ~~~~~~~~~~~~~~~~~~~~^^^^^^
  File "C:\Users\Twazei_ceo\AppData\Roaming\Python\Python314\site-packages\sqlalchemy\engine\create.py", line 667, in connect
    return dialect.connect(*cargs_tup, **cparams)
           ~~~~~~~~~~~~~~~^^^^^^^^^^^^^^^^^^^^^^^
  File "C:\Users\Twazei_ceo\AppData\Roaming\Python\Python314\site-packages\sqlalchemy\engine\default.py", line 630, in connect
    return self.loaded_dbapi.connect(*cargs, **cparams)  # type: ignore[no-any-return]  # NOQA: E501
           ~~~~~~~~~~~~~~~~~~~~~~~~~^^^^^^^^^^^^^^^^^^^
  File "C:\Users\Twazei_ceo\AppData\Roaming\Python\Python314\site-packages\sqlalchemy\dialects\postgresql\asyncpg.py", line 955, in connect
    await_only(creator_fn(*arg, **kw)),
    ~~~~~~~~~~^^^^^^^^^^^^^^^^^^^^^^^^
  File "C:\Users\Twazei_ceo\AppData\Roaming\Python\Python314\site-packages\sqlalchemy\util\_concurrency_py3k.py", line 132, in await_only
    return current.parent.switch(awaitable)  # type: ignore[no-any-return,attr-defined] # noqa: E501
           ~~~~~~~~~~~~~~~~~~~~~^^^^^^^^^^^
  File "C:\Users\Twazei_ceo\AppData\Roaming\Python\Python314\site-packages\sqlalchemy\util\_concurrency_py3k.py", line 196, in greenlet_spawn
    value = await result
            ^^^^^^^^^^^^
  File "C:\Users\Twazei_ceo\AppData\Roaming\Python\Python314\site-packages\asyncpg\connection.py", line 2443, in connect
    return await connect_utils._connect(
           ^^^^^^^^^^^^^^^^^^^^^^^^^^^^^
    ...<22 lines>...
    )
    ^
  File "C:\Users\Twazei_ceo\AppData\Roaming\Python\Python314\site-packages\asyncpg\connect_utils.py", line 1249, in _connect
    raise last_error or exceptions.TargetServerAttributeNotMatched(
    ...<2 lines>...
    )
  File "C:\Users\Twazei_ceo\AppData\Roaming\Python\Python314\site-packages\asyncpg\connect_utils.py", line 1218, in _connect
    conn = await _connect_addr(
           ^^^^^^^^^^^^^^^^^^^^
    ...<6 lines>...
    )
    ^
  File "C:\Users\Twazei_ceo\AppData\Roaming\Python\Python314\site-packages\asyncpg\connect_utils.py", line 1054, in _connect_addr
    return await __connect_addr(params, True, *args)
           ^^^^^^^^^^^^^^^^^^^^^^^^^^^^^^^^^^^^^^^^^
  File "C:\Users\Twazei_ceo\AppData\Roaming\Python\Python314\site-packages\asyncpg\connect_utils.py", line 1099, in __connect_addr
    tr, pr = await connector
             ^^^^^^^^^^^^^^^
  File "C:\Users\Twazei_ceo\AppData\Roaming\Python\Python314\site-packages\asyncpg\connect_utils.py", line 969, in _create_ssl_connection
    tr, pr = await loop.create_connection(
             ^^^^^^^^^^^^^^^^^^^^^^^^^^^^^
    ...<2 lines>...
        host, port)
        ^^^^^^^^^^^
  File "C:\Python314\Lib\asyncio\base_events.py", line 1173, in create_connection
    raise exceptions[0]
  File "C:\Python314\Lib\asyncio\base_events.py", line 1143, in create_connection
    sock = await self._connect_sock(
           ^^^^^^^^^^^^^^^^^^^^^^^^^
        exceptions, addrinfo, laddr_infos)
        ^^^^^^^^^^^^^^^^^^^^^^^^^^^^^^^^^^
  File "C:\Python314\Lib\asyncio\base_events.py", line 1042, in _connect_sock
    await self.sock_connect(sock, address)
  File "C:\Python314\Lib\asyncio\proactor_events.py", line 728, in sock_connect
    return await self._proactor.connect(sock, address)
           ^^^^^^^^^^^^^^^^^^^^^^^^^^^^^^^^^^^^^^^^^^^
  File "C:\Python314\Lib\asyncio\windows_events.py", line 804, in _poll
    value = callback(transferred, key, ov)
  File "C:\Python314\Lib\asyncio\windows_events.py", line 600, in finish_connect
    ov.getresult()
    ~~~~~~~~~~~~^^
ConnectionRefusedError: [WinError 1225] The remote computer refused the network connection
ERROR:    Exception in ASGI application
  + Exception Group Traceback (most recent call last):
  |   File "C:\Users\Twazei_ceo\AppData\Roaming\Python\Python314\site-packages\starlette\_utils.py", line 77, in collapse_excgroups
  |     yield
  |   File "C:\Users\Twazei_ceo\AppData\Roaming\Python\Python314\site-packages\starlette\middleware\base.py", line 186, in __call__
  |     async with anyio.create_task_group() as task_group:
  |                ~~~~~~~~~~~~~~~~~~~~~~~^^
  |   File "C:\Python314\Lib\site-packages\anyio\_backends\_asyncio.py", line 815, in __aexit__
  |     raise BaseExceptionGroup(
  |         "unhandled errors in a TaskGroup", self._exceptions
  |     ) from None
  | ExceptionGroup: unhandled errors in a TaskGroup (1 sub-exception)
  +-+---------------- 1 ----------------
    | Traceback (most recent call last):
    |   File "C:\Python314\Lib\site-packages\uvicorn\protocols\http\httptools_impl.py", line 401, in run_asgi
    |     result = await app(  # type: ignore[func-returns-value]
    |              ^^^^^^^^^^^^^^^^^^^^^^^^^^^^^^^^^^^^^^^^^^^^^^
    |         self.scope, self.receive, self.send
    |         ^^^^^^^^^^^^^^^^^^^^^^^^^^^^^^^^^^^
    |     )
    |     ^
    |   File "C:\Python314\Lib\site-packages\uvicorn\middleware\proxy_headers.py", line 70, in __call__
    |     return await self.app(scope, receive, send)
    |            ^^^^^^^^^^^^^^^^^^^^^^^^^^^^^^^^^^^^
    |   File "C:\Python314\Lib\site-packages\fastapi\applications.py", line 1054, in __call__
    |     await super().__call__(scope, receive, send)
    |   File "C:\Users\Twazei_ceo\AppData\Roaming\Python\Python314\site-packages\starlette\applications.py", line 113, in __call__
    |     await self.middleware_stack(scope, receive, send)
    |   File "C:\Users\Twazei_ceo\AppData\Roaming\Python\Python314\site-packages\starlette\middleware\errors.py", line 187, in __call__
    |     raise exc
    |   File "C:\Users\Twazei_ceo\AppData\Roaming\Python\Python314\site-packages\starlette\middleware\errors.py", line 165, in __call__
    |     await self.app(scope, receive, _send)
    |   File "C:\Users\Twazei_ceo\AppData\Roaming\Python\Python314\site-packages\starlette\middleware\base.py", line 185, in __call__
    |     with collapse_excgroups():
    |          ~~~~~~~~~~~~~~~~~~^^
    |   File "C:\Python314\Lib\contextlib.py", line 162, in __exit__
    |     self.gen.throw(value)
    |     ~~~~~~~~~~~~~~^^^^^^^
    |   File "C:\Users\Twazei_ceo\AppData\Roaming\Python\Python314\site-packages\starlette\_utils.py", line 83, in collapse_excgroups
    |     raise exc
    |   File "C:\Users\Twazei_ceo\AppData\Roaming\Python\Python314\site-packages\starlette\middleware\base.py", line 187, in __call__
    |     response = await self.dispatch_func(request, call_next)
    |                ^^^^^^^^^^^^^^^^^^^^^^^^^^^^^^^^^^^^^^^^^^^^
    |   File "E:\Huffathul Hifaaz_asl\services\core-backend\app\main.py", line 102, in log_request_performance
    |     response = await call_next(request)
    |                ^^^^^^^^^^^^^^^^^^^^^^^^
    |   File "C:\Users\Twazei_ceo\AppData\Roaming\Python\Python314\site-packages\starlette\middleware\base.py", line 163, in call_next
    |     raise app_exc
    |   File "C:\Users\Twazei_ceo\AppData\Roaming\Python\Python314\site-packages\starlette\middleware\base.py", line 149, in coro
    |     await self.app(scope, receive_or_disconnect, send_no_error)
    |   File "C:\Users\Twazei_ceo\AppData\Roaming\Python\Python314\site-packages\starlette\middleware\cors.py", line 93, in __call__
    |     await self.simple_response(scope, receive, send, request_headers=headers)
    |   File "C:\Users\Twazei_ceo\AppData\Roaming\Python\Python314\site-packages\starlette\middleware\cors.py", line 144, in simple_response
    |     await self.app(scope, receive, send)
    |   File "C:\Users\Twazei_ceo\AppData\Roaming\Python\Python314\site-packages\starlette\middleware\exceptions.py", line 62, in __call__
    |     await wrap_app_handling_exceptions(self.app, conn)(scope, receive, send)
    |   File "C:\Users\Twazei_ceo\AppData\Roaming\Python\Python314\site-packages\starlette\_exception_handler.py", line 62, in wrapped_app
    |     raise exc
    |   File "C:\Users\Twazei_ceo\AppData\Roaming\Python\Python314\site-packages\starlette\_exception_handler.py", line 51, in wrapped_app
    |     await app(scope, receive, sender)
    |   File "C:\Users\Twazei_ceo\AppData\Roaming\Python\Python314\site-packages\starlette\routing.py", line 715, in __call__
    |     await self.middleware_stack(scope, receive, send)
    |   File "C:\Users\Twazei_ceo\AppData\Roaming\Python\Python314\site-packages\starlette\routing.py", line 735, in app
    |     await route.handle(scope, receive, send)
    |   File "C:\Users\Twazei_ceo\AppData\Roaming\Python\Python314\site-packages\starlette\routing.py", line 288, in handle
    |     await self.app(scope, receive, send)
    |   File "C:\Users\Twazei_ceo\AppData\Roaming\Python\Python314\site-packages\starlette\routing.py", line 76, in app
    |     await wrap_app_handling_exceptions(app, request)(scope, receive, send)
    |   File "C:\Users\Twazei_ceo\AppData\Roaming\Python\Python314\site-packages\starlette\_exception_handler.py", line 62, in wrapped_app
    |     raise exc
    |   File "C:\Users\Twazei_ceo\AppData\Roaming\Python\Python314\site-packages\starlette\_exception_handler.py", line 51, in wrapped_app
    |     await app(scope, receive, sender)
    |   File "C:\Users\Twazei_ceo\AppData\Roaming\Python\Python314\site-packages\starlette\routing.py", line 73, in app
    |     response = await f(request)
    |                ^^^^^^^^^^^^^^^^
    |   File "C:\Python314\Lib\site-packages\fastapi\routing.py", line 301, in app
    |     raw_response = await run_endpoint_function(
    |                    ^^^^^^^^^^^^^^^^^^^^^^^^^^^^
    |     ...<3 lines>...
    |     )
    |     ^
    |   File "C:\Python314\Lib\site-packages\fastapi\routing.py", line 212, in run_endpoint_function
    |     return await dependant.call(**values)
    |            ^^^^^^^^^^^^^^^^^^^^^^^^^^^^^^
    |   File "E:\Huffathul Hifaaz_asl\services\core-backend\app\routers\auth.py", line 106, in login
    |     user_query = await db.execute(select(User).where(User.email == target_email))
    |                  ^^^^^^^^^^^^^^^^^^^^^^^^^^^^^^^^^^^^^^^^^^^^^^^^^^^^^^^^^^^^^^^^
    |   File "C:\Users\Twazei_ceo\AppData\Roaming\Python\Python314\site-packages\sqlalchemy\ext\asyncio\session.py", line 448, in execute
    |     result = await greenlet_spawn(
    |              ^^^^^^^^^^^^^^^^^^^^^
    |     ...<6 lines>...
    |     )
    |     ^
    |   File "C:\Users\Twazei_ceo\AppData\Roaming\Python\Python314\site-packages\sqlalchemy\util\_concurrency_py3k.py", line 201, in greenlet_spawn
    |     result = context.throw(*sys.exc_info())
    |   File "C:\Users\Twazei_ceo\AppData\Roaming\Python\Python314\site-packages\sqlalchemy\orm\session.py", line 2373, in execute
    |     return self._execute_internal(
    |            ~~~~~~~~~~~~~~~~~~~~~~^
    |         statement,
    |         ^^^^^^^^^^
    |     ...<4 lines>...
    |         _add_event=_add_event,
    |         ^^^^^^^^^^^^^^^^^^^^^^
    |     )
    |     ^
    |   File "C:\Users\Twazei_ceo\AppData\Roaming\Python\Python314\site-packages\sqlalchemy\orm\session.py", line 2261, in _execute_internal
    |     conn = self._connection_for_bind(bind)
    |   File "C:\Users\Twazei_ceo\AppData\Roaming\Python\Python314\site-packages\sqlalchemy\orm\session.py", line 2113, in _connection_for_bind
    |     return trans._connection_for_bind(engine, execution_options)
    |            ~~~~~~~~~~~~~~~~~~~~~~~~~~^^^^^^^^^^^^^^^^^^^^^^^^^^^
    |   File "<string>", line 2, in _connection_for_bind
    |   File "C:\Users\Twazei_ceo\AppData\Roaming\Python\Python314\site-packages\sqlalchemy\orm\state_changes.py", line 137, in _go
    |     ret_value = fn(self, *arg, **kw)
    |   File "C:\Users\Twazei_ceo\AppData\Roaming\Python\Python314\site-packages\sqlalchemy\orm\session.py", line 1191, in _connection_for_bind
    |     conn = bind.connect()
    |   File "C:\Users\Twazei_ceo\AppData\Roaming\Python\Python314\site-packages\sqlalchemy\engine\base.py", line 3295, in connect
    |     return self._connection_cls(self)
    |            ~~~~~~~~~~~~~~~~~~~~^^^^^^
    |   File "C:\Users\Twazei_ceo\AppData\Roaming\Python\Python314\site-packages\sqlalchemy\engine\base.py", line 144, in __init__
    |     self._dbapi_connection = engine.raw_connection()
    |                              ~~~~~~~~~~~~~~~~~~~~~^^
    |   File "C:\Users\Twazei_ceo\AppData\Roaming\Python\Python314\site-packages\sqlalchemy\engine\base.py", line 3319, in raw_connection
    |     return self.pool.connect()
    |            ~~~~~~~~~~~~~~~~~^^
    |   File "C:\Users\Twazei_ceo\AppData\Roaming\Python\Python314\site-packages\sqlalchemy\pool\base.py", line 448, in connect
    |     return _ConnectionFairy._checkout(self)
    |            ~~~~~~~~~~~~~~~~~~~~~~~~~~^^^^^^
    |   File "C:\Users\Twazei_ceo\AppData\Roaming\Python\Python314\site-packages\sqlalchemy\pool\base.py", line 1272, in _checkout
    |     fairy = _ConnectionRecord.checkout(pool)
    |   File "C:\Users\Twazei_ceo\AppData\Roaming\Python\Python314\site-packages\sqlalchemy\pool\base.py", line 712, in checkout
    |     rec = pool._do_get()
    |   File "C:\Users\Twazei_ceo\AppData\Roaming\Python\Python314\site-packages\sqlalchemy\pool\impl.py", line 178, in _do_get
    |     with util.safe_reraise():
    |          ~~~~~~~~~~~~~~~~~^^
    |   File "C:\Users\Twazei_ceo\AppData\Roaming\Python\Python314\site-packages\sqlalchemy\util\langhelpers.py", line 122, in __exit__
    |     raise exc_value.with_traceback(exc_tb)
    |   File "C:\Users\Twazei_ceo\AppData\Roaming\Python\Python314\site-packages\sqlalchemy\pool\impl.py", line 176, in _do_get
    |     return self._create_connection()
    |            ~~~~~~~~~~~~~~~~~~~~~~~^^
    |   File "C:\Users\Twazei_ceo\AppData\Roaming\Python\Python314\site-packages\sqlalchemy\pool\base.py", line 389, in _create_connection
    |     return _ConnectionRecord(self)
    |   File "C:\Users\Twazei_ceo\AppData\Roaming\Python\Python314\site-packages\sqlalchemy\pool\base.py", line 674, in __init__
    |     self.__connect()
    |     ~~~~~~~~~~~~~~^^
    |   File "C:\Users\Twazei_ceo\AppData\Roaming\Python\Python314\site-packages\sqlalchemy\pool\base.py", line 900, in __connect
    |     with util.safe_reraise():
    |          ~~~~~~~~~~~~~~~~~^^
    |   File "C:\Users\Twazei_ceo\AppData\Roaming\Python\Python314\site-packages\sqlalchemy\util\langhelpers.py", line 122, in __exit__
    |     raise exc_value.with_traceback(exc_tb)
    |   File "C:\Users\Twazei_ceo\AppData\Roaming\Python\Python314\site-packages\sqlalchemy\pool\base.py", line 896, in __connect
    |     self.dbapi_connection = connection = pool._invoke_creator(self)
    |                                          ~~~~~~~~~~~~~~~~~~~~^^^^^^
    |   File "C:\Users\Twazei_ceo\AppData\Roaming\Python\Python314\site-packages\sqlalchemy\engine\create.py", line 667, in connect
    |     return dialect.connect(*cargs_tup, **cparams)
    |            ~~~~~~~~~~~~~~~^^^^^^^^^^^^^^^^^^^^^^^
    |   File "C:\Users\Twazei_ceo\AppData\Roaming\Python\Python314\site-packages\sqlalchemy\engine\default.py", line 630, in connect
    |     return self.loaded_dbapi.connect(*cargs, **cparams)  # type: ignore[no-any-return]  # NOQA: E501
    |            ~~~~~~~~~~~~~~~~~~~~~~~~~^^^^^^^^^^^^^^^^^^^
    |   File "C:\Users\Twazei_ceo\AppData\Roaming\Python\Python314\site-packages\sqlalchemy\dialects\postgresql\asyncpg.py", line 955, in connect
    |     await_only(creator_fn(*arg, **kw)),
    |     ~~~~~~~~~~^^^^^^^^^^^^^^^^^^^^^^^^
    |   File "C:\Users\Twazei_ceo\AppData\Roaming\Python\Python314\site-packages\sqlalchemy\util\_concurrency_py3k.py", line 132, in await_only
    |     return current.parent.switch(awaitable)  # type: ignore[no-any-return,attr-defined] # noqa: E501
    |            ~~~~~~~~~~~~~~~~~~~~~^^^^^^^^^^^
    |   File "C:\Users\Twazei_ceo\AppData\Roaming\Python\Python314\site-packages\sqlalchemy\util\_concurrency_py3k.py", line 196, in greenlet_spawn
    |     value = await result
    |             ^^^^^^^^^^^^
    |   File "C:\Users\Twazei_ceo\AppData\Roaming\Python\Python314\site-packages\asyncpg\connection.py", line 2443, in connect
    |     return await connect_utils._connect(
    |            ^^^^^^^^^^^^^^^^^^^^^^^^^^^^^
    |     ...<22 lines>...
    |     )
    |     ^
    |   File "C:\Users\Twazei_ceo\AppData\Roaming\Python\Python314\site-packages\asyncpg\connect_utils.py", line 1249, in _connect
    |     raise last_error or exceptions.TargetServerAttributeNotMatched(
    |     ...<2 lines>...
    |     )
    |   File "C:\Users\Twazei_ceo\AppData\Roaming\Python\Python314\site-packages\asyncpg\connect_utils.py", line 1218, in _connect
    |     conn = await _connect_addr(
    |            ^^^^^^^^^^^^^^^^^^^^
    |     ...<6 lines>...
    |     )
    |     ^
    |   File "C:\Users\Twazei_ceo\AppData\Roaming\Python\Python314\site-packages\asyncpg\connect_utils.py", line 1054, in _connect_addr
    |     return await __connect_addr(params, True, *args)
    |            ^^^^^^^^^^^^^^^^^^^^^^^^^^^^^^^^^^^^^^^^^
    |   File "C:\Users\Twazei_ceo\AppData\Roaming\Python\Python314\site-packages\asyncpg\connect_utils.py", line 1099, in __connect_addr
    |     tr, pr = await connector
    |              ^^^^^^^^^^^^^^^
    |   File "C:\Users\Twazei_ceo\AppData\Roaming\Python\Python314\site-packages\asyncpg\connect_utils.py", line 969, in _create_ssl_connection
    |     tr, pr = await loop.create_connection(
    |              ^^^^^^^^^^^^^^^^^^^^^^^^^^^^^
    |     ...<2 lines>...
    |         host, port)
    |         ^^^^^^^^^^^
    |   File "C:\Python314\Lib\asyncio\base_events.py", line 1173, in create_connection
    |     raise exceptions[0]
    |   File "C:\Python314\Lib\asyncio\base_events.py", line 1143, in create_connection
    |     sock = await self._connect_sock(
    |            ^^^^^^^^^^^^^^^^^^^^^^^^^
    |         exceptions, addrinfo, laddr_infos)
    |         ^^^^^^^^^^^^^^^^^^^^^^^^^^^^^^^^^^
    |   File "C:\Python314\Lib\asyncio\base_events.py", line 1042, in _connect_sock
    |     await self.sock_connect(sock, address)
    |   File "C:\Python314\Lib\asyncio\proactor_events.py", line 728, in sock_connect
    |     return await self._proactor.connect(sock, address)
    |            ^^^^^^^^^^^^^^^^^^^^^^^^^^^^^^^^^^^^^^^^^^^
    |   File "C:\Python314\Lib\asyncio\windows_events.py", line 804, in _poll
    |     value = callback(transferred, key, ov)
    |   File "C:\Python314\Lib\asyncio\windows_events.py", line 600, in finish_connect
    |     ov.getresult()
    |     ~~~~~~~~~~~~^^
    | ConnectionRefusedError: [WinError 1225] The remote computer refused the network connection
    +------------------------------------

During handling of the above exception, another exception occurred:

Traceback (most recent call last):
  File "C:\Python314\Lib\site-packages\uvicorn\protocols\http\httptools_impl.py", line 401, in run_asgi
    result = await app(  # type: ignore[func-returns-value]
             ^^^^^^^^^^^^^^^^^^^^^^^^^^^^^^^^^^^^^^^^^^^^^^
        self.scope, self.receive, self.send
        ^^^^^^^^^^^^^^^^^^^^^^^^^^^^^^^^^^^
    )
    ^
  File "C:\Python314\Lib\site-packages\uvicorn\middleware\proxy_headers.py", line 70, in __call__
    return await self.app(scope, receive, send)
           ^^^^^^^^^^^^^^^^^^^^^^^^^^^^^^^^^^^^
  File "C:\Python314\Lib\site-packages\fastapi\applications.py", line 1054, in __call__
    await super().__call__(scope, receive, send)
  File "C:\Users\Twazei_ceo\AppData\Roaming\Python\Python314\site-packages\starlette\applications.py", line 113, in __call__
    await self.middleware_stack(scope, receive, send)
  File "C:\Users\Twazei_ceo\AppData\Roaming\Python\Python314\site-packages\starlette\middleware\errors.py", line 187, in __call__
    raise exc
  File "C:\Users\Twazei_ceo\AppData\Roaming\Python\Python314\site-packages\starlette\middleware\errors.py", line 165, in __call__
    await self.app(scope, receive, _send)
  File "C:\Users\Twazei_ceo\AppData\Roaming\Python\Python314\site-packages\starlette\middleware\base.py", line 185, in __call__
    with collapse_excgroups():
         ~~~~~~~~~~~~~~~~~~^^
  File "C:\Python314\Lib\contextlib.py", line 162, in __exit__
    self.gen.throw(value)
    ~~~~~~~~~~~~~~^^^^^^^
  File "C:\Users\Twazei_ceo\AppData\Roaming\Python\Python314\site-packages\starlette\_utils.py", line 83, in collapse_excgroups
    raise exc
  File "C:\Users\Twazei_ceo\AppData\Roaming\Python\Python314\site-packages\starlette\middleware\base.py", line 187, in __call__
    response = await self.dispatch_func(request, call_next)
               ^^^^^^^^^^^^^^^^^^^^^^^^^^^^^^^^^^^^^^^^^^^^
  File "E:\Huffathul Hifaaz_asl\services\core-backend\app\main.py", line 102, in log_request_performance
    response = await call_next(request)
               ^^^^^^^^^^^^^^^^^^^^^^^^
  File "C:\Users\Twazei_ceo\AppData\Roaming\Python\Python314\site-packages\starlette\middleware\base.py", line 163, in call_next
    raise app_exc
  File "C:\Users\Twazei_ceo\AppData\Roaming\Python\Python314\site-packages\starlette\middleware\base.py", line 149, in coro
    await self.app(scope, receive_or_disconnect, send_no_error)
  File "C:\Users\Twazei_ceo\AppData\Roaming\Python\Python314\site-packages\starlette\middleware\cors.py", line 93, in __call__
    await self.simple_response(scope, receive, send, request_headers=headers)
  File "C:\Users\Twazei_ceo\AppData\Roaming\Python\Python314\site-packages\starlette\middleware\cors.py", line 144, in simple_response
    await self.app(scope, receive, send)
  File "C:\Users\Twazei_ceo\AppData\Roaming\Python\Python314\site-packages\starlette\middleware\exceptions.py", line 62, in __call__
    await wrap_app_handling_exceptions(self.app, conn)(scope, receive, send)
  File "C:\Users\Twazei_ceo\AppData\Roaming\Python\Python314\site-packages\starlette\_exception_handler.py", line 62, in wrapped_app
    raise exc
  File "C:\Users\Twazei_ceo\AppData\Roaming\Python\Python314\site-packages\starlette\_exception_handler.py", line 51, in wrapped_app
    await app(scope, receive, sender)
  File "C:\Users\Twazei_ceo\AppData\Roaming\Python\Python314\site-packages\starlette\routing.py", line 715, in __call__
    await self.middleware_stack(scope, receive, send)
  File "C:\Users\Twazei_ceo\AppData\Roaming\Python\Python314\site-packages\starlette\routing.py", line 735, in app
    await route.handle(scope, receive, send)
  File "C:\Users\Twazei_ceo\AppData\Roaming\Python\Python314\site-packages\starlette\routing.py", line 288, in handle
    await self.app(scope, receive, send)
  File "C:\Users\Twazei_ceo\AppData\Roaming\Python\Python314\site-packages\starlette\routing.py", line 76, in app
    await wrap_app_handling_exceptions(app, request)(scope, receive, send)
  File "C:\Users\Twazei_ceo\AppData\Roaming\Python\Python314\site-packages\starlette\_exception_handler.py", line 62, in wrapped_app
    raise exc
  File "C:\Users\Twazei_ceo\AppData\Roaming\Python\Python314\site-packages\starlette\_exception_handler.py", line 51, in wrapped_app
    await app(scope, receive, sender)
  File "C:\Users\Twazei_ceo\AppData\Roaming\Python\Python314\site-packages\starlette\routing.py", line 73, in app
    response = await f(request)
               ^^^^^^^^^^^^^^^^
  File "C:\Python314\Lib\site-packages\fastapi\routing.py", line 301, in app
    raw_response = await run_endpoint_function(
                   ^^^^^^^^^^^^^^^^^^^^^^^^^^^^
    ...<3 lines>...
    )
    ^
  File "C:\Python314\Lib\site-packages\fastapi\routing.py", line 212, in run_endpoint_function
    return await dependant.call(**values)
           ^^^^^^^^^^^^^^^^^^^^^^^^^^^^^^
  File "E:\Huffathul Hifaaz_asl\services\core-backend\app\routers\auth.py", line 106, in login
    user_query = await db.execute(select(User).where(User.email == target_email))
                 ^^^^^^^^^^^^^^^^^^^^^^^^^^^^^^^^^^^^^^^^^^^^^^^^^^^^^^^^^^^^^^^^
  File "C:\Users\Twazei_ceo\AppData\Roaming\Python\Python314\site-packages\sqlalchemy\ext\asyncio\session.py", line 448, in execute
    result = await greenlet_spawn(
             ^^^^^^^^^^^^^^^^^^^^^
    ...<6 lines>...
    )
    ^
  File "C:\Users\Twazei_ceo\AppData\Roaming\Python\Python314\site-packages\sqlalchemy\util\_concurrency_py3k.py", line 201, in greenlet_spawn
    result = context.throw(*sys.exc_info())
  File "C:\Users\Twazei_ceo\AppData\Roaming\Python\Python314\site-packages\sqlalchemy\orm\session.py", line 2373, in execute
    return self._execute_internal(
           ~~~~~~~~~~~~~~~~~~~~~~^
        statement,
        ^^^^^^^^^^
    ...<4 lines>...
        _add_event=_add_event,
        ^^^^^^^^^^^^^^^^^^^^^^
    )
    ^
  File "C:\Users\Twazei_ceo\AppData\Roaming\Python\Python314\site-packages\sqlalchemy\orm\session.py", line 2261, in _execute_internal
    conn = self._connection_for_bind(bind)
  File "C:\Users\Twazei_ceo\AppData\Roaming\Python\Python314\site-packages\sqlalchemy\orm\session.py", line 2113, in _connection_for_bind
    return trans._connection_for_bind(engine, execution_options)
           ~~~~~~~~~~~~~~~~~~~~~~~~~~^^^^^^^^^^^^^^^^^^^^^^^^^^^
  File "<string>", line 2, in _connection_for_bind
  File "C:\Users\Twazei_ceo\AppData\Roaming\Python\Python314\site-packages\sqlalchemy\orm\state_changes.py", line 137, in _go
    ret_value = fn(self, *arg, **kw)
  File "C:\Users\Twazei_ceo\AppData\Roaming\Python\Python314\site-packages\sqlalchemy\orm\session.py", line 1191, in _connection_for_bind
    conn = bind.connect()
  File "C:\Users\Twazei_ceo\AppData\Roaming\Python\Python314\site-packages\sqlalchemy\engine\base.py", line 3295, in connect
    return self._connection_cls(self)
           ~~~~~~~~~~~~~~~~~~~~^^^^^^
  File "C:\Users\Twazei_ceo\AppData\Roaming\Python\Python314\site-packages\sqlalchemy\engine\base.py", line 144, in __init__
    self._dbapi_connection = engine.raw_connection()
                             ~~~~~~~~~~~~~~~~~~~~~^^
  File "C:\Users\Twazei_ceo\AppData\Roaming\Python\Python314\site-packages\sqlalchemy\engine\base.py", line 3319, in raw_connection
    return self.pool.connect()
           ~~~~~~~~~~~~~~~~~^^
  File "C:\Users\Twazei_ceo\AppData\Roaming\Python\Python314\site-packages\sqlalchemy\pool\base.py", line 448, in connect
    return _ConnectionFairy._checkout(self)
           ~~~~~~~~~~~~~~~~~~~~~~~~~~^^^^^^
  File "C:\Users\Twazei_ceo\AppData\Roaming\Python\Python314\site-packages\sqlalchemy\pool\base.py", line 1272, in _checkout
    fairy = _ConnectionRecord.checkout(pool)
  File "C:\Users\Twazei_ceo\AppData\Roaming\Python\Python314\site-packages\sqlalchemy\pool\base.py", line 712, in checkout
    rec = pool._do_get()
  File "C:\Users\Twazei_ceo\AppData\Roaming\Python\Python314\site-packages\sqlalchemy\pool\impl.py", line 178, in _do_get
    with util.safe_reraise():
         ~~~~~~~~~~~~~~~~~^^
  File "C:\Users\Twazei_ceo\AppData\Roaming\Python\Python314\site-packages\sqlalchemy\util\langhelpers.py", line 122, in __exit__
    raise exc_value.with_traceback(exc_tb)
  File "C:\Users\Twazei_ceo\AppData\Roaming\Python\Python314\site-packages\sqlalchemy\pool\impl.py", line 176, in _do_get
    return self._create_connection()
           ~~~~~~~~~~~~~~~~~~~~~~~^^
  File "C:\Users\Twazei_ceo\AppData\Roaming\Python\Python314\site-packages\sqlalchemy\pool\base.py", line 389, in _create_connection
    return _ConnectionRecord(self)
  File "C:\Users\Twazei_ceo\AppData\Roaming\Python\Python314\site-packages\sqlalchemy\pool\base.py", line 674, in __init__
    self.__connect()
    ~~~~~~~~~~~~~~^^
  File "C:\Users\Twazei_ceo\AppData\Roaming\Python\Python314\site-packages\sqlalchemy\pool\base.py", line 900, in __connect
    with util.safe_reraise():
         ~~~~~~~~~~~~~~~~~^^
  File "C:\Users\Twazei_ceo\AppData\Roaming\Python\Python314\site-packages\sqlalchemy\util\langhelpers.py", line 122, in __exit__
    raise exc_value.with_traceback(exc_tb)
  File "C:\Users\Twazei_ceo\AppData\Roaming\Python\Python314\site-packages\sqlalchemy\pool\base.py", line 896, in __connect
    self.dbapi_connection = connection = pool._invoke_creator(self)
                                         ~~~~~~~~~~~~~~~~~~~~^^^^^^
  File "C:\Users\Twazei_ceo\AppData\Roaming\Python\Python314\site-packages\sqlalchemy\engine\create.py", line 667, in connect
    return dialect.connect(*cargs_tup, **cparams)
           ~~~~~~~~~~~~~~~^^^^^^^^^^^^^^^^^^^^^^^
  File "C:\Users\Twazei_ceo\AppData\Roaming\Python\Python314\site-packages\sqlalchemy\engine\default.py", line 630, in connect
    return self.loaded_dbapi.connect(*cargs, **cparams)  # type: ignore[no-any-return]  # NOQA: E501
           ~~~~~~~~~~~~~~~~~~~~~~~~~^^^^^^^^^^^^^^^^^^^
  File "C:\Users\Twazei_ceo\AppData\Roaming\Python\Python314\site-packages\sqlalchemy\dialects\postgresql\asyncpg.py", line 955, in connect
    await_only(creator_fn(*arg, **kw)),
    ~~~~~~~~~~^^^^^^^^^^^^^^^^^^^^^^^^
  File "C:\Users\Twazei_ceo\AppData\Roaming\Python\Python314\site-packages\sqlalchemy\util\_concurrency_py3k.py", line 132, in await_only
    return current.parent.switch(awaitable)  # type: ignore[no-any-return,attr-defined] # noqa: E501
           ~~~~~~~~~~~~~~~~~~~~~^^^^^^^^^^^
  File "C:\Users\Twazei_ceo\AppData\Roaming\Python\Python314\site-packages\sqlalchemy\util\_concurrency_py3k.py", line 196, in greenlet_spawn
    value = await result
            ^^^^^^^^^^^^
  File "C:\Users\Twazei_ceo\AppData\Roaming\Python\Python314\site-packages\asyncpg\connection.py", line 2443, in connect
    return await connect_utils._connect(
           ^^^^^^^^^^^^^^^^^^^^^^^^^^^^^
    ...<22 lines>...
    )
    ^
  File "C:\Users\Twazei_ceo\AppData\Roaming\Python\Python314\site-packages\asyncpg\connect_utils.py", line 1249, in _connect
    raise last_error or exceptions.TargetServerAttributeNotMatched(
    ...<2 lines>...
    )
  File "C:\Users\Twazei_ceo\AppData\Roaming\Python\Python314\site-packages\asyncpg\connect_utils.py", line 1218, in _connect
    conn = await _connect_addr(
           ^^^^^^^^^^^^^^^^^^^^
    ...<6 lines>...
    )
    ^
  File "C:\Users\Twazei_ceo\AppData\Roaming\Python\Python314\site-packages\asyncpg\connect_utils.py", line 1054, in _connect_addr
    return await __connect_addr(params, True, *args)
           ^^^^^^^^^^^^^^^^^^^^^^^^^^^^^^^^^^^^^^^^^
  File "C:\Users\Twazei_ceo\AppData\Roaming\Python\Python314\site-packages\asyncpg\connect_utils.py", line 1099, in __connect_addr
    tr, pr = await connector
             ^^^^^^^^^^^^^^^
  File "C:\Users\Twazei_ceo\AppData\Roaming\Python\Python314\site-packages\asyncpg\connect_utils.py", line 969, in _create_ssl_connection
    tr, pr = await loop.create_connection(
             ^^^^^^^^^^^^^^^^^^^^^^^^^^^^^
    ...<2 lines>...
        host, port)
        ^^^^^^^^^^^
  File "C:\Python314\Lib\asyncio\base_events.py", line 1173, in create_connection
    raise exceptions[0]
  File "C:\Python314\Lib\asyncio\base_events.py", line 1143, in create_connection
    sock = await self._connect_sock(
           ^^^^^^^^^^^^^^^^^^^^^^^^^
        exceptions, addrinfo, laddr_infos)
        ^^^^^^^^^^^^^^^^^^^^^^^^^^^^^^^^^^
  File "C:\Python314\Lib\asyncio\base_events.py", line 1042, in _connect_sock
    await self.sock_connect(sock, address)
  File "C:\Python314\Lib\asyncio\proactor_events.py", line 728, in sock_connect
    return await self._proactor.connect(sock, address)
           ^^^^^^^^^^^^^^^^^^^^^^^^^^^^^^^^^^^^^^^^^^^
  File "C:\Python314\Lib\asyncio\windows_events.py", line 804, in _poll
    value = callback(transferred, key, ov)
  File "C:\Python314\Lib\asyncio\windows_events.py", line 600, in finish_connect
    ov.getresult()
    ~~~~~~~~~~~~^^
ConnectionRefusedError: [WinError 1225] The remote computer refused the network connection
2026-08-24 15:43:27,310 [INFO] app.main: HTTP GET /healthz - Status: 200 - Duration: 0.001s
INFO:     127.0.0.1:61668 - "GET /healthz HTTP/1.1" 200 OK
2026-08-24 15:43:33,110 [ERROR] app.main: \U0001f6a8 RUNTIME UNHANDLED EXCEPTION: [WinError 1225] The remote computer refused the network connection
  + Exception Group Traceback (most recent call last):
  |   File "C:\Users\Twazei_ceo\AppData\Roaming\Python\Python314\site-packages\starlette\_utils.py", line 77, in collapse_excgroups
  |     yield
  |   File "C:\Users\Twazei_ceo\AppData\Roaming\Python\Python314\site-packages\starlette\middleware\base.py", line 186, in __call__
  |     async with anyio.create_task_group() as task_group:
  |                ~~~~~~~~~~~~~~~~~~~~~~~^^
  |   File "C:\Python314\Lib\site-packages\anyio\_backends\_asyncio.py", line 815, in __aexit__
  |     raise BaseExceptionGroup(
  |         "unhandled errors in a TaskGroup", self._exceptions
  |     ) from None
  | ExceptionGroup: unhandled errors in a TaskGroup (1 sub-exception)
  +-+---------------- 1 ----------------
    | Traceback (most recent call last):
    |   File "C:\Users\Twazei_ceo\AppData\Roaming\Python\Python314\site-packages\starlette\middleware\errors.py", line 165, in __call__
    |     await self.app(scope, receive, _send)
    |   File "C:\Users\Twazei_ceo\AppData\Roaming\Python\Python314\site-packages\starlette\middleware\base.py", line 185, in __call__
    |     with collapse_excgroups():
    |          ~~~~~~~~~~~~~~~~~~^^
    |   File "C:\Python314\Lib\contextlib.py", line 162, in __exit__
    |     self.gen.throw(value)
    |     ~~~~~~~~~~~~~~^^^^^^^
    |   File "C:\Users\Twazei_ceo\AppData\Roaming\Python\Python314\site-packages\starlette\_utils.py", line 83, in collapse_excgroups
    |     raise exc
    |   File "C:\Users\Twazei_ceo\AppData\Roaming\Python\Python314\site-packages\starlette\middleware\base.py", line 187, in __call__
    |     response = await self.dispatch_func(request, call_next)
    |                ^^^^^^^^^^^^^^^^^^^^^^^^^^^^^^^^^^^^^^^^^^^^
    |   File "E:\Huffathul Hifaaz_asl\services\core-backend\app\main.py", line 102, in log_request_performance
    |     response = await call_next(request)
    |                ^^^^^^^^^^^^^^^^^^^^^^^^
    |   File "C:\Users\Twazei_ceo\AppData\Roaming\Python\Python314\site-packages\starlette\middleware\base.py", line 163, in call_next
    |     raise app_exc
    |   File "C:\Users\Twazei_ceo\AppData\Roaming\Python\Python314\site-packages\starlette\middleware\base.py", line 149, in coro
    |     await self.app(scope, receive_or_disconnect, send_no_error)
    |   File "C:\Users\Twazei_ceo\AppData\Roaming\Python\Python314\site-packages\starlette\middleware\cors.py", line 93, in __call__
    |     await self.simple_response(scope, receive, send, request_headers=headers)
    |   File "C:\Users\Twazei_ceo\AppData\Roaming\Python\Python314\site-packages\starlette\middleware\cors.py", line 144, in simple_response
    |     await self.app(scope, receive, send)
    |   File "C:\Users\Twazei_ceo\AppData\Roaming\Python\Python314\site-packages\starlette\middleware\exceptions.py", line 62, in __call__
    |     await wrap_app_handling_exceptions(self.app, conn)(scope, receive, send)
    |   File "C:\Users\Twazei_ceo\AppData\Roaming\Python\Python314\site-packages\starlette\_exception_handler.py", line 62, in wrapped_app
    |     raise exc
    |   File "C:\Users\Twazei_ceo\AppData\Roaming\Python\Python314\site-packages\starlette\_exception_handler.py", line 51, in wrapped_app
    |     await app(scope, receive, sender)
    |   File "C:\Users\Twazei_ceo\AppData\Roaming\Python\Python314\site-packages\starlette\routing.py", line 715, in __call__
    |     await self.middleware_stack(scope, receive, send)
    |   File "C:\Users\Twazei_ceo\AppData\Roaming\Python\Python314\site-packages\starlette\routing.py", line 735, in app
    |     await route.handle(scope, receive, send)
    |   File "C:\Users\Twazei_ceo\AppData\Roaming\Python\Python314\site-packages\starlette\routing.py", line 288, in handle
    |     await self.app(scope, receive, send)
    |   File "C:\Users\Twazei_ceo\AppData\Roaming\Python\Python314\site-packages\starlette\routing.py", line 76, in app
    |     await wrap_app_handling_exceptions(app, request)(scope, receive, send)
    |   File "C:\Users\Twazei_ceo\AppData\Roaming\Python\Python314\site-packages\starlette\_exception_handler.py", line 62, in wrapped_app
    |     raise exc
    |   File "C:\Users\Twazei_ceo\AppData\Roaming\Python\Python314\site-packages\starlette\_exception_handler.py", line 51, in wrapped_app
    |     await app(scope, receive, sender)
    |   File "C:\Users\Twazei_ceo\AppData\Roaming\Python\Python314\site-packages\starlette\routing.py", line 73, in app
    |     response = await f(request)
    |                ^^^^^^^^^^^^^^^^
    |   File "C:\Python314\Lib\site-packages\fastapi\routing.py", line 301, in app
    |     raw_response = await run_endpoint_function(
    |                    ^^^^^^^^^^^^^^^^^^^^^^^^^^^^
    |     ...<3 lines>...
    |     )
    |     ^
    |   File "C:\Python314\Lib\site-packages\fastapi\routing.py", line 212, in run_endpoint_function
    |     return await dependant.call(**values)
    |            ^^^^^^^^^^^^^^^^^^^^^^^^^^^^^^
    |   File "E:\Huffathul Hifaaz_asl\services\core-backend\app\routers\auth.py", line 106, in login
    |     user_query = await db.execute(select(User).where(User.email == target_email))
    |                  ^^^^^^^^^^^^^^^^^^^^^^^^^^^^^^^^^^^^^^^^^^^^^^^^^^^^^^^^^^^^^^^^
    |   File "C:\Users\Twazei_ceo\AppData\Roaming\Python\Python314\site-packages\sqlalchemy\ext\asyncio\session.py", line 448, in execute
    |     result = await greenlet_spawn(
    |              ^^^^^^^^^^^^^^^^^^^^^
    |     ...<6 lines>...
    |     )
    |     ^
    |   File "C:\Users\Twazei_ceo\AppData\Roaming\Python\Python314\site-packages\sqlalchemy\util\_concurrency_py3k.py", line 201, in greenlet_spawn
    |     result = context.throw(*sys.exc_info())
    |   File "C:\Users\Twazei_ceo\AppData\Roaming\Python\Python314\site-packages\sqlalchemy\orm\session.py", line 2373, in execute
    |     return self._execute_internal(
    |            ~~~~~~~~~~~~~~~~~~~~~~^
    |         statement,
    |         ^^^^^^^^^^
    |     ...<4 lines>...
    |         _add_event=_add_event,
    |         ^^^^^^^^^^^^^^^^^^^^^^
    |     )
    |     ^
    |   File "C:\Users\Twazei_ceo\AppData\Roaming\Python\Python314\site-packages\sqlalchemy\orm\session.py", line 2261, in _execute_internal
    |     conn = self._connection_for_bind(bind)
    |   File "C:\Users\Twazei_ceo\AppData\Roaming\Python\Python314\site-packages\sqlalchemy\orm\session.py", line 2113, in _connection_for_bind
    |     return trans._connection_for_bind(engine, execution_options)
    |            ~~~~~~~~~~~~~~~~~~~~~~~~~~^^^^^^^^^^^^^^^^^^^^^^^^^^^
    |   File "<string>", line 2, in _connection_for_bind
    |   File "C:\Users\Twazei_ceo\AppData\Roaming\Python\Python314\site-packages\sqlalchemy\orm\state_changes.py", line 137, in _go
    |     ret_value = fn(self, *arg, **kw)
    |   File "C:\Users\Twazei_ceo\AppData\Roaming\Python\Python314\site-packages\sqlalchemy\orm\session.py", line 1191, in _connection_for_bind
    |     conn = bind.connect()
    |   File "C:\Users\Twazei_ceo\AppData\Roaming\Python\Python314\site-packages\sqlalchemy\engine\base.py", line 3295, in connect
    |     return self._connection_cls(self)
    |            ~~~~~~~~~~~~~~~~~~~~^^^^^^
    |   File "C:\Users\Twazei_ceo\AppData\Roaming\Python\Python314\site-packages\sqlalchemy\engine\base.py", line 144, in __init__
    |     self._dbapi_connection = engine.raw_connection()
    |                              ~~~~~~~~~~~~~~~~~~~~~^^
    |   File "C:\Users\Twazei_ceo\AppData\Roaming\Python\Python314\site-packages\sqlalchemy\engine\base.py", line 3319, in raw_connection
    |     return self.pool.connect()
    |            ~~~~~~~~~~~~~~~~~^^
    |   File "C:\Users\Twazei_ceo\AppData\Roaming\Python\Python314\site-packages\sqlalchemy\pool\base.py", line 448, in connect
    |     return _ConnectionFairy._checkout(self)
    |            ~~~~~~~~~~~~~~~~~~~~~~~~~~^^^^^^
    |   File "C:\Users\Twazei_ceo\AppData\Roaming\Python\Python314\site-packages\sqlalchemy\pool\base.py", line 1272, in _checkout
    |     fairy = _ConnectionRecord.checkout(pool)
    |   File "C:\Users\Twazei_ceo\AppData\Roaming\Python\Python314\site-packages\sqlalchemy\pool\base.py", line 712, in checkout
    |     rec = pool._do_get()
    |   File "C:\Users\Twazei_ceo\AppData\Roaming\Python\Python314\site-packages\sqlalchemy\pool\impl.py", line 178, in _do_get
    |     with util.safe_reraise():
    |          ~~~~~~~~~~~~~~~~~^^
    |   File "C:\Users\Twazei_ceo\AppData\Roaming\Python\Python314\site-packages\sqlalchemy\util\langhelpers.py", line 122, in __exit__
    |     raise exc_value.with_traceback(exc_tb)
    |   File "C:\Users\Twazei_ceo\AppData\Roaming\Python\Python314\site-packages\sqlalchemy\pool\impl.py", line 176, in _do_get
    |     return self._create_connection()
    |            ~~~~~~~~~~~~~~~~~~~~~~~^^
    |   File "C:\Users\Twazei_ceo\AppData\Roaming\Python\Python314\site-packages\sqlalchemy\pool\base.py", line 389, in _create_connection
    |     return _ConnectionRecord(self)
    |   File "C:\Users\Twazei_ceo\AppData\Roaming\Python\Python314\site-packages\sqlalchemy\pool\base.py", line 674, in __init__
    |     self.__connect()
    |     ~~~~~~~~~~~~~~^^
    |   File "C:\Users\Twazei_ceo\AppData\Roaming\Python\Python314\site-packages\sqlalchemy\pool\base.py", line 900, in __connect
    |     with util.safe_reraise():
    |          ~~~~~~~~~~~~~~~~~^^
    |   File "C:\Users\Twazei_ceo\AppData\Roaming\Python\Python314\site-packages\sqlalchemy\util\langhelpers.py", line 122, in __exit__
    |     raise exc_value.with_traceback(exc_tb)
    |   File "C:\Users\Twazei_ceo\AppData\Roaming\Python\Python314\site-packages\sqlalchemy\pool\base.py", line 896, in __connect
    |     self.dbapi_connection = connection = pool._invoke_creator(self)
    |                                          ~~~~~~~~~~~~~~~~~~~~^^^^^^
    |   File "C:\Users\Twazei_ceo\AppData\Roaming\Python\Python314\site-packages\sqlalchemy\engine\create.py", line 667, in connect
    |     return dialect.connect(*cargs_tup, **cparams)
    |            ~~~~~~~~~~~~~~~^^^^^^^^^^^^^^^^^^^^^^^
    |   File "C:\Users\Twazei_ceo\AppData\Roaming\Python\Python314\site-packages\sqlalchemy\engine\default.py", line 630, in connect
    |     return self.loaded_dbapi.connect(*cargs, **cparams)  # type: ignore[no-any-return]  # NOQA: E501
    |            ~~~~~~~~~~~~~~~~~~~~~~~~~^^^^^^^^^^^^^^^^^^^
    |   File "C:\Users\Twazei_ceo\AppData\Roaming\Python\Python314\site-packages\sqlalchemy\dialects\postgresql\asyncpg.py", line 955, in connect
    |     await_only(creator_fn(*arg, **kw)),
    |     ~~~~~~~~~~^^^^^^^^^^^^^^^^^^^^^^^^
    |   File "C:\Users\Twazei_ceo\AppData\Roaming\Python\Python314\site-packages\sqlalchemy\util\_concurrency_py3k.py", line 132, in await_only
    |     return current.parent.switch(awaitable)  # type: ignore[no-any-return,attr-defined] # noqa: E501
    |            ~~~~~~~~~~~~~~~~~~~~~^^^^^^^^^^^
    |   File "C:\Users\Twazei_ceo\AppData\Roaming\Python\Python314\site-packages\sqlalchemy\util\_concurrency_py3k.py", line 196, in greenlet_spawn
    |     value = await result
    |             ^^^^^^^^^^^^
    |   File "C:\Users\Twazei_ceo\AppData\Roaming\Python\Python314\site-packages\asyncpg\connection.py", line 2443, in connect
    |     return await connect_utils._connect(
    |            ^^^^^^^^^^^^^^^^^^^^^^^^^^^^^
    |     ...<22 lines>...
    |     )
    |     ^
    |   File "C:\Users\Twazei_ceo\AppData\Roaming\Python\Python314\site-packages\asyncpg\connect_utils.py", line 1249, in _connect
    |     raise last_error or exceptions.TargetServerAttributeNotMatched(
    |     ...<2 lines>...
    |     )
    |   File "C:\Users\Twazei_ceo\AppData\Roaming\Python\Python314\site-packages\asyncpg\connect_utils.py", line 1218, in _connect
    |     conn = await _connect_addr(
    |            ^^^^^^^^^^^^^^^^^^^^
    |     ...<6 lines>...
    |     )
    |     ^
    |   File "C:\Users\Twazei_ceo\AppData\Roaming\Python\Python314\site-packages\asyncpg\connect_utils.py", line 1054, in _connect_addr
    |     return await __connect_addr(params, True, *args)
    |            ^^^^^^^^^^^^^^^^^^^^^^^^^^^^^^^^^^^^^^^^^
    |   File "C:\Users\Twazei_ceo\AppData\Roaming\Python\Python314\site-packages\asyncpg\connect_utils.py", line 1099, in __connect_addr
    |     tr, pr = await connector
    |              ^^^^^^^^^^^^^^^
    |   File "C:\Users\Twazei_ceo\AppData\Roaming\Python\Python314\site-packages\asyncpg\connect_utils.py", line 969, in _create_ssl_connection
    |     tr, pr = await loop.create_connection(
    |              ^^^^^^^^^^^^^^^^^^^^^^^^^^^^^
    |     ...<2 lines>...
    |         host, port)
    |         ^^^^^^^^^^^
    |   File "C:\Python314\Lib\asyncio\base_events.py", line 1173, in create_connection
    |     raise exceptions[0]
    |   File "C:\Python314\Lib\asyncio\base_events.py", line 1143, in create_connection
    |     sock = await self._connect_sock(
    |            ^^^^^^^^^^^^^^^^^^^^^^^^^
    |         exceptions, addrinfo, laddr_infos)
    |         ^^^^^^^^^^^^^^^^^^^^^^^^^^^^^^^^^^
    |   File "C:\Python314\Lib\asyncio\base_events.py", line 1042, in _connect_sock
    |     await self.sock_connect(sock, address)
    |   File "C:\Python314\Lib\asyncio\proactor_events.py", line 728, in sock_connect
    |     return await self._proactor.connect(sock, address)
    |            ^^^^^^^^^^^^^^^^^^^^^^^^^^^^^^^^^^^^^^^^^^^
    |   File "C:\Python314\Lib\asyncio\windows_events.py", line 804, in _poll
    |     value = callback(transferred, key, ov)
    |   File "C:\Python314\Lib\asyncio\windows_events.py", line 600, in finish_connect
    |     ov.getresult()
    |     ~~~~~~~~~~~~^^
    | ConnectionRefusedError: [WinError 1225] The remote computer refused the network connection
    +------------------------------------

During handling of the above exception, another exception occurred:

Traceback (most recent call last):
  File "C:\Users\Twazei_ceo\AppData\Roaming\Python\Python314\site-packages\starlette\middleware\errors.py", line 165, in __call__
    await self.app(scope, receive, _send)
  File "C:\Users\Twazei_ceo\AppData\Roaming\Python\Python314\site-packages\starlette\middleware\base.py", line 185, in __call__
    with collapse_excgroups():
         ~~~~~~~~~~~~~~~~~~^^
  File "C:\Python314\Lib\contextlib.py", line 162, in __exit__
    self.gen.throw(value)
    ~~~~~~~~~~~~~~^^^^^^^
  File "C:\Users\Twazei_ceo\AppData\Roaming\Python\Python314\site-packages\starlette\_utils.py", line 83, in collapse_excgroups
    raise exc
  File "C:\Users\Twazei_ceo\AppData\Roaming\Python\Python314\site-packages\starlette\middleware\base.py", line 187, in __call__
    response = await self.dispatch_func(request, call_next)
               ^^^^^^^^^^^^^^^^^^^^^^^^^^^^^^^^^^^^^^^^^^^^
  File "E:\Huffathul Hifaaz_asl\services\core-backend\app\main.py", line 102, in log_request_performance
    response = await call_next(request)
               ^^^^^^^^^^^^^^^^^^^^^^^^
  File "C:\Users\Twazei_ceo\AppData\Roaming\Python\Python314\site-packages\starlette\middleware\base.py", line 163, in call_next
    raise app_exc
  File "C:\Users\Twazei_ceo\AppData\Roaming\Python\Python314\site-packages\starlette\middleware\base.py", line 149, in coro
    await self.app(scope, receive_or_disconnect, send_no_error)
  File "C:\Users\Twazei_ceo\AppData\Roaming\Python\Python314\site-packages\starlette\middleware\cors.py", line 93, in __call__
    await self.simple_response(scope, receive, send, request_headers=headers)
  File "C:\Users\Twazei_ceo\AppData\Roaming\Python\Python314\site-packages\starlette\middleware\cors.py", line 144, in simple_response
    await self.app(scope, receive, send)
  File "C:\Users\Twazei_ceo\AppData\Roaming\Python\Python314\site-packages\starlette\middleware\exceptions.py", line 62, in __call__
    await wrap_app_handling_exceptions(self.app, conn)(scope, receive, send)
  File "C:\Users\Twazei_ceo\AppData\Roaming\Python\Python314\site-packages\starlette\_exception_handler.py", line 62, in wrapped_app
    raise exc
  File "C:\Users\Twazei_ceo\AppData\Roaming\Python\Python314\site-packages\starlette\_exception_handler.py", line 51, in wrapped_app
    await app(scope, receive, sender)
  File "C:\Users\Twazei_ceo\AppData\Roaming\Python\Python314\site-packages\starlette\routing.py", line 715, in __call__
    await self.middleware_stack(scope, receive, send)
  File "C:\Users\Twazei_ceo\AppData\Roaming\Python\Python314\site-packages\starlette\routing.py", line 735, in app
    await route.handle(scope, receive, send)
  File "C:\Users\Twazei_ceo\AppData\Roaming\Python\Python314\site-packages\starlette\routing.py", line 288, in handle
    await self.app(scope, receive, send)
  File "C:\Users\Twazei_ceo\AppData\Roaming\Python\Python314\site-packages\starlette\routing.py", line 76, in app
    await wrap_app_handling_exceptions(app, request)(scope, receive, send)
  File "C:\Users\Twazei_ceo\AppData\Roaming\Python\Python314\site-packages\starlette\_exception_handler.py", line 62, in wrapped_app
    raise exc
  File "C:\Users\Twazei_ceo\AppData\Roaming\Python\Python314\site-packages\starlette\_exception_handler.py", line 51, in wrapped_app
    await app(scope, receive, sender)
  File "C:\Users\Twazei_ceo\AppData\Roaming\Python\Python314\site-packages\starlette\routing.py", line 73, in app
    response = await f(request)
               ^^^^^^^^^^^^^^^^
  File "C:\Python314\Lib\site-packages\fastapi\routing.py", line 301, in app
    raw_response = await run_endpoint_function(
                   ^^^^^^^^^^^^^^^^^^^^^^^^^^^^
    ...<3 lines>...
    )
    ^
  File "C:\Python314\Lib\site-packages\fastapi\routing.py", line 212, in run_endpoint_function
    return await dependant.call(**values)
           ^^^^^^^^^^^^^^^^^^^^^^^^^^^^^^
  File "E:\Huffathul Hifaaz_asl\services\core-backend\app\routers\auth.py", line 106, in login
    user_query = await db.execute(select(User).where(User.email == target_email))
                 ^^^^^^^^^^^^^^^^^^^^^^^^^^^^^^^^^^^^^^^^^^^^^^^^^^^^^^^^^^^^^^^^
  File "C:\Users\Twazei_ceo\AppData\Roaming\Python\Python314\site-packages\sqlalchemy\ext\asyncio\session.py", line 448, in execute
    result = await greenlet_spawn(
             ^^^^^^^^^^^^^^^^^^^^^
    ...<6 lines>...
    )
    ^
  File "C:\Users\Twazei_ceo\AppData\Roaming\Python\Python314\site-packages\sqlalchemy\util\_concurrency_py3k.py", line 201, in greenlet_spawn
    result = context.throw(*sys.exc_info())
  File "C:\Users\Twazei_ceo\AppData\Roaming\Python\Python314\site-packages\sqlalchemy\orm\session.py", line 2373, in execute
    return self._execute_internal(
           ~~~~~~~~~~~~~~~~~~~~~~^
        statement,
        ^^^^^^^^^^
    ...<4 lines>...
        _add_event=_add_event,
        ^^^^^^^^^^^^^^^^^^^^^^
    )
    ^
  File "C:\Users\Twazei_ceo\AppData\Roaming\Python\Python314\site-packages\sqlalchemy\orm\session.py", line 2261, in _execute_internal
    conn = self._connection_for_bind(bind)
  File "C:\Users\Twazei_ceo\AppData\Roaming\Python\Python314\site-packages\sqlalchemy\orm\session.py", line 2113, in _connection_for_bind
    return trans._connection_for_bind(engine, execution_options)
           ~~~~~~~~~~~~~~~~~~~~~~~~~~^^^^^^^^^^^^^^^^^^^^^^^^^^^
  File "<string>", line 2, in _connection_for_bind
  File "C:\Users\Twazei_ceo\AppData\Roaming\Python\Python314\site-packages\sqlalchemy\orm\state_changes.py", line 137, in _go
    ret_value = fn(self, *arg, **kw)
  File "C:\Users\Twazei_ceo\AppData\Roaming\Python\Python314\site-packages\sqlalchemy\orm\session.py", line 1191, in _connection_for_bind
    conn = bind.connect()
  File "C:\Users\Twazei_ceo\AppData\Roaming\Python\Python314\site-packages\sqlalchemy\engine\base.py", line 3295, in connect
    return self._connection_cls(self)
           ~~~~~~~~~~~~~~~~~~~~^^^^^^
  File "C:\Users\Twazei_ceo\AppData\Roaming\Python\Python314\site-packages\sqlalchemy\engine\base.py", line 144, in __init__
    self._dbapi_connection = engine.raw_connection()
                             ~~~~~~~~~~~~~~~~~~~~~^^
  File "C:\Users\Twazei_ceo\AppData\Roaming\Python\Python314\site-packages\sqlalchemy\engine\base.py", line 3319, in raw_connection
    return self.pool.connect()
           ~~~~~~~~~~~~~~~~~^^
  File "C:\Users\Twazei_ceo\AppData\Roaming\Python\Python314\site-packages\sqlalchemy\pool\base.py", line 448, in connect
    return _ConnectionFairy._checkout(self)
           ~~~~~~~~~~~~~~~~~~~~~~~~~~^^^^^^
  File "C:\Users\Twazei_ceo\AppData\Roaming\Python\Python314\site-packages\sqlalchemy\pool\base.py", line 1272, in _checkout
    fairy = _ConnectionRecord.checkout(pool)
  File "C:\Users\Twazei_ceo\AppData\Roaming\Python\Python314\site-packages\sqlalchemy\pool\base.py", line 712, in checkout
    rec = pool._do_get()
  File "C:\Users\Twazei_ceo\AppData\Roaming\Python\Python314\site-packages\sqlalchemy\pool\impl.py", line 178, in _do_get
    with util.safe_reraise():
         ~~~~~~~~~~~~~~~~~^^
  File "C:\Users\Twazei_ceo\AppData\Roaming\Python\Python314\site-packages\sqlalchemy\util\langhelpers.py", line 122, in __exit__
    raise exc_value.with_traceback(exc_tb)
  File "C:\Users\Twazei_ceo\AppData\Roaming\Python\Python314\site-packages\sqlalchemy\pool\impl.py", line 176, in _do_get
    return self._create_connection()
           ~~~~~~~~~~~~~~~~~~~~~~~^^
  File "C:\Users\Twazei_ceo\AppData\Roaming\Python\Python314\site-packages\sqlalchemy\pool\base.py", line 389, in _create_connection
    return _ConnectionRecord(self)
  File "C:\Users\Twazei_ceo\AppData\Roaming\Python\Python314\site-packages\sqlalchemy\pool\base.py", line 674, in __init__
    self.__connect()
    ~~~~~~~~~~~~~~^^
  File "C:\Users\Twazei_ceo\AppData\Roaming\Python\Python314\site-packages\sqlalchemy\pool\base.py", line 900, in __connect
    with util.safe_reraise():
         ~~~~~~~~~~~~~~~~~^^
  File "C:\Users\Twazei_ceo\AppData\Roaming\Python\Python314\site-packages\sqlalchemy\util\langhelpers.py", line 122, in __exit__
    raise exc_value.with_traceback(exc_tb)
  File "C:\Users\Twazei_ceo\AppData\Roaming\Python\Python314\site-packages\sqlalchemy\pool\base.py", line 896, in __connect
    self.dbapi_connection = connection = pool._invoke_creator(self)
                                         ~~~~~~~~~~~~~~~~~~~~^^^^^^
  File "C:\Users\Twazei_ceo\AppData\Roaming\Python\Python314\site-packages\sqlalchemy\engine\create.py", line 667, in connect
    return dialect.connect(*cargs_tup, **cparams)
           ~~~~~~~~~~~~~~~^^^^^^^^^^^^^^^^^^^^^^^
  File "C:\Users\Twazei_ceo\AppData\Roaming\Python\Python314\site-packages\sqlalchemy\engine\default.py", line 630, in connect
    return self.loaded_dbapi.connect(*cargs, **cparams)  # type: ignore[no-any-return]  # NOQA: E501
           ~~~~~~~~~~~~~~~~~~~~~~~~~^^^^^^^^^^^^^^^^^^^
  File "C:\Users\Twazei_ceo\AppData\Roaming\Python\Python314\site-packages\sqlalchemy\dialects\postgresql\asyncpg.py", line 955, in connect
    await_only(creator_fn(*arg, **kw)),
    ~~~~~~~~~~^^^^^^^^^^^^^^^^^^^^^^^^
  File "C:\Users\Twazei_ceo\AppData\Roaming\Python\Python314\site-packages\sqlalchemy\util\_concurrency_py3k.py", line 132, in await_only
    return current.parent.switch(awaitable)  # type: ignore[no-any-return,attr-defined] # noqa: E501
           ~~~~~~~~~~~~~~~~~~~~~^^^^^^^^^^^
  File "C:\Users\Twazei_ceo\AppData\Roaming\Python\Python314\site-packages\sqlalchemy\util\_concurrency_py3k.py", line 196, in greenlet_spawn
    value = await result
            ^^^^^^^^^^^^
  File "C:\Users\Twazei_ceo\AppData\Roaming\Python\Python314\site-packages\asyncpg\connection.py", line 2443, in connect
    return await connect_utils._connect(
           ^^^^^^^^^^^^^^^^^^^^^^^^^^^^^
    ...<22 lines>...
    )
    ^
  File "C:\Users\Twazei_ceo\AppData\Roaming\Python\Python314\site-packages\asyncpg\connect_utils.py", line 1249, in _connect
    raise last_error or exceptions.TargetServerAttributeNotMatched(
    ...<2 lines>...
    )
  File "C:\Users\Twazei_ceo\AppData\Roaming\Python\Python314\site-packages\asyncpg\connect_utils.py", line 1218, in _connect
    conn = await _connect_addr(
           ^^^^^^^^^^^^^^^^^^^^
    ...<6 lines>...
    )
    ^
  File "C:\Users\Twazei_ceo\AppData\Roaming\Python\Python314\site-packages\asyncpg\connect_utils.py", line 1054, in _connect_addr
    return await __connect_addr(params, True, *args)
           ^^^^^^^^^^^^^^^^^^^^^^^^^^^^^^^^^^^^^^^^^
  File "C:\Users\Twazei_ceo\AppData\Roaming\Python\Python314\site-packages\asyncpg\connect_utils.py", line 1099, in __connect_addr
    tr, pr = await connector
             ^^^^^^^^^^^^^^^
  File "C:\Users\Twazei_ceo\AppData\Roaming\Python\Python314\site-packages\asyncpg\connect_utils.py", line 969, in _create_ssl_connection
    tr, pr = await loop.create_connection(
             ^^^^^^^^^^^^^^^^^^^^^^^^^^^^^
    ...<2 lines>...
        host, port)
        ^^^^^^^^^^^
  File "C:\Python314\Lib\asyncio\base_events.py", line 1173, in create_connection
    raise exceptions[0]
  File "C:\Python314\Lib\asyncio\base_events.py", line 1143, in create_connection
    sock = await self._connect_sock(
           ^^^^^^^^^^^^^^^^^^^^^^^^^
        exceptions, addrinfo, laddr_infos)
        ^^^^^^^^^^^^^^^^^^^^^^^^^^^^^^^^^^
  File "C:\Python314\Lib\asyncio\base_events.py", line 1042, in _connect_sock
    await self.sock_connect(sock, address)
  File "C:\Python314\Lib\asyncio\proactor_events.py", line 728, in sock_connect
    return await self._proactor.connect(sock, address)
           ^^^^^^^^^^^^^^^^^^^^^^^^^^^^^^^^^^^^^^^^^^^
  File "C:\Python314\Lib\asyncio\windows_events.py", line 804, in _poll
    value = callback(transferred, key, ov)
  File "C:\Python314\Lib\asyncio\windows_events.py", line 600, in finish_connect
    ov.getresult()
    ~~~~~~~~~~~~^^
ConnectionRefusedError: [WinError 1225] The remote computer refused the network connection
ERROR:    Exception in ASGI application
  + Exception Group Traceback (most recent call last):
  |   File "C:\Users\Twazei_ceo\AppData\Roaming\Python\Python314\site-packages\starlette\_utils.py", line 77, in collapse_excgroups
  |     yield
  |   File "C:\Users\Twazei_ceo\AppData\Roaming\Python\Python314\site-packages\starlette\middleware\base.py", line 186, in __call__
  |     async with anyio.create_task_group() as task_group:
  |                ~~~~~~~~~~~~~~~~~~~~~~~^^
  |   File "C:\Python314\Lib\site-packages\anyio\_backends\_asyncio.py", line 815, in __aexit__
  |     raise BaseExceptionGroup(
  |         "unhandled errors in a TaskGroup", self._exceptions
  |     ) from None
  | ExceptionGroup: unhandled errors in a TaskGroup (1 sub-exception)
  +-+---------------- 1 ----------------
    | Traceback (most recent call last):
    |   File "C:\Python314\Lib\site-packages\uvicorn\protocols\http\httptools_impl.py", line 401, in run_asgi
    |     result = await app(  # type: ignore[func-returns-value]
    |              ^^^^^^^^^^^^^^^^^^^^^^^^^^^^^^^^^^^^^^^^^^^^^^
    |         self.scope, self.receive, self.send
    |         ^^^^^^^^^^^^^^^^^^^^^^^^^^^^^^^^^^^
    |     )
    |     ^
    |   File "C:\Python314\Lib\site-packages\uvicorn\middleware\proxy_headers.py", line 70, in __call__
    |     return await self.app(scope, receive, send)
    |            ^^^^^^^^^^^^^^^^^^^^^^^^^^^^^^^^^^^^
    |   File "C:\Python314\Lib\site-packages\fastapi\applications.py", line 1054, in __call__
    |     await super().__call__(scope, receive, send)
    |   File "C:\Users\Twazei_ceo\AppData\Roaming\Python\Python314\site-packages\starlette\applications.py", line 113, in __call__
    |     await self.middleware_stack(scope, receive, send)
    |   File "C:\Users\Twazei_ceo\AppData\Roaming\Python\Python314\site-packages\starlette\middleware\errors.py", line 187, in __call__
    |     raise exc
    |   File "C:\Users\Twazei_ceo\AppData\Roaming\Python\Python314\site-packages\starlette\middleware\errors.py", line 165, in __call__
    |     await self.app(scope, receive, _send)
    |   File "C:\Users\Twazei_ceo\AppData\Roaming\Python\Python314\site-packages\starlette\middleware\base.py", line 185, in __call__
    |     with collapse_excgroups():
    |          ~~~~~~~~~~~~~~~~~~^^
    |   File "C:\Python314\Lib\contextlib.py", line 162, in __exit__
    |     self.gen.throw(value)
    |     ~~~~~~~~~~~~~~^^^^^^^
    |   File "C:\Users\Twazei_ceo\AppData\Roaming\Python\Python314\site-packages\starlette\_utils.py", line 83, in collapse_excgroups
    |     raise exc
    |   File "C:\Users\Twazei_ceo\AppData\Roaming\Python\Python314\site-packages\starlette\middleware\base.py", line 187, in __call__
    |     response = await self.dispatch_func(request, call_next)
    |                ^^^^^^^^^^^^^^^^^^^^^^^^^^^^^^^^^^^^^^^^^^^^
    |   File "E:\Huffathul Hifaaz_asl\services\core-backend\app\main.py", line 102, in log_request_performance
    |     response = await call_next(request)
    |                ^^^^^^^^^^^^^^^^^^^^^^^^
    |   File "C:\Users\Twazei_ceo\AppData\Roaming\Python\Python314\site-packages\starlette\middleware\base.py", line 163, in call_next
    |     raise app_exc
    |   File "C:\Users\Twazei_ceo\AppData\Roaming\Python\Python314\site-packages\starlette\middleware\base.py", line 149, in coro
    |     await self.app(scope, receive_or_disconnect, send_no_error)
    |   File "C:\Users\Twazei_ceo\AppData\Roaming\Python\Python314\site-packages\starlette\middleware\cors.py", line 93, in __call__
    |     await self.simple_response(scope, receive, send, request_headers=headers)
    |   File "C:\Users\Twazei_ceo\AppData\Roaming\Python\Python314\site-packages\starlette\middleware\cors.py", line 144, in simple_response
    |     await self.app(scope, receive, send)
    |   File "C:\Users\Twazei_ceo\AppData\Roaming\Python\Python314\site-packages\starlette\middleware\exceptions.py", line 62, in __call__
    |     await wrap_app_handling_exceptions(self.app, conn)(scope, receive, send)
    |   File "C:\Users\Twazei_ceo\AppData\Roaming\Python\Python314\site-packages\starlette\_exception_handler.py", line 62, in wrapped_app
    |     raise exc
    |   File "C:\Users\Twazei_ceo\AppData\Roaming\Python\Python314\site-packages\starlette\_exception_handler.py", line 51, in wrapped_app
    |     await app(scope, receive, sender)
    |   File "C:\Users\Twazei_ceo\AppData\Roaming\Python\Python314\site-packages\starlette\routing.py", line 715, in __call__
    |     await self.middleware_stack(scope, receive, send)
    |   File "C:\Users\Twazei_ceo\AppData\Roaming\Python\Python314\site-packages\starlette\routing.py", line 735, in app
    |     await route.handle(scope, receive, send)
    |   File "C:\Users\Twazei_ceo\AppData\Roaming\Python\Python314\site-packages\starlette\routing.py", line 288, in handle
    |     await self.app(scope, receive, send)
    |   File "C:\Users\Twazei_ceo\AppData\Roaming\Python\Python314\site-packages\starlette\routing.py", line 76, in app
    |     await wrap_app_handling_exceptions(app, request)(scope, receive, send)
    |   File "C:\Users\Twazei_ceo\AppData\Roaming\Python\Python314\site-packages\starlette\_exception_handler.py", line 62, in wrapped_app
    |     raise exc
    |   File "C:\Users\Twazei_ceo\AppData\Roaming\Python\Python314\site-packages\starlette\_exception_handler.py", line 51, in wrapped_app
    |     await app(scope, receive, sender)
    |   File "C:\Users\Twazei_ceo\AppData\Roaming\Python\Python314\site-packages\starlette\routing.py", line 73, in app
    |     response = await f(request)
    |                ^^^^^^^^^^^^^^^^
    |   File "C:\Python314\Lib\site-packages\fastapi\routing.py", line 301, in app
    |     raw_response = await run_endpoint_function(
    |                    ^^^^^^^^^^^^^^^^^^^^^^^^^^^^
    |     ...<3 lines>...
    |     )
    |     ^
    |   File "C:\Python314\Lib\site-packages\fastapi\routing.py", line 212, in run_endpoint_function
    |     return await dependant.call(**values)
    |            ^^^^^^^^^^^^^^^^^^^^^^^^^^^^^^
    |   File "E:\Huffathul Hifaaz_asl\services\core-backend\app\routers\auth.py", line 106, in login
    |     user_query = await db.execute(select(User).where(User.email == target_email))
    |                  ^^^^^^^^^^^^^^^^^^^^^^^^^^^^^^^^^^^^^^^^^^^^^^^^^^^^^^^^^^^^^^^^
    |   File "C:\Users\Twazei_ceo\AppData\Roaming\Python\Python314\site-packages\sqlalchemy\ext\asyncio\session.py", line 448, in execute
    |     result = await greenlet_spawn(
    |              ^^^^^^^^^^^^^^^^^^^^^
    |     ...<6 lines>...
    |     )
    |     ^
    |   File "C:\Users\Twazei_ceo\AppData\Roaming\Python\Python314\site-packages\sqlalchemy\util\_concurrency_py3k.py", line 201, in greenlet_spawn
    |     result = context.throw(*sys.exc_info())
    |   File "C:\Users\Twazei_ceo\AppData\Roaming\Python\Python314\site-packages\sqlalchemy\orm\session.py", line 2373, in execute
    |     return self._execute_internal(
    |            ~~~~~~~~~~~~~~~~~~~~~~^
    |         statement,
    |         ^^^^^^^^^^
    |     ...<4 lines>...
    |         _add_event=_add_event,
    |         ^^^^^^^^^^^^^^^^^^^^^^
    |     )
    |     ^
    |   File "C:\Users\Twazei_ceo\AppData\Roaming\Python\Python314\site-packages\sqlalchemy\orm\session.py", line 2261, in _execute_internal
    |     conn = self._connection_for_bind(bind)
    |   File "C:\Users\Twazei_ceo\AppData\Roaming\Python\Python314\site-packages\sqlalchemy\orm\session.py", line 2113, in _connection_for_bind
    |     return trans._connection_for_bind(engine, execution_options)
    |            ~~~~~~~~~~~~~~~~~~~~~~~~~~^^^^^^^^^^^^^^^^^^^^^^^^^^^
    |   File "<string>", line 2, in _connection_for_bind
    |   File "C:\Users\Twazei_ceo\AppData\Roaming\Python\Python314\site-packages\sqlalchemy\orm\state_changes.py", line 137, in _go
    |     ret_value = fn(self, *arg, **kw)
    |   File "C:\Users\Twazei_ceo\AppData\Roaming\Python\Python314\site-packages\sqlalchemy\orm\session.py", line 1191, in _connection_for_bind
    |     conn = bind.connect()
    |   File "C:\Users\Twazei_ceo\AppData\Roaming\Python\Python314\site-packages\sqlalchemy\engine\base.py", line 3295, in connect
    |     return self._connection_cls(self)
    |            ~~~~~~~~~~~~~~~~~~~~^^^^^^
    |   File "C:\Users\Twazei_ceo\AppData\Roaming\Python\Python314\site-packages\sqlalchemy\engine\base.py", line 144, in __init__
    |     self._dbapi_connection = engine.raw_connection()
    |                              ~~~~~~~~~~~~~~~~~~~~~^^
    |   File "C:\Users\Twazei_ceo\AppData\Roaming\Python\Python314\site-packages\sqlalchemy\engine\base.py", line 3319, in raw_connection
    |     return self.pool.connect()
    |            ~~~~~~~~~~~~~~~~~^^
    |   File "C:\Users\Twazei_ceo\AppData\Roaming\Python\Python314\site-packages\sqlalchemy\pool\base.py", line 448, in connect
    |     return _ConnectionFairy._checkout(self)
    |            ~~~~~~~~~~~~~~~~~~~~~~~~~~^^^^^^
    |   File "C:\Users\Twazei_ceo\AppData\Roaming\Python\Python314\site-packages\sqlalchemy\pool\base.py", line 1272, in _checkout
    |     fairy = _ConnectionRecord.checkout(pool)
    |   File "C:\Users\Twazei_ceo\AppData\Roaming\Python\Python314\site-packages\sqlalchemy\pool\base.py", line 712, in checkout
    |     rec = pool._do_get()
    |   File "C:\Users\Twazei_ceo\AppData\Roaming\Python\Python314\site-packages\sqlalchemy\pool\impl.py", line 178, in _do_get
    |     with util.safe_reraise():
    |          ~~~~~~~~~~~~~~~~~^^
    |   File "C:\Users\Twazei_ceo\AppData\Roaming\Python\Python314\site-packages\sqlalchemy\util\langhelpers.py", line 122, in __exit__
    |     raise exc_value.with_traceback(exc_tb)
    |   File "C:\Users\Twazei_ceo\AppData\Roaming\Python\Python314\site-packages\sqlalchemy\pool\impl.py", line 176, in _do_get
    |     return self._create_connection()
    |            ~~~~~~~~~~~~~~~~~~~~~~~^^
    |   File "C:\Users\Twazei_ceo\AppData\Roaming\Python\Python314\site-packages\sqlalchemy\pool\base.py", line 389, in _create_connection
    |     return _ConnectionRecord(self)
    |   File "C:\Users\Twazei_ceo\AppData\Roaming\Python\Python314\site-packages\sqlalchemy\pool\base.py", line 674, in __init__
    |     self.__connect()
    |     ~~~~~~~~~~~~~~^^
    |   File "C:\Users\Twazei_ceo\AppData\Roaming\Python\Python314\site-packages\sqlalchemy\pool\base.py", line 900, in __connect
    |     with util.safe_reraise():
    |          ~~~~~~~~~~~~~~~~~^^
    |   File "C:\Users\Twazei_ceo\AppData\Roaming\Python\Python314\site-packages\sqlalchemy\util\langhelpers.py", line 122, in __exit__
    |     raise exc_value.with_traceback(exc_tb)
    |   File "C:\Users\Twazei_ceo\AppData\Roaming\Python\Python314\site-packages\sqlalchemy\pool\base.py", line 896, in __connect
    |     self.dbapi_connection = connection = pool._invoke_creator(self)
    |                                          ~~~~~~~~~~~~~~~~~~~~^^^^^^
    |   File "C:\Users\Twazei_ceo\AppData\Roaming\Python\Python314\site-packages\sqlalchemy\engine\create.py", line 667, in connect
    |     return dialect.connect(*cargs_tup, **cparams)
    |            ~~~~~~~~~~~~~~~^^^^^^^^^^^^^^^^^^^^^^^
    |   File "C:\Users\Twazei_ceo\AppData\Roaming\Python\Python314\site-packages\sqlalchemy\engine\default.py", line 630, in connect
    |     return self.loaded_dbapi.connect(*cargs, **cparams)  # type: ignore[no-any-return]  # NOQA: E501
    |            ~~~~~~~~~~~~~~~~~~~~~~~~~^^^^^^^^^^^^^^^^^^^
    |   File "C:\Users\Twazei_ceo\AppData\Roaming\Python\Python314\site-packages\sqlalchemy\dialects\postgresql\asyncpg.py", line 955, in connect
    |     await_only(creator_fn(*arg, **kw)),
    |     ~~~~~~~~~~^^^^^^^^^^^^^^^^^^^^^^^^
    |   File "C:\Users\Twazei_ceo\AppData\Roaming\Python\Python314\site-packages\sqlalchemy\util\_concurrency_py3k.py", line 132, in await_only
    |     return current.parent.switch(awaitable)  # type: ignore[no-any-return,attr-defined] # noqa: E501
    |            ~~~~~~~~~~~~~~~~~~~~~^^^^^^^^^^^
    |   File "C:\Users\Twazei_ceo\AppData\Roaming\Python\Python314\site-packages\sqlalchemy\util\_concurrency_py3k.py", line 196, in greenlet_spawn
    |     value = await result
    |             ^^^^^^^^^^^^
    |   File "C:\Users\Twazei_ceo\AppData\Roaming\Python\Python314\site-packages\asyncpg\connection.py", line 2443, in connect
    |     return await connect_utils._connect(
    |            ^^^^^^^^^^^^^^^^^^^^^^^^^^^^^
    |     ...<22 lines>...
    |     )
    |     ^
    |   File "C:\Users\Twazei_ceo\AppData\Roaming\Python\Python314\site-packages\asyncpg\connect_utils.py", line 1249, in _connect
    |     raise last_error or exceptions.TargetServerAttributeNotMatched(
    |     ...<2 lines>...
    |     )
    |   File "C:\Users\Twazei_ceo\AppData\Roaming\Python\Python314\site-packages\asyncpg\connect_utils.py", line 1218, in _connect
    |     conn = await _connect_addr(
    |            ^^^^^^^^^^^^^^^^^^^^
    |     ...<6 lines>...
    |     )
    |     ^
    |   File "C:\Users\Twazei_ceo\AppData\Roaming\Python\Python314\site-packages\asyncpg\connect_utils.py", line 1054, in _connect_addr
    |     return await __connect_addr(params, True, *args)
    |            ^^^^^^^^^^^^^^^^^^^^^^^^^^^^^^^^^^^^^^^^^
    |   File "C:\Users\Twazei_ceo\AppData\Roaming\Python\Python314\site-packages\asyncpg\connect_utils.py", line 1099, in __connect_addr
    |     tr, pr = await connector
    |              ^^^^^^^^^^^^^^^
    |   File "C:\Users\Twazei_ceo\AppData\Roaming\Python\Python314\site-packages\asyncpg\connect_utils.py", line 969, in _create_ssl_connection
    |     tr, pr = await loop.create_connection(
    |              ^^^^^^^^^^^^^^^^^^^^^^^^^^^^^
    |     ...<2 lines>...
    |         host, port)
    |         ^^^^^^^^^^^
    |   File "C:\Python314\Lib\asyncio\base_events.py", line 1173, in create_connection
    |     raise exceptions[0]
    |   File "C:\Python314\Lib\asyncio\base_events.py", line 1143, in create_connection
    |     sock = await self._connect_sock(
    |            ^^^^^^^^^^^^^^^^^^^^^^^^^
    |         exceptions, addrinfo, laddr_infos)
    |         ^^^^^^^^^^^^^^^^^^^^^^^^^^^^^^^^^^
    |   File "C:\Python314\Lib\asyncio\base_events.py", line 1042, in _connect_sock
    |     await self.sock_connect(sock, address)
    |   File "C:\Python314\Lib\asyncio\proactor_events.py", line 728, in sock_connect
    |     return await self._proactor.connect(sock, address)
    |            ^^^^^^^^^^^^^^^^^^^^^^^^^^^^^^^^^^^^^^^^^^^
    |   File "C:\Python314\Lib\asyncio\windows_events.py", line 804, in _poll
    |     value = callback(transferred, key, ov)
    |   File "C:\Python314\Lib\asyncio\windows_events.py", line 600, in finish_connect
    |     ov.getresult()
    |     ~~~~~~~~~~~~^^
    | ConnectionRefusedError: [WinError 1225] The remote computer refused the network connection
    +------------------------------------

During handling of the above exception, another exception occurred:

Traceback (most recent call last):
  File "C:\Python314\Lib\site-packages\uvicorn\protocols\http\httptools_impl.py", line 401, in run_asgi
    result = await app(  # type: ignore[func-returns-value]
             ^^^^^^^^^^^^^^^^^^^^^^^^^^^^^^^^^^^^^^^^^^^^^^
        self.scope, self.receive, self.send
        ^^^^^^^^^^^^^^^^^^^^^^^^^^^^^^^^^^^
    )
    ^
  File "C:\Python314\Lib\site-packages\uvicorn\middleware\proxy_headers.py", line 70, in __call__
    return await self.app(scope, receive, send)
           ^^^^^^^^^^^^^^^^^^^^^^^^^^^^^^^^^^^^
  File "C:\Python314\Lib\site-packages\fastapi\applications.py", line 1054, in __call__
    await super().__call__(scope, receive, send)
  File "C:\Users\Twazei_ceo\AppData\Roaming\Python\Python314\site-packages\starlette\applications.py", line 113, in __call__
    await self.middleware_stack(scope, receive, send)
  File "C:\Users\Twazei_ceo\AppData\Roaming\Python\Python314\site-packages\starlette\middleware\errors.py", line 187, in __call__
    raise exc
  File "C:\Users\Twazei_ceo\AppData\Roaming\Python\Python314\site-packages\starlette\middleware\errors.py", line 165, in __call__
    await self.app(scope, receive, _send)
  File "C:\Users\Twazei_ceo\AppData\Roaming\Python\Python314\site-packages\starlette\middleware\base.py", line 185, in __call__
    with collapse_excgroups():
         ~~~~~~~~~~~~~~~~~~^^
  File "C:\Python314\Lib\contextlib.py", line 162, in __exit__
    self.gen.throw(value)
    ~~~~~~~~~~~~~~^^^^^^^
  File "C:\Users\Twazei_ceo\AppData\Roaming\Python\Python314\site-packages\starlette\_utils.py", line 83, in collapse_excgroups
    raise exc
  File "C:\Users\Twazei_ceo\AppData\Roaming\Python\Python314\site-packages\starlette\middleware\base.py", line 187, in __call__
    response = await self.dispatch_func(request, call_next)
               ^^^^^^^^^^^^^^^^^^^^^^^^^^^^^^^^^^^^^^^^^^^^
  File "E:\Huffathul Hifaaz_asl\services\core-backend\app\main.py", line 102, in log_request_performance
    response = await call_next(request)
               ^^^^^^^^^^^^^^^^^^^^^^^^
  File "C:\Users\Twazei_ceo\AppData\Roaming\Python\Python314\site-packages\starlette\middleware\base.py", line 163, in call_next
    raise app_exc
  File "C:\Users\Twazei_ceo\AppData\Roaming\Python\Python314\site-packages\starlette\middleware\base.py", line 149, in coro
    await self.app(scope, receive_or_disconnect, send_no_error)
  File "C:\Users\Twazei_ceo\AppData\Roaming\Python\Python314\site-packages\starlette\middleware\cors.py", line 93, in __call__
    await self.simple_response(scope, receive, send, request_headers=headers)
  File "C:\Users\Twazei_ceo\AppData\Roaming\Python\Python314\site-packages\starlette\middleware\cors.py", line 144, in simple_response
    await self.app(scope, receive, send)
  File "C:\Users\Twazei_ceo\AppData\Roaming\Python\Python314\site-packages\starlette\middleware\exceptions.py", line 62, in __call__
    await wrap_app_handling_exceptions(self.app, conn)(scope, receive, send)
  File "C:\Users\Twazei_ceo\AppData\Roaming\Python\Python314\site-packages\starlette\_exception_handler.py", line 62, in wrapped_app
    raise exc
  File "C:\Users\Twazei_ceo\AppData\Roaming\Python\Python314\site-packages\starlette\_exception_handler.py", line 51, in wrapped_app
    await app(scope, receive, sender)
  File "C:\Users\Twazei_ceo\AppData\Roaming\Python\Python314\site-packages\starlette\routing.py", line 715, in __call__
    await self.middleware_stack(scope, receive, send)
  File "C:\Users\Twazei_ceo\AppData\Roaming\Python\Python314\site-packages\starlette\routing.py", line 735, in app
    await route.handle(scope, receive, send)
  File "C:\Users\Twazei_ceo\AppData\Roaming\Python\Python314\site-packages\starlette\routing.py", line 288, in handle
    await self.app(scope, receive, send)
  File "C:\Users\Twazei_ceo\AppData\Roaming\Python\Python314\site-packages\starlette\routing.py", line 76, in app
    await wrap_app_handling_exceptions(app, request)(scope, receive, send)
  File "C:\Users\Twazei_ceo\AppData\Roaming\Python\Python314\site-packages\starlette\_exception_handler.py", line 62, in wrapped_app
    raise exc
  File "C:\Users\Twazei_ceo\AppData\Roaming\Python\Python314\site-packages\starlette\_exception_handler.py", line 51, in wrapped_app
    await app(scope, receive, sender)
  File "C:\Users\Twazei_ceo\AppData\Roaming\Python\Python314\site-packages\starlette\routing.py", line 73, in app
    response = await f(request)
               ^^^^^^^^^^^^^^^^
  File "C:\Python314\Lib\site-packages\fastapi\routing.py", line 301, in app
    raw_response = await run_endpoint_function(
                   ^^^^^^^^^^^^^^^^^^^^^^^^^^^^
    ...<3 lines>...
    )
    ^
  File "C:\Python314\Lib\site-packages\fastapi\routing.py", line 212, in run_endpoint_function
    return await dependant.call(**values)
           ^^^^^^^^^^^^^^^^^^^^^^^^^^^^^^
  File "E:\Huffathul Hifaaz_asl\services\core-backend\app\routers\auth.py", line 106, in login
    user_query = await db.execute(select(User).where(User.email == target_email))
                 ^^^^^^^^^^^^^^^^^^^^^^^^^^^^^^^^^^^^^^^^^^^^^^^^^^^^^^^^^^^^^^^^
  File "C:\Users\Twazei_ceo\AppData\Roaming\Python\Python314\site-packages\sqlalchemy\ext\asyncio\session.py", line 448, in execute
    result = await greenlet_spawn(
             ^^^^^^^^^^^^^^^^^^^^^
    ...<6 lines>...
    )
    ^
  File "C:\Users\Twazei_ceo\AppData\Roaming\Python\Python314\site-packages\sqlalchemy\util\_concurrency_py3k.py", line 201, in greenlet_spawn
    result = context.throw(*sys.exc_info())
  File "C:\Users\Twazei_ceo\AppData\Roaming\Python\Python314\site-packages\sqlalchemy\orm\session.py", line 2373, in execute
    return self._execute_internal(
           ~~~~~~~~~~~~~~~~~~~~~~^
        statement,
        ^^^^^^^^^^
    ...<4 lines>...
        _add_event=_add_event,
        ^^^^^^^^^^^^^^^^^^^^^^
    )
    ^
  File "C:\Users\Twazei_ceo\AppData\Roaming\Python\Python314\site-packages\sqlalchemy\orm\session.py", line 2261, in _execute_internal
    conn = self._connection_for_bind(bind)
  File "C:\Users\Twazei_ceo\AppData\Roaming\Python\Python314\site-packages\sqlalchemy\orm\session.py", line 2113, in _connection_for_bind
    return trans._connection_for_bind(engine, execution_options)
           ~~~~~~~~~~~~~~~~~~~~~~~~~~^^^^^^^^^^^^^^^^^^^^^^^^^^^
  File "<string>", line 2, in _connection_for_bind
  File "C:\Users\Twazei_ceo\AppData\Roaming\Python\Python314\site-packages\sqlalchemy\orm\state_changes.py", line 137, in _go
    ret_value = fn(self, *arg, **kw)
  File "C:\Users\Twazei_ceo\AppData\Roaming\Python\Python314\site-packages\sqlalchemy\orm\session.py", line 1191, in _connection_for_bind
    conn = bind.connect()
  File "C:\Users\Twazei_ceo\AppData\Roaming\Python\Python314\site-packages\sqlalchemy\engine\base.py", line 3295, in connect
    return self._connection_cls(self)
           ~~~~~~~~~~~~~~~~~~~~^^^^^^
  File "C:\Users\Twazei_ceo\AppData\Roaming\Python\Python314\site-packages\sqlalchemy\engine\base.py", line 144, in __init__
    self._dbapi_connection = engine.raw_connection()
                             ~~~~~~~~~~~~~~~~~~~~~^^
  File "C:\Users\Twazei_ceo\AppData\Roaming\Python\Python314\site-packages\sqlalchemy\engine\base.py", line 3319, in raw_connection
    return self.pool.connect()
           ~~~~~~~~~~~~~~~~~^^
  File "C:\Users\Twazei_ceo\AppData\Roaming\Python\Python314\site-packages\sqlalchemy\pool\base.py", line 448, in connect
    return _ConnectionFairy._checkout(self)
           ~~~~~~~~~~~~~~~~~~~~~~~~~~^^^^^^
  File "C:\Users\Twazei_ceo\AppData\Roaming\Python\Python314\site-packages\sqlalchemy\pool\base.py", line 1272, in _checkout
    fairy = _ConnectionRecord.checkout(pool)
  File "C:\Users\Twazei_ceo\AppData\Roaming\Python\Python314\site-packages\sqlalchemy\pool\base.py", line 712, in checkout
    rec = pool._do_get()
  File "C:\Users\Twazei_ceo\AppData\Roaming\Python\Python314\site-packages\sqlalchemy\pool\impl.py", line 178, in _do_get
    with util.safe_reraise():
         ~~~~~~~~~~~~~~~~~^^
  File "C:\Users\Twazei_ceo\AppData\Roaming\Python\Python314\site-packages\sqlalchemy\util\langhelpers.py", line 122, in __exit__
    raise exc_value.with_traceback(exc_tb)
  File "C:\Users\Twazei_ceo\AppData\Roaming\Python\Python314\site-packages\sqlalchemy\pool\impl.py", line 176, in _do_get
    return self._create_connection()
           ~~~~~~~~~~~~~~~~~~~~~~~^^
  File "C:\Users\Twazei_ceo\AppData\Roaming\Python\Python314\site-packages\sqlalchemy\pool\base.py", line 389, in _create_connection
    return _ConnectionRecord(self)
  File "C:\Users\Twazei_ceo\AppData\Roaming\Python\Python314\site-packages\sqlalchemy\pool\base.py", line 674, in __init__
    self.__connect()
    ~~~~~~~~~~~~~~^^
  File "C:\Users\Twazei_ceo\AppData\Roaming\Python\Python314\site-packages\sqlalchemy\pool\base.py", line 900, in __connect
    with util.safe_reraise():
         ~~~~~~~~~~~~~~~~~^^
  File "C:\Users\Twazei_ceo\AppData\Roaming\Python\Python314\site-packages\sqlalchemy\util\langhelpers.py", line 122, in __exit__
    raise exc_value.with_traceback(exc_tb)
  File "C:\Users\Twazei_ceo\AppData\Roaming\Python\Python314\site-packages\sqlalchemy\pool\base.py", line 896, in __connect
    self.dbapi_connection = connection = pool._invoke_creator(self)
                                         ~~~~~~~~~~~~~~~~~~~~^^^^^^
  File "C:\Users\Twazei_ceo\AppData\Roaming\Python\Python314\site-packages\sqlalchemy\engine\create.py", line 667, in connect
    return dialect.connect(*cargs_tup, **cparams)
           ~~~~~~~~~~~~~~~^^^^^^^^^^^^^^^^^^^^^^^
  File "C:\Users\Twazei_ceo\AppData\Roaming\Python\Python314\site-packages\sqlalchemy\engine\default.py", line 630, in connect
    return self.loaded_dbapi.connect(*cargs, **cparams)  # type: ignore[no-any-return]  # NOQA: E501
           ~~~~~~~~~~~~~~~~~~~~~~~~~^^^^^^^^^^^^^^^^^^^
  File "C:\Users\Twazei_ceo\AppData\Roaming\Python\Python314\site-packages\sqlalchemy\dialects\postgresql\asyncpg.py", line 955, in connect
    await_only(creator_fn(*arg, **kw)),
    ~~~~~~~~~~^^^^^^^^^^^^^^^^^^^^^^^^
  File "C:\Users\Twazei_ceo\AppData\Roaming\Python\Python314\site-packages\sqlalchemy\util\_concurrency_py3k.py", line 132, in await_only
    return current.parent.switch(awaitable)  # type: ignore[no-any-return,attr-defined] # noqa: E501
           ~~~~~~~~~~~~~~~~~~~~~^^^^^^^^^^^
  File "C:\Users\Twazei_ceo\AppData\Roaming\Python\Python314\site-packages\sqlalchemy\util\_concurrency_py3k.py", line 196, in greenlet_spawn
    value = await result
            ^^^^^^^^^^^^
  File "C:\Users\Twazei_ceo\AppData\Roaming\Python\Python314\site-packages\asyncpg\connection.py", line 2443, in connect
    return await connect_utils._connect(
           ^^^^^^^^^^^^^^^^^^^^^^^^^^^^^
    ...<22 lines>...
    )
    ^
  File "C:\Users\Twazei_ceo\AppData\Roaming\Python\Python314\site-packages\asyncpg\connect_utils.py", line 1249, in _connect
    raise last_error or exceptions.TargetServerAttributeNotMatched(
    ...<2 lines>...
    )
  File "C:\Users\Twazei_ceo\AppData\Roaming\Python\Python314\site-packages\asyncpg\connect_utils.py", line 1218, in _connect
    conn = await _connect_addr(
           ^^^^^^^^^^^^^^^^^^^^
    ...<6 lines>...
    )
    ^
  File "C:\Users\Twazei_ceo\AppData\Roaming\Python\Python314\site-packages\asyncpg\connect_utils.py", line 1054, in _connect_addr
    return await __connect_addr(params, True, *args)
           ^^^^^^^^^^^^^^^^^^^^^^^^^^^^^^^^^^^^^^^^^
  File "C:\Users\Twazei_ceo\AppData\Roaming\Python\Python314\site-packages\asyncpg\connect_utils.py", line 1099, in __connect_addr
    tr, pr = await connector
             ^^^^^^^^^^^^^^^
  File "C:\Users\Twazei_ceo\AppData\Roaming\Python\Python314\site-packages\asyncpg\connect_utils.py", line 969, in _create_ssl_connection
    tr, pr = await loop.create_connection(
             ^^^^^^^^^^^^^^^^^^^^^^^^^^^^^
    ...<2 lines>...
        host, port)
        ^^^^^^^^^^^
  File "C:\Python314\Lib\asyncio\base_events.py", line 1173, in create_connection
    raise exceptions[0]
  File "C:\Python314\Lib\asyncio\base_events.py", line 1143, in create_connection
    sock = await self._connect_sock(
           ^^^^^^^^^^^^^^^^^^^^^^^^^
        exceptions, addrinfo, laddr_infos)
        ^^^^^^^^^^^^^^^^^^^^^^^^^^^^^^^^^^
  File "C:\Python314\Lib\asyncio\base_events.py", line 1042, in _connect_sock
    await self.sock_connect(sock, address)
  File "C:\Python314\Lib\asyncio\proactor_events.py", line 728, in sock_connect
    return await self._proactor.connect(sock, address)
           ^^^^^^^^^^^^^^^^^^^^^^^^^^^^^^^^^^^^^^^^^^^
  File "C:\Python314\Lib\asyncio\windows_events.py", line 804, in _poll
    value = callback(transferred, key, ov)
  File "C:\Python314\Lib\asyncio\windows_events.py", line 600, in finish_connect
    ov.getresult()
    ~~~~~~~~~~~~^^
ConnectionRefusedError: [WinError 1225] The remote computer refused the network connection
2026-08-24 15:44:02,039 [INFO] app.main: HTTP GET /healthz - Status: 200 - Duration: 0.001s
INFO:     127.0.0.1:61675 - "GET /healthz HTTP/1.1" 200 OK
2026-08-24 15:44:08,078 [ERROR] app.main: \U0001f6a8 RUNTIME UNHANDLED EXCEPTION: [WinError 1225] The remote computer refused the network connection
  + Exception Group Traceback (most recent call last):
  |   File "C:\Users\Twazei_ceo\AppData\Roaming\Python\Python314\site-packages\starlette\_utils.py", line 77, in collapse_excgroups
  |     yield
  |   File "C:\Users\Twazei_ceo\AppData\Roaming\Python\Python314\site-packages\starlette\middleware\base.py", line 186, in __call__
  |     async with anyio.create_task_group() as task_group:
  |                ~~~~~~~~~~~~~~~~~~~~~~~^^
  |   File "C:\Python314\Lib\site-packages\anyio\_backends\_asyncio.py", line 815, in __aexit__
  |     raise BaseExceptionGroup(
  |         "unhandled errors in a TaskGroup", self._exceptions
  |     ) from None
  | ExceptionGroup: unhandled errors in a TaskGroup (1 sub-exception)
  +-+---------------- 1 ----------------
    | Traceback (most recent call last):
    |   File "C:\Users\Twazei_ceo\AppData\Roaming\Python\Python314\site-packages\starlette\middleware\errors.py", line 165, in __call__
    |     await self.app(scope, receive, _send)
    |   File "C:\Users\Twazei_ceo\AppData\Roaming\Python\Python314\site-packages\starlette\middleware\base.py", line 185, in __call__
    |     with collapse_excgroups():
    |          ~~~~~~~~~~~~~~~~~~^^
    |   File "C:\Python314\Lib\contextlib.py", line 162, in __exit__
    |     self.gen.throw(value)
    |     ~~~~~~~~~~~~~~^^^^^^^
    |   File "C:\Users\Twazei_ceo\AppData\Roaming\Python\Python314\site-packages\starlette\_utils.py", line 83, in collapse_excgroups
    |     raise exc
    |   File "C:\Users\Twazei_ceo\AppData\Roaming\Python\Python314\site-packages\starlette\middleware\base.py", line 187, in __call__
    |     response = await self.dispatch_func(request, call_next)
    |                ^^^^^^^^^^^^^^^^^^^^^^^^^^^^^^^^^^^^^^^^^^^^
    |   File "E:\Huffathul Hifaaz_asl\services\core-backend\app\main.py", line 102, in log_request_performance
    |     response = await call_next(request)
    |                ^^^^^^^^^^^^^^^^^^^^^^^^
    |   File "C:\Users\Twazei_ceo\AppData\Roaming\Python\Python314\site-packages\starlette\middleware\base.py", line 163, in call_next
    |     raise app_exc
    |   File "C:\Users\Twazei_ceo\AppData\Roaming\Python\Python314\site-packages\starlette\middleware\base.py", line 149, in coro
    |     await self.app(scope, receive_or_disconnect, send_no_error)
    |   File "C:\Users\Twazei_ceo\AppData\Roaming\Python\Python314\site-packages\starlette\middleware\cors.py", line 93, in __call__
    |     await self.simple_response(scope, receive, send, request_headers=headers)
    |   File "C:\Users\Twazei_ceo\AppData\Roaming\Python\Python314\site-packages\starlette\middleware\cors.py", line 144, in simple_response
    |     await self.app(scope, receive, send)
    |   File "C:\Users\Twazei_ceo\AppData\Roaming\Python\Python314\site-packages\starlette\middleware\exceptions.py", line 62, in __call__
    |     await wrap_app_handling_exceptions(self.app, conn)(scope, receive, send)
    |   File "C:\Users\Twazei_ceo\AppData\Roaming\Python\Python314\site-packages\starlette\_exception_handler.py", line 62, in wrapped_app
    |     raise exc
    |   File "C:\Users\Twazei_ceo\AppData\Roaming\Python\Python314\site-packages\starlette\_exception_handler.py", line 51, in wrapped_app
    |     await app(scope, receive, sender)
    |   File "C:\Users\Twazei_ceo\AppData\Roaming\Python\Python314\site-packages\starlette\routing.py", line 715, in __call__
    |     await self.middleware_stack(scope, receive, send)
    |   File "C:\Users\Twazei_ceo\AppData\Roaming\Python\Python314\site-packages\starlette\routing.py", line 735, in app
    |     await route.handle(scope, receive, send)
    |   File "C:\Users\Twazei_ceo\AppData\Roaming\Python\Python314\site-packages\starlette\routing.py", line 288, in handle
    |     await self.app(scope, receive, send)
    |   File "C:\Users\Twazei_ceo\AppData\Roaming\Python\Python314\site-packages\starlette\routing.py", line 76, in app
    |     await wrap_app_handling_exceptions(app, request)(scope, receive, send)
    |   File "C:\Users\Twazei_ceo\AppData\Roaming\Python\Python314\site-packages\starlette\_exception_handler.py", line 62, in wrapped_app
    |     raise exc
    |   File "C:\Users\Twazei_ceo\AppData\Roaming\Python\Python314\site-packages\starlette\_exception_handler.py", line 51, in wrapped_app
    |     await app(scope, receive, sender)
    |   File "C:\Users\Twazei_ceo\AppData\Roaming\Python\Python314\site-packages\starlette\routing.py", line 73, in app
    |     response = await f(request)
    |                ^^^^^^^^^^^^^^^^
    |   File "C:\Python314\Lib\site-packages\fastapi\routing.py", line 301, in app
    |     raw_response = await run_endpoint_function(
    |                    ^^^^^^^^^^^^^^^^^^^^^^^^^^^^
    |     ...<3 lines>...
    |     )
    |     ^
    |   File "C:\Python314\Lib\site-packages\fastapi\routing.py", line 212, in run_endpoint_function
    |     return await dependant.call(**values)
    |            ^^^^^^^^^^^^^^^^^^^^^^^^^^^^^^
    |   File "E:\Huffathul Hifaaz_asl\services\core-backend\app\routers\auth.py", line 106, in login
    |     user_query = await db.execute(select(User).where(User.email == target_email))
    |                  ^^^^^^^^^^^^^^^^^^^^^^^^^^^^^^^^^^^^^^^^^^^^^^^^^^^^^^^^^^^^^^^^
    |   File "C:\Users\Twazei_ceo\AppData\Roaming\Python\Python314\site-packages\sqlalchemy\ext\asyncio\session.py", line 448, in execute
    |     result = await greenlet_spawn(
    |              ^^^^^^^^^^^^^^^^^^^^^
    |     ...<6 lines>...
    |     )
    |     ^
    |   File "C:\Users\Twazei_ceo\AppData\Roaming\Python\Python314\site-packages\sqlalchemy\util\_concurrency_py3k.py", line 201, in greenlet_spawn
    |     result = context.throw(*sys.exc_info())
    |   File "C:\Users\Twazei_ceo\AppData\Roaming\Python\Python314\site-packages\sqlalchemy\orm\session.py", line 2373, in execute
    |     return self._execute_internal(
    |            ~~~~~~~~~~~~~~~~~~~~~~^
    |         statement,
    |         ^^^^^^^^^^
    |     ...<4 lines>...
    |         _add_event=_add_event,
    |         ^^^^^^^^^^^^^^^^^^^^^^
    |     )
    |     ^
    |   File "C:\Users\Twazei_ceo\AppData\Roaming\Python\Python314\site-packages\sqlalchemy\orm\session.py", line 2261, in _execute_internal
    |     conn = self._connection_for_bind(bind)
    |   File "C:\Users\Twazei_ceo\AppData\Roaming\Python\Python314\site-packages\sqlalchemy\orm\session.py", line 2113, in _connection_for_bind
    |     return trans._connection_for_bind(engine, execution_options)
    |            ~~~~~~~~~~~~~~~~~~~~~~~~~~^^^^^^^^^^^^^^^^^^^^^^^^^^^
    |   File "<string>", line 2, in _connection_for_bind
    |   File "C:\Users\Twazei_ceo\AppData\Roaming\Python\Python314\site-packages\sqlalchemy\orm\state_changes.py", line 137, in _go
    |     ret_value = fn(self, *arg, **kw)
    |   File "C:\Users\Twazei_ceo\AppData\Roaming\Python\Python314\site-packages\sqlalchemy\orm\session.py", line 1191, in _connection_for_bind
    |     conn = bind.connect()
    |   File "C:\Users\Twazei_ceo\AppData\Roaming\Python\Python314\site-packages\sqlalchemy\engine\base.py", line 3295, in connect
    |     return self._connection_cls(self)
    |            ~~~~~~~~~~~~~~~~~~~~^^^^^^
    |   File "C:\Users\Twazei_ceo\AppData\Roaming\Python\Python314\site-packages\sqlalchemy\engine\base.py", line 144, in __init__
    |     self._dbapi_connection = engine.raw_connection()
    |                              ~~~~~~~~~~~~~~~~~~~~~^^
    |   File "C:\Users\Twazei_ceo\AppData\Roaming\Python\Python314\site-packages\sqlalchemy\engine\base.py", line 3319, in raw_connection
    |     return self.pool.connect()
    |            ~~~~~~~~~~~~~~~~~^^
    |   File "C:\Users\Twazei_ceo\AppData\Roaming\Python\Python314\site-packages\sqlalchemy\pool\base.py", line 448, in connect
    |     return _ConnectionFairy._checkout(self)
    |            ~~~~~~~~~~~~~~~~~~~~~~~~~~^^^^^^
    |   File "C:\Users\Twazei_ceo\AppData\Roaming\Python\Python314\site-packages\sqlalchemy\pool\base.py", line 1272, in _checkout
    |     fairy = _ConnectionRecord.checkout(pool)
    |   File "C:\Users\Twazei_ceo\AppData\Roaming\Python\Python314\site-packages\sqlalchemy\pool\base.py", line 712, in checkout
    |     rec = pool._do_get()
    |   File "C:\Users\Twazei_ceo\AppData\Roaming\Python\Python314\site-packages\sqlalchemy\pool\impl.py", line 178, in _do_get
    |     with util.safe_reraise():
    |          ~~~~~~~~~~~~~~~~~^^
    |   File "C:\Users\Twazei_ceo\AppData\Roaming\Python\Python314\site-packages\sqlalchemy\util\langhelpers.py", line 122, in __exit__
    |     raise exc_value.with_traceback(exc_tb)
    |   File "C:\Users\Twazei_ceo\AppData\Roaming\Python\Python314\site-packages\sqlalchemy\pool\impl.py", line 176, in _do_get
    |     return self._create_connection()
    |            ~~~~~~~~~~~~~~~~~~~~~~~^^
    |   File "C:\Users\Twazei_ceo\AppData\Roaming\Python\Python314\site-packages\sqlalchemy\pool\base.py", line 389, in _create_connection
    |     return _ConnectionRecord(self)
    |   File "C:\Users\Twazei_ceo\AppData\Roaming\Python\Python314\site-packages\sqlalchemy\pool\base.py", line 674, in __init__
    |     self.__connect()
    |     ~~~~~~~~~~~~~~^^
    |   File "C:\Users\Twazei_ceo\AppData\Roaming\Python\Python314\site-packages\sqlalchemy\pool\base.py", line 900, in __connect
    |     with util.safe_reraise():
    |          ~~~~~~~~~~~~~~~~~^^
    |   File "C:\Users\Twazei_ceo\AppData\Roaming\Python\Python314\site-packages\sqlalchemy\util\langhelpers.py", line 122, in __exit__
    |     raise exc_value.with_traceback(exc_tb)
    |   File "C:\Users\Twazei_ceo\AppData\Roaming\Python\Python314\site-packages\sqlalchemy\pool\base.py", line 896, in __connect
    |     self.dbapi_connection = connection = pool._invoke_creator(self)
    |                                          ~~~~~~~~~~~~~~~~~~~~^^^^^^
    |   File "C:\Users\Twazei_ceo\AppData\Roaming\Python\Python314\site-packages\sqlalchemy\engine\create.py", line 667, in connect
    |     return dialect.connect(*cargs_tup, **cparams)
    |            ~~~~~~~~~~~~~~~^^^^^^^^^^^^^^^^^^^^^^^
    |   File "C:\Users\Twazei_ceo\AppData\Roaming\Python\Python314\site-packages\sqlalchemy\engine\default.py", line 630, in connect
    |     return self.loaded_dbapi.connect(*cargs, **cparams)  # type: ignore[no-any-return]  # NOQA: E501
    |            ~~~~~~~~~~~~~~~~~~~~~~~~~^^^^^^^^^^^^^^^^^^^
    |   File "C:\Users\Twazei_ceo\AppData\Roaming\Python\Python314\site-packages\sqlalchemy\dialects\postgresql\asyncpg.py", line 955, in connect
    |     await_only(creator_fn(*arg, **kw)),
    |     ~~~~~~~~~~^^^^^^^^^^^^^^^^^^^^^^^^
    |   File "C:\Users\Twazei_ceo\AppData\Roaming\Python\Python314\site-packages\sqlalchemy\util\_concurrency_py3k.py", line 132, in await_only
    |     return current.parent.switch(awaitable)  # type: ignore[no-any-return,attr-defined] # noqa: E501
    |            ~~~~~~~~~~~~~~~~~~~~~^^^^^^^^^^^
    |   File "C:\Users\Twazei_ceo\AppData\Roaming\Python\Python314\site-packages\sqlalchemy\util\_concurrency_py3k.py", line 196, in greenlet_spawn
    |     value = await result
    |             ^^^^^^^^^^^^
    |   File "C:\Users\Twazei_ceo\AppData\Roaming\Python\Python314\site-packages\asyncpg\connection.py", line 2443, in connect
    |     return await connect_utils._connect(
    |            ^^^^^^^^^^^^^^^^^^^^^^^^^^^^^
    |     ...<22 lines>...
    |     )
    |     ^
    |   File "C:\Users\Twazei_ceo\AppData\Roaming\Python\Python314\site-packages\asyncpg\connect_utils.py", line 1249, in _connect
    |     raise last_error or exceptions.TargetServerAttributeNotMatched(
    |     ...<2 lines>...
    |     )
    |   File "C:\Users\Twazei_ceo\AppData\Roaming\Python\Python314\site-packages\asyncpg\connect_utils.py", line 1218, in _connect
    |     conn = await _connect_addr(
    |            ^^^^^^^^^^^^^^^^^^^^
    |     ...<6 lines>...
    |     )
    |     ^
    |   File "C:\Users\Twazei_ceo\AppData\Roaming\Python\Python314\site-packages\asyncpg\connect_utils.py", line 1054, in _connect_addr
    |     return await __connect_addr(params, True, *args)
    |            ^^^^^^^^^^^^^^^^^^^^^^^^^^^^^^^^^^^^^^^^^
    |   File "C:\Users\Twazei_ceo\AppData\Roaming\Python\Python314\site-packages\asyncpg\connect_utils.py", line 1099, in __connect_addr
    |     tr, pr = await connector
    |              ^^^^^^^^^^^^^^^
    |   File "C:\Users\Twazei_ceo\AppData\Roaming\Python\Python314\site-packages\asyncpg\connect_utils.py", line 969, in _create_ssl_connection
    |     tr, pr = await loop.create_connection(
    |              ^^^^^^^^^^^^^^^^^^^^^^^^^^^^^
    |     ...<2 lines>...
    |         host, port)
    |         ^^^^^^^^^^^
    |   File "C:\Python314\Lib\asyncio\base_events.py", line 1173, in create_connection
    |     raise exceptions[0]
    |   File "C:\Python314\Lib\asyncio\base_events.py", line 1143, in create_connection
    |     sock = await self._connect_sock(
    |            ^^^^^^^^^^^^^^^^^^^^^^^^^
    |         exceptions, addrinfo, laddr_infos)
    |         ^^^^^^^^^^^^^^^^^^^^^^^^^^^^^^^^^^
    |   File "C:\Python314\Lib\asyncio\base_events.py", line 1042, in _connect_sock
    |     await self.sock_connect(sock, address)
    |   File "C:\Python314\Lib\asyncio\proactor_events.py", line 728, in sock_connect
    |     return await self._proactor.connect(sock, address)
    |            ^^^^^^^^^^^^^^^^^^^^^^^^^^^^^^^^^^^^^^^^^^^
    |   File "C:\Python314\Lib\asyncio\windows_events.py", line 804, in _poll
    |     value = callback(transferred, key, ov)
    |   File "C:\Python314\Lib\asyncio\windows_events.py", line 600, in finish_connect
    |     ov.getresult()
    |     ~~~~~~~~~~~~^^
    | ConnectionRefusedError: [WinError 1225] The remote computer refused the network connection
    +------------------------------------

During handling of the above exception, another exception occurred:

Traceback (most recent call last):
  File "C:\Users\Twazei_ceo\AppData\Roaming\Python\Python314\site-packages\starlette\middleware\errors.py", line 165, in __call__
    await self.app(scope, receive, _send)
  File "C:\Users\Twazei_ceo\AppData\Roaming\Python\Python314\site-packages\starlette\middleware\base.py", line 185, in __call__
    with collapse_excgroups():
         ~~~~~~~~~~~~~~~~~~^^
  File "C:\Python314\Lib\contextlib.py", line 162, in __exit__
    self.gen.throw(value)
    ~~~~~~~~~~~~~~^^^^^^^
  File "C:\Users\Twazei_ceo\AppData\Roaming\Python\Python314\site-packages\starlette\_utils.py", line 83, in collapse_excgroups
    raise exc
  File "C:\Users\Twazei_ceo\AppData\Roaming\Python\Python314\site-packages\starlette\middleware\base.py", line 187, in __call__
    response = await self.dispatch_func(request, call_next)
               ^^^^^^^^^^^^^^^^^^^^^^^^^^^^^^^^^^^^^^^^^^^^
  File "E:\Huffathul Hifaaz_asl\services\core-backend\app\main.py", line 102, in log_request_performance
    response = await call_next(request)
               ^^^^^^^^^^^^^^^^^^^^^^^^
  File "C:\Users\Twazei_ceo\AppData\Roaming\Python\Python314\site-packages\starlette\middleware\base.py", line 163, in call_next
    raise app_exc
  File "C:\Users\Twazei_ceo\AppData\Roaming\Python\Python314\site-packages\starlette\middleware\base.py", line 149, in coro
    await self.app(scope, receive_or_disconnect, send_no_error)
  File "C:\Users\Twazei_ceo\AppData\Roaming\Python\Python314\site-packages\starlette\middleware\cors.py", line 93, in __call__
    await self.simple_response(scope, receive, send, request_headers=headers)
  File "C:\Users\Twazei_ceo\AppData\Roaming\Python\Python314\site-packages\starlette\middleware\cors.py", line 144, in simple_response
    await self.app(scope, receive, send)
  File "C:\Users\Twazei_ceo\AppData\Roaming\Python\Python314\site-packages\starlette\middleware\exceptions.py", line 62, in __call__
    await wrap_app_handling_exceptions(self.app, conn)(scope, receive, send)
  File "C:\Users\Twazei_ceo\AppData\Roaming\Python\Python314\site-packages\starlette\_exception_handler.py", line 62, in wrapped_app
    raise exc
  File "C:\Users\Twazei_ceo\AppData\Roaming\Python\Python314\site-packages\starlette\_exception_handler.py", line 51, in wrapped_app
    await app(scope, receive, sender)
  File "C:\Users\Twazei_ceo\AppData\Roaming\Python\Python314\site-packages\starlette\routing.py", line 715, in __call__
    await self.middleware_stack(scope, receive, send)
  File "C:\Users\Twazei_ceo\AppData\Roaming\Python\Python314\site-packages\starlette\routing.py", line 735, in app
    await route.handle(scope, receive, send)
  File "C:\Users\Twazei_ceo\AppData\Roaming\Python\Python314\site-packages\starlette\routing.py", line 288, in handle
    await self.app(scope, receive, send)
  File "C:\Users\Twazei_ceo\AppData\Roaming\Python\Python314\site-packages\starlette\routing.py", line 76, in app
    await wrap_app_handling_exceptions(app, request)(scope, receive, send)
  File "C:\Users\Twazei_ceo\AppData\Roaming\Python\Python314\site-packages\starlette\_exception_handler.py", line 62, in wrapped_app
    raise exc
  File "C:\Users\Twazei_ceo\AppData\Roaming\Python\Python314\site-packages\starlette\_exception_handler.py", line 51, in wrapped_app
    await app(scope, receive, sender)
  File "C:\Users\Twazei_ceo\AppData\Roaming\Python\Python314\site-packages\starlette\routing.py", line 73, in app
    response = await f(request)
               ^^^^^^^^^^^^^^^^
  File "C:\Python314\Lib\site-packages\fastapi\routing.py", line 301, in app
    raw_response = await run_endpoint_function(
                   ^^^^^^^^^^^^^^^^^^^^^^^^^^^^
    ...<3 lines>...
    )
    ^
  File "C:\Python314\Lib\site-packages\fastapi\routing.py", line 212, in run_endpoint_function
    return await dependant.call(**values)
           ^^^^^^^^^^^^^^^^^^^^^^^^^^^^^^
  File "E:\Huffathul Hifaaz_asl\services\core-backend\app\routers\auth.py", line 106, in login
    user_query = await db.execute(select(User).where(User.email == target_email))
                 ^^^^^^^^^^^^^^^^^^^^^^^^^^^^^^^^^^^^^^^^^^^^^^^^^^^^^^^^^^^^^^^^
  File "C:\Users\Twazei_ceo\AppData\Roaming\Python\Python314\site-packages\sqlalchemy\ext\asyncio\session.py", line 448, in execute
    result = await greenlet_spawn(
             ^^^^^^^^^^^^^^^^^^^^^
    ...<6 lines>...
    )
    ^
  File "C:\Users\Twazei_ceo\AppData\Roaming\Python\Python314\site-packages\sqlalchemy\util\_concurrency_py3k.py", line 201, in greenlet_spawn
    result = context.throw(*sys.exc_info())
  File "C:\Users\Twazei_ceo\AppData\Roaming\Python\Python314\site-packages\sqlalchemy\orm\session.py", line 2373, in execute
    return self._execute_internal(
           ~~~~~~~~~~~~~~~~~~~~~~^
        statement,
        ^^^^^^^^^^
    ...<4 lines>...
        _add_event=_add_event,
        ^^^^^^^^^^^^^^^^^^^^^^
    )
    ^
  File "C:\Users\Twazei_ceo\AppData\Roaming\Python\Python314\site-packages\sqlalchemy\orm\session.py", line 2261, in _execute_internal
    conn = self._connection_for_bind(bind)
  File "C:\Users\Twazei_ceo\AppData\Roaming\Python\Python314\site-packages\sqlalchemy\orm\session.py", line 2113, in _connection_for_bind
    return trans._connection_for_bind(engine, execution_options)
           ~~~~~~~~~~~~~~~~~~~~~~~~~~^^^^^^^^^^^^^^^^^^^^^^^^^^^
  File "<string>", line 2, in _connection_for_bind
  File "C:\Users\Twazei_ceo\AppData\Roaming\Python\Python314\site-packages\sqlalchemy\orm\state_changes.py", line 137, in _go
    ret_value = fn(self, *arg, **kw)
  File "C:\Users\Twazei_ceo\AppData\Roaming\Python\Python314\site-packages\sqlalchemy\orm\session.py", line 1191, in _connection_for_bind
    conn = bind.connect()
  File "C:\Users\Twazei_ceo\AppData\Roaming\Python\Python314\site-packages\sqlalchemy\engine\base.py", line 3295, in connect
    return self._connection_cls(self)
           ~~~~~~~~~~~~~~~~~~~~^^^^^^
  File "C:\Users\Twazei_ceo\AppData\Roaming\Python\Python314\site-packages\sqlalchemy\engine\base.py", line 144, in __init__
    self._dbapi_connection = engine.raw_connection()
                             ~~~~~~~~~~~~~~~~~~~~~^^
  File "C:\Users\Twazei_ceo\AppData\Roaming\Python\Python314\site-packages\sqlalchemy\engine\base.py", line 3319, in raw_connection
    return self.pool.connect()
           ~~~~~~~~~~~~~~~~~^^
  File "C:\Users\Twazei_ceo\AppData\Roaming\Python\Python314\site-packages\sqlalchemy\pool\base.py", line 448, in connect
    return _ConnectionFairy._checkout(self)
           ~~~~~~~~~~~~~~~~~~~~~~~~~~^^^^^^
  File "C:\Users\Twazei_ceo\AppData\Roaming\Python\Python314\site-packages\sqlalchemy\pool\base.py", line 1272, in _checkout
    fairy = _ConnectionRecord.checkout(pool)
  File "C:\Users\Twazei_ceo\AppData\Roaming\Python\Python314\site-packages\sqlalchemy\pool\base.py", line 712, in checkout
    rec = pool._do_get()
  File "C:\Users\Twazei_ceo\AppData\Roaming\Python\Python314\site-packages\sqlalchemy\pool\impl.py", line 178, in _do_get
    with util.safe_reraise():
         ~~~~~~~~~~~~~~~~~^^
  File "C:\Users\Twazei_ceo\AppData\Roaming\Python\Python314\site-packages\sqlalchemy\util\langhelpers.py", line 122, in __exit__
    raise exc_value.with_traceback(exc_tb)
  File "C:\Users\Twazei_ceo\AppData\Roaming\Python\Python314\site-packages\sqlalchemy\pool\impl.py", line 176, in _do_get
    return self._create_connection()
           ~~~~~~~~~~~~~~~~~~~~~~~^^
  File "C:\Users\Twazei_ceo\AppData\Roaming\Python\Python314\site-packages\sqlalchemy\pool\base.py", line 389, in _create_connection
    return _ConnectionRecord(self)
  File "C:\Users\Twazei_ceo\AppData\Roaming\Python\Python314\site-packages\sqlalchemy\pool\base.py", line 674, in __init__
    self.__connect()
    ~~~~~~~~~~~~~~^^
  File "C:\Users\Twazei_ceo\AppData\Roaming\Python\Python314\site-packages\sqlalchemy\pool\base.py", line 900, in __connect
    with util.safe_reraise():
         ~~~~~~~~~~~~~~~~~^^
  File "C:\Users\Twazei_ceo\AppData\Roaming\Python\Python314\site-packages\sqlalchemy\util\langhelpers.py", line 122, in __exit__
    raise exc_value.with_traceback(exc_tb)
  File "C:\Users\Twazei_ceo\AppData\Roaming\Python\Python314\site-packages\sqlalchemy\pool\base.py", line 896, in __connect
    self.dbapi_connection = connection = pool._invoke_creator(self)
                                         ~~~~~~~~~~~~~~~~~~~~^^^^^^
  File "C:\Users\Twazei_ceo\AppData\Roaming\Python\Python314\site-packages\sqlalchemy\engine\create.py", line 667, in connect
    return dialect.connect(*cargs_tup, **cparams)
           ~~~~~~~~~~~~~~~^^^^^^^^^^^^^^^^^^^^^^^
  File "C:\Users\Twazei_ceo\AppData\Roaming\Python\Python314\site-packages\sqlalchemy\engine\default.py", line 630, in connect
    return self.loaded_dbapi.connect(*cargs, **cparams)  # type: ignore[no-any-return]  # NOQA: E501
           ~~~~~~~~~~~~~~~~~~~~~~~~~^^^^^^^^^^^^^^^^^^^
  File "C:\Users\Twazei_ceo\AppData\Roaming\Python\Python314\site-packages\sqlalchemy\dialects\postgresql\asyncpg.py", line 955, in connect
    await_only(creator_fn(*arg, **kw)),
    ~~~~~~~~~~^^^^^^^^^^^^^^^^^^^^^^^^
  File "C:\Users\Twazei_ceo\AppData\Roaming\Python\Python314\site-packages\sqlalchemy\util\_concurrency_py3k.py", line 132, in await_only
    return current.parent.switch(awaitable)  # type: ignore[no-any-return,attr-defined] # noqa: E501
           ~~~~~~~~~~~~~~~~~~~~~^^^^^^^^^^^
  File "C:\Users\Twazei_ceo\AppData\Roaming\Python\Python314\site-packages\sqlalchemy\util\_concurrency_py3k.py", line 196, in greenlet_spawn
    value = await result
            ^^^^^^^^^^^^
  File "C:\Users\Twazei_ceo\AppData\Roaming\Python\Python314\site-packages\asyncpg\connection.py", line 2443, in connect
    return await connect_utils._connect(
           ^^^^^^^^^^^^^^^^^^^^^^^^^^^^^
    ...<22 lines>...
    )
    ^
  File "C:\Users\Twazei_ceo\AppData\Roaming\Python\Python314\site-packages\asyncpg\connect_utils.py", line 1249, in _connect
    raise last_error or exceptions.TargetServerAttributeNotMatched(
    ...<2 lines>...
    )
  File "C:\Users\Twazei_ceo\AppData\Roaming\Python\Python314\site-packages\asyncpg\connect_utils.py", line 1218, in _connect
    conn = await _connect_addr(
           ^^^^^^^^^^^^^^^^^^^^
    ...<6 lines>...
    )
    ^
  File "C:\Users\Twazei_ceo\AppData\Roaming\Python\Python314\site-packages\asyncpg\connect_utils.py", line 1054, in _connect_addr
    return await __connect_addr(params, True, *args)
           ^^^^^^^^^^^^^^^^^^^^^^^^^^^^^^^^^^^^^^^^^
  File "C:\Users\Twazei_ceo\AppData\Roaming\Python\Python314\site-packages\asyncpg\connect_utils.py", line 1099, in __connect_addr
    tr, pr = await connector
             ^^^^^^^^^^^^^^^
  File "C:\Users\Twazei_ceo\AppData\Roaming\Python\Python314\site-packages\asyncpg\connect_utils.py", line 969, in _create_ssl_connection
    tr, pr = await loop.create_connection(
             ^^^^^^^^^^^^^^^^^^^^^^^^^^^^^
    ...<2 lines>...
        host, port)
        ^^^^^^^^^^^
  File "C:\Python314\Lib\asyncio\base_events.py", line 1173, in create_connection
    raise exceptions[0]
  File "C:\Python314\Lib\asyncio\base_events.py", line 1143, in create_connection
    sock = await self._connect_sock(
           ^^^^^^^^^^^^^^^^^^^^^^^^^
        exceptions, addrinfo, laddr_infos)
        ^^^^^^^^^^^^^^^^^^^^^^^^^^^^^^^^^^
  File "C:\Python314\Lib\asyncio\base_events.py", line 1042, in _connect_sock
    await self.sock_connect(sock, address)
  File "C:\Python314\Lib\asyncio\proactor_events.py", line 728, in sock_connect
    return await self._proactor.connect(sock, address)
           ^^^^^^^^^^^^^^^^^^^^^^^^^^^^^^^^^^^^^^^^^^^
  File "C:\Python314\Lib\asyncio\windows_events.py", line 804, in _poll
    value = callback(transferred, key, ov)
  File "C:\Python314\Lib\asyncio\windows_events.py", line 600, in finish_connect
    ov.getresult()
    ~~~~~~~~~~~~^^
ConnectionRefusedError: [WinError 1225] The remote computer refused the network connection
ERROR:    Exception in ASGI application
  + Exception Group Traceback (most recent call last):
  |   File "C:\Users\Twazei_ceo\AppData\Roaming\Python\Python314\site-packages\starlette\_utils.py", line 77, in collapse_excgroups
  |     yield
  |   File "C:\Users\Twazei_ceo\AppData\Roaming\Python\Python314\site-packages\starlette\middleware\base.py", line 186, in __call__
  |     async with anyio.create_task_group() as task_group:
  |                ~~~~~~~~~~~~~~~~~~~~~~~^^
  |   File "C:\Python314\Lib\site-packages\anyio\_backends\_asyncio.py", line 815, in __aexit__
  |     raise BaseExceptionGroup(
  |         "unhandled errors in a TaskGroup", self._exceptions
  |     ) from None
  | ExceptionGroup: unhandled errors in a TaskGroup (1 sub-exception)
  +-+---------------- 1 ----------------
    | Traceback (most recent call last):
    |   File "C:\Python314\Lib\site-packages\uvicorn\protocols\http\httptools_impl.py", line 401, in run_asgi
    |     result = await app(  # type: ignore[func-returns-value]
    |              ^^^^^^^^^^^^^^^^^^^^^^^^^^^^^^^^^^^^^^^^^^^^^^
    |         self.scope, self.receive, self.send
    |         ^^^^^^^^^^^^^^^^^^^^^^^^^^^^^^^^^^^
    |     )
    |     ^
    |   File "C:\Python314\Lib\site-packages\uvicorn\middleware\proxy_headers.py", line 70, in __call__
    |     return await self.app(scope, receive, send)
    |            ^^^^^^^^^^^^^^^^^^^^^^^^^^^^^^^^^^^^
    |   File "C:\Python314\Lib\site-packages\fastapi\applications.py", line 1054, in __call__
    |     await super().__call__(scope, receive, send)
    |   File "C:\Users\Twazei_ceo\AppData\Roaming\Python\Python314\site-packages\starlette\applications.py", line 113, in __call__
    |     await self.middleware_stack(scope, receive, send)
    |   File "C:\Users\Twazei_ceo\AppData\Roaming\Python\Python314\site-packages\starlette\middleware\errors.py", line 187, in __call__
    |     raise exc
    |   File "C:\Users\Twazei_ceo\AppData\Roaming\Python\Python314\site-packages\starlette\middleware\errors.py", line 165, in __call__
    |     await self.app(scope, receive, _send)
    |   File "C:\Users\Twazei_ceo\AppData\Roaming\Python\Python314\site-packages\starlette\middleware\base.py", line 185, in __call__
    |     with collapse_excgroups():
    |          ~~~~~~~~~~~~~~~~~~^^
    |   File "C:\Python314\Lib\contextlib.py", line 162, in __exit__
    |     self.gen.throw(value)
    |     ~~~~~~~~~~~~~~^^^^^^^
    |   File "C:\Users\Twazei_ceo\AppData\Roaming\Python\Python314\site-packages\starlette\_utils.py", line 83, in collapse_excgroups
    |     raise exc
    |   File "C:\Users\Twazei_ceo\AppData\Roaming\Python\Python314\site-packages\starlette\middleware\base.py", line 187, in __call__
    |     response = await self.dispatch_func(request, call_next)
    |                ^^^^^^^^^^^^^^^^^^^^^^^^^^^^^^^^^^^^^^^^^^^^
    |   File "E:\Huffathul Hifaaz_asl\services\core-backend\app\main.py", line 102, in log_request_performance
    |     response = await call_next(request)
    |                ^^^^^^^^^^^^^^^^^^^^^^^^
    |   File "C:\Users\Twazei_ceo\AppData\Roaming\Python\Python314\site-packages\starlette\middleware\base.py", line 163, in call_next
    |     raise app_exc
    |   File "C:\Users\Twazei_ceo\AppData\Roaming\Python\Python314\site-packages\starlette\middleware\base.py", line 149, in coro
    |     await self.app(scope, receive_or_disconnect, send_no_error)
    |   File "C:\Users\Twazei_ceo\AppData\Roaming\Python\Python314\site-packages\starlette\middleware\cors.py", line 93, in __call__
    |     await self.simple_response(scope, receive, send, request_headers=headers)
    |   File "C:\Users\Twazei_ceo\AppData\Roaming\Python\Python314\site-packages\starlette\middleware\cors.py", line 144, in simple_response
    |     await self.app(scope, receive, send)
    |   File "C:\Users\Twazei_ceo\AppData\Roaming\Python\Python314\site-packages\starlette\middleware\exceptions.py", line 62, in __call__
    |     await wrap_app_handling_exceptions(self.app, conn)(scope, receive, send)
    |   File "C:\Users\Twazei_ceo\AppData\Roaming\Python\Python314\site-packages\starlette\_exception_handler.py", line 62, in wrapped_app
    |     raise exc
    |   File "C:\Users\Twazei_ceo\AppData\Roaming\Python\Python314\site-packages\starlette\_exception_handler.py", line 51, in wrapped_app
    |     await app(scope, receive, sender)
    |   File "C:\Users\Twazei_ceo\AppData\Roaming\Python\Python314\site-packages\starlette\routing.py", line 715, in __call__
    |     await self.middleware_stack(scope, receive, send)
    |   File "C:\Users\Twazei_ceo\AppData\Roaming\Python\Python314\site-packages\starlette\routing.py", line 735, in app
    |     await route.handle(scope, receive, send)
    |   File "C:\Users\Twazei_ceo\AppData\Roaming\Python\Python314\site-packages\starlette\routing.py", line 288, in handle
    |     await self.app(scope, receive, send)
    |   File "C:\Users\Twazei_ceo\AppData\Roaming\Python\Python314\site-packages\starlette\routing.py", line 76, in app
    |     await wrap_app_handling_exceptions(app, request)(scope, receive, send)
    |   File "C:\Users\Twazei_ceo\AppData\Roaming\Python\Python314\site-packages\starlette\_exception_handler.py", line 62, in wrapped_app
    |     raise exc
    |   File "C:\Users\Twazei_ceo\AppData\Roaming\Python\Python314\site-packages\starlette\_exception_handler.py", line 51, in wrapped_app
    |     await app(scope, receive, sender)
    |   File "C:\Users\Twazei_ceo\AppData\Roaming\Python\Python314\site-packages\starlette\routing.py", line 73, in app
    |     response = await f(request)
    |                ^^^^^^^^^^^^^^^^
    |   File "C:\Python314\Lib\site-packages\fastapi\routing.py", line 301, in app
    |     raw_response = await run_endpoint_function(
    |                    ^^^^^^^^^^^^^^^^^^^^^^^^^^^^
    |     ...<3 lines>...
    |     )
    |     ^
    |   File "C:\Python314\Lib\site-packages\fastapi\routing.py", line 212, in run_endpoint_function
    |     return await dependant.call(**values)
    |            ^^^^^^^^^^^^^^^^^^^^^^^^^^^^^^
    |   File "E:\Huffathul Hifaaz_asl\services\core-backend\app\routers\auth.py", line 106, in login
    |     user_query = await db.execute(select(User).where(User.email == target_email))
    |                  ^^^^^^^^^^^^^^^^^^^^^^^^^^^^^^^^^^^^^^^^^^^^^^^^^^^^^^^^^^^^^^^^
    |   File "C:\Users\Twazei_ceo\AppData\Roaming\Python\Python314\site-packages\sqlalchemy\ext\asyncio\session.py", line 448, in execute
    |     result = await greenlet_spawn(
    |              ^^^^^^^^^^^^^^^^^^^^^
    |     ...<6 lines>...
    |     )
    |     ^
    |   File "C:\Users\Twazei_ceo\AppData\Roaming\Python\Python314\site-packages\sqlalchemy\util\_concurrency_py3k.py", line 201, in greenlet_spawn
    |     result = context.throw(*sys.exc_info())
    |   File "C:\Users\Twazei_ceo\AppData\Roaming\Python\Python314\site-packages\sqlalchemy\orm\session.py", line 2373, in execute
    |     return self._execute_internal(
    |            ~~~~~~~~~~~~~~~~~~~~~~^
    |         statement,
    |         ^^^^^^^^^^
    |     ...<4 lines>...
    |         _add_event=_add_event,
    |         ^^^^^^^^^^^^^^^^^^^^^^
    |     )
    |     ^
    |   File "C:\Users\Twazei_ceo\AppData\Roaming\Python\Python314\site-packages\sqlalchemy\orm\session.py", line 2261, in _execute_internal
    |     conn = self._connection_for_bind(bind)
    |   File "C:\Users\Twazei_ceo\AppData\Roaming\Python\Python314\site-packages\sqlalchemy\orm\session.py", line 2113, in _connection_for_bind
    |     return trans._connection_for_bind(engine, execution_options)
    |            ~~~~~~~~~~~~~~~~~~~~~~~~~~^^^^^^^^^^^^^^^^^^^^^^^^^^^
    |   File "<string>", line 2, in _connection_for_bind
    |   File "C:\Users\Twazei_ceo\AppData\Roaming\Python\Python314\site-packages\sqlalchemy\orm\state_changes.py", line 137, in _go
    |     ret_value = fn(self, *arg, **kw)
    |   File "C:\Users\Twazei_ceo\AppData\Roaming\Python\Python314\site-packages\sqlalchemy\orm\session.py", line 1191, in _connection_for_bind
    |     conn = bind.connect()
    |   File "C:\Users\Twazei_ceo\AppData\Roaming\Python\Python314\site-packages\sqlalchemy\engine\base.py", line 3295, in connect
    |     return self._connection_cls(self)
    |            ~~~~~~~~~~~~~~~~~~~~^^^^^^
    |   File "C:\Users\Twazei_ceo\AppData\Roaming\Python\Python314\site-packages\sqlalchemy\engine\base.py", line 144, in __init__
    |     self._dbapi_connection = engine.raw_connection()
    |                              ~~~~~~~~~~~~~~~~~~~~~^^
    |   File "C:\Users\Twazei_ceo\AppData\Roaming\Python\Python314\site-packages\sqlalchemy\engine\base.py", line 3319, in raw_connection
    |     return self.pool.connect()
    |            ~~~~~~~~~~~~~~~~~^^
    |   File "C:\Users\Twazei_ceo\AppData\Roaming\Python\Python314\site-packages\sqlalchemy\pool\base.py", line 448, in connect
    |     return _ConnectionFairy._checkout(self)
    |            ~~~~~~~~~~~~~~~~~~~~~~~~~~^^^^^^
    |   File "C:\Users\Twazei_ceo\AppData\Roaming\Python\Python314\site-packages\sqlalchemy\pool\base.py", line 1272, in _checkout
    |     fairy = _ConnectionRecord.checkout(pool)
    |   File "C:\Users\Twazei_ceo\AppData\Roaming\Python\Python314\site-packages\sqlalchemy\pool\base.py", line 712, in checkout
    |     rec = pool._do_get()
    |   File "C:\Users\Twazei_ceo\AppData\Roaming\Python\Python314\site-packages\sqlalchemy\pool\impl.py", line 178, in _do_get
    |     with util.safe_reraise():
    |          ~~~~~~~~~~~~~~~~~^^
    |   File "C:\Users\Twazei_ceo\AppData\Roaming\Python\Python314\site-packages\sqlalchemy\util\langhelpers.py", line 122, in __exit__
    |     raise exc_value.with_traceback(exc_tb)
    |   File "C:\Users\Twazei_ceo\AppData\Roaming\Python\Python314\site-packages\sqlalchemy\pool\impl.py", line 176, in _do_get
    |     return self._create_connection()
    |            ~~~~~~~~~~~~~~~~~~~~~~~^^
    |   File "C:\Users\Twazei_ceo\AppData\Roaming\Python\Python314\site-packages\sqlalchemy\pool\base.py", line 389, in _create_connection
    |     return _ConnectionRecord(self)
    |   File "C:\Users\Twazei_ceo\AppData\Roaming\Python\Python314\site-packages\sqlalchemy\pool\base.py", line 674, in __init__
    |     self.__connect()
    |     ~~~~~~~~~~~~~~^^
    |   File "C:\Users\Twazei_ceo\AppData\Roaming\Python\Python314\site-packages\sqlalchemy\pool\base.py", line 900, in __connect
    |     with util.safe_reraise():
    |          ~~~~~~~~~~~~~~~~~^^
    |   File "C:\Users\Twazei_ceo\AppData\Roaming\Python\Python314\site-packages\sqlalchemy\util\langhelpers.py", line 122, in __exit__
    |     raise exc_value.with_traceback(exc_tb)
    |   File "C:\Users\Twazei_ceo\AppData\Roaming\Python\Python314\site-packages\sqlalchemy\pool\base.py", line 896, in __connect
    |     self.dbapi_connection = connection = pool._invoke_creator(self)
    |                                          ~~~~~~~~~~~~~~~~~~~~^^^^^^
    |   File "C:\Users\Twazei_ceo\AppData\Roaming\Python\Python314\site-packages\sqlalchemy\engine\create.py", line 667, in connect
    |     return dialect.connect(*cargs_tup, **cparams)
    |            ~~~~~~~~~~~~~~~^^^^^^^^^^^^^^^^^^^^^^^
    |   File "C:\Users\Twazei_ceo\AppData\Roaming\Python\Python314\site-packages\sqlalchemy\engine\default.py", line 630, in connect
    |     return self.loaded_dbapi.connect(*cargs, **cparams)  # type: ignore[no-any-return]  # NOQA: E501
    |            ~~~~~~~~~~~~~~~~~~~~~~~~~^^^^^^^^^^^^^^^^^^^
    |   File "C:\Users\Twazei_ceo\AppData\Roaming\Python\Python314\site-packages\sqlalchemy\dialects\postgresql\asyncpg.py", line 955, in connect
    |     await_only(creator_fn(*arg, **kw)),
    |     ~~~~~~~~~~^^^^^^^^^^^^^^^^^^^^^^^^
    |   File "C:\Users\Twazei_ceo\AppData\Roaming\Python\Python314\site-packages\sqlalchemy\util\_concurrency_py3k.py", line 132, in await_only
    |     return current.parent.switch(awaitable)  # type: ignore[no-any-return,attr-defined] # noqa: E501
    |            ~~~~~~~~~~~~~~~~~~~~~^^^^^^^^^^^
    |   File "C:\Users\Twazei_ceo\AppData\Roaming\Python\Python314\site-packages\sqlalchemy\util\_concurrency_py3k.py", line 196, in greenlet_spawn
    |     value = await result
    |             ^^^^^^^^^^^^
    |   File "C:\Users\Twazei_ceo\AppData\Roaming\Python\Python314\site-packages\asyncpg\connection.py", line 2443, in connect
    |     return await connect_utils._connect(
    |            ^^^^^^^^^^^^^^^^^^^^^^^^^^^^^
    |     ...<22 lines>...
    |     )
    |     ^
    |   File "C:\Users\Twazei_ceo\AppData\Roaming\Python\Python314\site-packages\asyncpg\connect_utils.py", line 1249, in _connect
    |     raise last_error or exceptions.TargetServerAttributeNotMatched(
    |     ...<2 lines>...
    |     )
    |   File "C:\Users\Twazei_ceo\AppData\Roaming\Python\Python314\site-packages\asyncpg\connect_utils.py", line 1218, in _connect
    |     conn = await _connect_addr(
    |            ^^^^^^^^^^^^^^^^^^^^
    |     ...<6 lines>...
    |     )
    |     ^
    |   File "C:\Users\Twazei_ceo\AppData\Roaming\Python\Python314\site-packages\asyncpg\connect_utils.py", line 1054, in _connect_addr
    |     return await __connect_addr(params, True, *args)
    |            ^^^^^^^^^^^^^^^^^^^^^^^^^^^^^^^^^^^^^^^^^
    |   File "C:\Users\Twazei_ceo\AppData\Roaming\Python\Python314\site-packages\asyncpg\connect_utils.py", line 1099, in __connect_addr
    |     tr, pr = await connector
    |              ^^^^^^^^^^^^^^^
    |   File "C:\Users\Twazei_ceo\AppData\Roaming\Python\Python314\site-packages\asyncpg\connect_utils.py", line 969, in _create_ssl_connection
    |     tr, pr = await loop.create_connection(
    |              ^^^^^^^^^^^^^^^^^^^^^^^^^^^^^
    |     ...<2 lines>...
    |         host, port)
    |         ^^^^^^^^^^^
    |   File "C:\Python314\Lib\asyncio\base_events.py", line 1173, in create_connection
    |     raise exceptions[0]
    |   File "C:\Python314\Lib\asyncio\base_events.py", line 1143, in create_connection
    |     sock = await self._connect_sock(
    |            ^^^^^^^^^^^^^^^^^^^^^^^^^
    |         exceptions, addrinfo, laddr_infos)
    |         ^^^^^^^^^^^^^^^^^^^^^^^^^^^^^^^^^^
    |   File "C:\Python314\Lib\asyncio\base_events.py", line 1042, in _connect_sock
    |     await self.sock_connect(sock, address)
    |   File "C:\Python314\Lib\asyncio\proactor_events.py", line 728, in sock_connect
    |     return await self._proactor.connect(sock, address)
    |            ^^^^^^^^^^^^^^^^^^^^^^^^^^^^^^^^^^^^^^^^^^^
    |   File "C:\Python314\Lib\asyncio\windows_events.py", line 804, in _poll
    |     value = callback(transferred, key, ov)
    |   File "C:\Python314\Lib\asyncio\windows_events.py", line 600, in finish_connect
    |     ov.getresult()
    |     ~~~~~~~~~~~~^^
    | ConnectionRefusedError: [WinError 1225] The remote computer refused the network connection
    +------------------------------------

During handling of the above exception, another exception occurred:

Traceback (most recent call last):
  File "C:\Python314\Lib\site-packages\uvicorn\protocols\http\httptools_impl.py", line 401, in run_asgi
    result = await app(  # type: ignore[func-returns-value]
             ^^^^^^^^^^^^^^^^^^^^^^^^^^^^^^^^^^^^^^^^^^^^^^
        self.scope, self.receive, self.send
        ^^^^^^^^^^^^^^^^^^^^^^^^^^^^^^^^^^^
    )
    ^
  File "C:\Python314\Lib\site-packages\uvicorn\middleware\proxy_headers.py", line 70, in __call__
    return await self.app(scope, receive, send)
           ^^^^^^^^^^^^^^^^^^^^^^^^^^^^^^^^^^^^
  File "C:\Python314\Lib\site-packages\fastapi\applications.py", line 1054, in __call__
    await super().__call__(scope, receive, send)
  File "C:\Users\Twazei_ceo\AppData\Roaming\Python\Python314\site-packages\starlette\applications.py", line 113, in __call__
    await self.middleware_stack(scope, receive, send)
  File "C:\Users\Twazei_ceo\AppData\Roaming\Python\Python314\site-packages\starlette\middleware\errors.py", line 187, in __call__
    raise exc
  File "C:\Users\Twazei_ceo\AppData\Roaming\Python\Python314\site-packages\starlette\middleware\errors.py", line 165, in __call__
    await self.app(scope, receive, _send)
  File "C:\Users\Twazei_ceo\AppData\Roaming\Python\Python314\site-packages\starlette\middleware\base.py", line 185, in __call__
    with collapse_excgroups():
         ~~~~~~~~~~~~~~~~~~^^
  File "C:\Python314\Lib\contextlib.py", line 162, in __exit__
    self.gen.throw(value)
    ~~~~~~~~~~~~~~^^^^^^^
  File "C:\Users\Twazei_ceo\AppData\Roaming\Python\Python314\site-packages\starlette\_utils.py", line 83, in collapse_excgroups
    raise exc
  File "C:\Users\Twazei_ceo\AppData\Roaming\Python\Python314\site-packages\starlette\middleware\base.py", line 187, in __call__
    response = await self.dispatch_func(request, call_next)
               ^^^^^^^^^^^^^^^^^^^^^^^^^^^^^^^^^^^^^^^^^^^^
  File "E:\Huffathul Hifaaz_asl\services\core-backend\app\main.py", line 102, in log_request_performance
    response = await call_next(request)
               ^^^^^^^^^^^^^^^^^^^^^^^^
  File "C:\Users\Twazei_ceo\AppData\Roaming\Python\Python314\site-packages\starlette\middleware\base.py", line 163, in call_next
    raise app_exc
  File "C:\Users\Twazei_ceo\AppData\Roaming\Python\Python314\site-packages\starlette\middleware\base.py", line 149, in coro
    await self.app(scope, receive_or_disconnect, send_no_error)
  File "C:\Users\Twazei_ceo\AppData\Roaming\Python\Python314\site-packages\starlette\middleware\cors.py", line 93, in __call__
    await self.simple_response(scope, receive, send, request_headers=headers)
  File "C:\Users\Twazei_ceo\AppData\Roaming\Python\Python314\site-packages\starlette\middleware\cors.py", line 144, in simple_response
    await self.app(scope, receive, send)
  File "C:\Users\Twazei_ceo\AppData\Roaming\Python\Python314\site-packages\starlette\middleware\exceptions.py", line 62, in __call__
    await wrap_app_handling_exceptions(self.app, conn)(scope, receive, send)
  File "C:\Users\Twazei_ceo\AppData\Roaming\Python\Python314\site-packages\starlette\_exception_handler.py", line 62, in wrapped_app
    raise exc
  File "C:\Users\Twazei_ceo\AppData\Roaming\Python\Python314\site-packages\starlette\_exception_handler.py", line 51, in wrapped_app
    await app(scope, receive, sender)
  File "C:\Users\Twazei_ceo\AppData\Roaming\Python\Python314\site-packages\starlette\routing.py", line 715, in __call__
    await self.middleware_stack(scope, receive, send)
  File "C:\Users\Twazei_ceo\AppData\Roaming\Python\Python314\site-packages\starlette\routing.py", line 735, in app
    await route.handle(scope, receive, send)
  File "C:\Users\Twazei_ceo\AppData\Roaming\Python\Python314\site-packages\starlette\routing.py", line 288, in handle
    await self.app(scope, receive, send)
  File "C:\Users\Twazei_ceo\AppData\Roaming\Python\Python314\site-packages\starlette\routing.py", line 76, in app
    await wrap_app_handling_exceptions(app, request)(scope, receive, send)
  File "C:\Users\Twazei_ceo\AppData\Roaming\Python\Python314\site-packages\starlette\_exception_handler.py", line 62, in wrapped_app
    raise exc
  File "C:\Users\Twazei_ceo\AppData\Roaming\Python\Python314\site-packages\starlette\_exception_handler.py", line 51, in wrapped_app
    await app(scope, receive, sender)
  File "C:\Users\Twazei_ceo\AppData\Roaming\Python\Python314\site-packages\starlette\routing.py", line 73, in app
    response = await f(request)
               ^^^^^^^^^^^^^^^^
  File "C:\Python314\Lib\site-packages\fastapi\routing.py", line 301, in app
    raw_response = await run_endpoint_function(
                   ^^^^^^^^^^^^^^^^^^^^^^^^^^^^
    ...<3 lines>...
    )
    ^
  File "C:\Python314\Lib\site-packages\fastapi\routing.py", line 212, in run_endpoint_function
    return await dependant.call(**values)
           ^^^^^^^^^^^^^^^^^^^^^^^^^^^^^^
  File "E:\Huffathul Hifaaz_asl\services\core-backend\app\routers\auth.py", line 106, in login
    user_query = await db.execute(select(User).where(User.email == target_email))
                 ^^^^^^^^^^^^^^^^^^^^^^^^^^^^^^^^^^^^^^^^^^^^^^^^^^^^^^^^^^^^^^^^
  File "C:\Users\Twazei_ceo\AppData\Roaming\Python\Python314\site-packages\sqlalchemy\ext\asyncio\session.py", line 448, in execute
    result = await greenlet_spawn(
             ^^^^^^^^^^^^^^^^^^^^^
    ...<6 lines>...
    )
    ^
  File "C:\Users\Twazei_ceo\AppData\Roaming\Python\Python314\site-packages\sqlalchemy\util\_concurrency_py3k.py", line 201, in greenlet_spawn
    result = context.throw(*sys.exc_info())
  File "C:\Users\Twazei_ceo\AppData\Roaming\Python\Python314\site-packages\sqlalchemy\orm\session.py", line 2373, in execute
    return self._execute_internal(
           ~~~~~~~~~~~~~~~~~~~~~~^
        statement,
        ^^^^^^^^^^
    ...<4 lines>...
        _add_event=_add_event,
        ^^^^^^^^^^^^^^^^^^^^^^
    )
    ^
  File "C:\Users\Twazei_ceo\AppData\Roaming\Python\Python314\site-packages\sqlalchemy\orm\session.py", line 2261, in _execute_internal
    conn = self._connection_for_bind(bind)
  File "C:\Users\Twazei_ceo\AppData\Roaming\Python\Python314\site-packages\sqlalchemy\orm\session.py", line 2113, in _connection_for_bind
    return trans._connection_for_bind(engine, execution_options)
           ~~~~~~~~~~~~~~~~~~~~~~~~~~^^^^^^^^^^^^^^^^^^^^^^^^^^^
  File "<string>", line 2, in _connection_for_bind
  File "C:\Users\Twazei_ceo\AppData\Roaming\Python\Python314\site-packages\sqlalchemy\orm\state_changes.py", line 137, in _go
    ret_value = fn(self, *arg, **kw)
  File "C:\Users\Twazei_ceo\AppData\Roaming\Python\Python314\site-packages\sqlalchemy\orm\session.py", line 1191, in _connection_for_bind
    conn = bind.connect()
  File "C:\Users\Twazei_ceo\AppData\Roaming\Python\Python314\site-packages\sqlalchemy\engine\base.py", line 3295, in connect
    return self._connection_cls(self)
           ~~~~~~~~~~~~~~~~~~~~^^^^^^
  File "C:\Users\Twazei_ceo\AppData\Roaming\Python\Python314\site-packages\sqlalchemy\engine\base.py", line 144, in __init__
    self._dbapi_connection = engine.raw_connection()
                             ~~~~~~~~~~~~~~~~~~~~~^^
  File "C:\Users\Twazei_ceo\AppData\Roaming\Python\Python314\site-packages\sqlalchemy\engine\base.py", line 3319, in raw_connection
    return self.pool.connect()
           ~~~~~~~~~~~~~~~~~^^
  File "C:\Users\Twazei_ceo\AppData\Roaming\Python\Python314\site-packages\sqlalchemy\pool\base.py", line 448, in connect
    return _ConnectionFairy._checkout(self)
           ~~~~~~~~~~~~~~~~~~~~~~~~~~^^^^^^
  File "C:\Users\Twazei_ceo\AppData\Roaming\Python\Python314\site-packages\sqlalchemy\pool\base.py", line 1272, in _checkout
    fairy = _ConnectionRecord.checkout(pool)
  File "C:\Users\Twazei_ceo\AppData\Roaming\Python\Python314\site-packages\sqlalchemy\pool\base.py", line 712, in checkout
    rec = pool._do_get()
  File "C:\Users\Twazei_ceo\AppData\Roaming\Python\Python314\site-packages\sqlalchemy\pool\impl.py", line 178, in _do_get
    with util.safe_reraise():
         ~~~~~~~~~~~~~~~~~^^
  File "C:\Users\Twazei_ceo\AppData\Roaming\Python\Python314\site-packages\sqlalchemy\util\langhelpers.py", line 122, in __exit__
    raise exc_value.with_traceback(exc_tb)
  File "C:\Users\Twazei_ceo\AppData\Roaming\Python\Python314\site-packages\sqlalchemy\pool\impl.py", line 176, in _do_get
    return self._create_connection()
           ~~~~~~~~~~~~~~~~~~~~~~~^^
  File "C:\Users\Twazei_ceo\AppData\Roaming\Python\Python314\site-packages\sqlalchemy\pool\base.py", line 389, in _create_connection
    return _ConnectionRecord(self)
  File "C:\Users\Twazei_ceo\AppData\Roaming\Python\Python314\site-packages\sqlalchemy\pool\base.py", line 674, in __init__
    self.__connect()
    ~~~~~~~~~~~~~~^^
  File "C:\Users\Twazei_ceo\AppData\Roaming\Python\Python314\site-packages\sqlalchemy\pool\base.py", line 900, in __connect
    with util.safe_reraise():
         ~~~~~~~~~~~~~~~~~^^
  File "C:\Users\Twazei_ceo\AppData\Roaming\Python\Python314\site-packages\sqlalchemy\util\langhelpers.py", line 122, in __exit__
    raise exc_value.with_traceback(exc_tb)
  File "C:\Users\Twazei_ceo\AppData\Roaming\Python\Python314\site-packages\sqlalchemy\pool\base.py", line 896, in __connect
    self.dbapi_connection = connection = pool._invoke_creator(self)
                                         ~~~~~~~~~~~~~~~~~~~~^^^^^^
  File "C:\Users\Twazei_ceo\AppData\Roaming\Python\Python314\site-packages\sqlalchemy\engine\create.py", line 667, in connect
    return dialect.connect(*cargs_tup, **cparams)
           ~~~~~~~~~~~~~~~^^^^^^^^^^^^^^^^^^^^^^^
  File "C:\Users\Twazei_ceo\AppData\Roaming\Python\Python314\site-packages\sqlalchemy\engine\default.py", line 630, in connect
    return self.loaded_dbapi.connect(*cargs, **cparams)  # type: ignore[no-any-return]  # NOQA: E501
           ~~~~~~~~~~~~~~~~~~~~~~~~~^^^^^^^^^^^^^^^^^^^
  File "C:\Users\Twazei_ceo\AppData\Roaming\Python\Python314\site-packages\sqlalchemy\dialects\postgresql\asyncpg.py", line 955, in connect
    await_only(creator_fn(*arg, **kw)),
    ~~~~~~~~~~^^^^^^^^^^^^^^^^^^^^^^^^
  File "C:\Users\Twazei_ceo\AppData\Roaming\Python\Python314\site-packages\sqlalchemy\util\_concurrency_py3k.py", line 132, in await_only
    return current.parent.switch(awaitable)  # type: ignore[no-any-return,attr-defined] # noqa: E501
           ~~~~~~~~~~~~~~~~~~~~~^^^^^^^^^^^
  File "C:\Users\Twazei_ceo\AppData\Roaming\Python\Python314\site-packages\sqlalchemy\util\_concurrency_py3k.py", line 196, in greenlet_spawn
    value = await result
            ^^^^^^^^^^^^
  File "C:\Users\Twazei_ceo\AppData\Roaming\Python\Python314\site-packages\asyncpg\connection.py", line 2443, in connect
    return await connect_utils._connect(
           ^^^^^^^^^^^^^^^^^^^^^^^^^^^^^
    ...<22 lines>...
    )
    ^
  File "C:\Users\Twazei_ceo\AppData\Roaming\Python\Python314\site-packages\asyncpg\connect_utils.py", line 1249, in _connect
    raise last_error or exceptions.TargetServerAttributeNotMatched(
    ...<2 lines>...
    )
  File "C:\Users\Twazei_ceo\AppData\Roaming\Python\Python314\site-packages\asyncpg\connect_utils.py", line 1218, in _connect
    conn = await _connect_addr(
           ^^^^^^^^^^^^^^^^^^^^
    ...<6 lines>...
    )
    ^
  File "C:\Users\Twazei_ceo\AppData\Roaming\Python\Python314\site-packages\asyncpg\connect_utils.py", line 1054, in _connect_addr
    return await __connect_addr(params, True, *args)
           ^^^^^^^^^^^^^^^^^^^^^^^^^^^^^^^^^^^^^^^^^
  File "C:\Users\Twazei_ceo\AppData\Roaming\Python\Python314\site-packages\asyncpg\connect_utils.py", line 1099, in __connect_addr
    tr, pr = await connector
             ^^^^^^^^^^^^^^^
  File "C:\Users\Twazei_ceo\AppData\Roaming\Python\Python314\site-packages\asyncpg\connect_utils.py", line 969, in _create_ssl_connection
    tr, pr = await loop.create_connection(
             ^^^^^^^^^^^^^^^^^^^^^^^^^^^^^
    ...<2 lines>...
        host, port)
        ^^^^^^^^^^^
  File "C:\Python314\Lib\asyncio\base_events.py", line 1173, in create_connection
    raise exceptions[0]
  File "C:\Python314\Lib\asyncio\base_events.py", line 1143, in create_connection
    sock = await self._connect_sock(
           ^^^^^^^^^^^^^^^^^^^^^^^^^
        exceptions, addrinfo, laddr_infos)
        ^^^^^^^^^^^^^^^^^^^^^^^^^^^^^^^^^^
  File "C:\Python314\Lib\asyncio\base_events.py", line 1042, in _connect_sock
    await self.sock_connect(sock, address)
  File "C:\Python314\Lib\asyncio\proactor_events.py", line 728, in sock_connect
    return await self._proactor.connect(sock, address)
           ^^^^^^^^^^^^^^^^^^^^^^^^^^^^^^^^^^^^^^^^^^^
  File "C:\Python314\Lib\asyncio\windows_events.py", line 804, in _poll
    value = callback(transferred, key, ov)
  File "C:\Python314\Lib\asyncio\windows_events.py", line 600, in finish_connect
    ov.getresult()
    ~~~~~~~~~~~~^^
ConnectionRefusedError: [WinError 1225] The remote computer refused the network connection
2026-08-24 15:44:37,744 [INFO] app.main: HTTP GET /healthz - Status: 200 - Duration: 0.001s
INFO:     127.0.0.1:61712 - "GET /healthz HTTP/1.1" 200 OK
2026-08-24 15:44:43,913 [ERROR] app.main: \U0001f6a8 RUNTIME UNHANDLED EXCEPTION: [WinError 1225] The remote computer refused the network connection
  + Exception Group Traceback (most recent call last):
  |   File "C:\Users\Twazei_ceo\AppData\Roaming\Python\Python314\site-packages\starlette\_utils.py", line 77, in collapse_excgroups
  |     yield
  |   File "C:\Users\Twazei_ceo\AppData\Roaming\Python\Python314\site-packages\starlette\middleware\base.py", line 186, in __call__
  |     async with anyio.create_task_group() as task_group:
  |                ~~~~~~~~~~~~~~~~~~~~~~~^^
  |   File "C:\Python314\Lib\site-packages\anyio\_backends\_asyncio.py", line 815, in __aexit__
  |     raise BaseExceptionGroup(
  |         "unhandled errors in a TaskGroup", self._exceptions
  |     ) from None
  | ExceptionGroup: unhandled errors in a TaskGroup (1 sub-exception)
  +-+---------------- 1 ----------------
    | Traceback (most recent call last):
    |   File "C:\Users\Twazei_ceo\AppData\Roaming\Python\Python314\site-packages\starlette\middleware\errors.py", line 165, in __call__
    |     await self.app(scope, receive, _send)
    |   File "C:\Users\Twazei_ceo\AppData\Roaming\Python\Python314\site-packages\starlette\middleware\base.py", line 185, in __call__
    |     with collapse_excgroups():
    |          ~~~~~~~~~~~~~~~~~~^^
    |   File "C:\Python314\Lib\contextlib.py", line 162, in __exit__
    |     self.gen.throw(value)
    |     ~~~~~~~~~~~~~~^^^^^^^
    |   File "C:\Users\Twazei_ceo\AppData\Roaming\Python\Python314\site-packages\starlette\_utils.py", line 83, in collapse_excgroups
    |     raise exc
    |   File "C:\Users\Twazei_ceo\AppData\Roaming\Python\Python314\site-packages\starlette\middleware\base.py", line 187, in __call__
    |     response = await self.dispatch_func(request, call_next)
    |                ^^^^^^^^^^^^^^^^^^^^^^^^^^^^^^^^^^^^^^^^^^^^
    |   File "E:\Huffathul Hifaaz_asl\services\core-backend\app\main.py", line 102, in log_request_performance
    |     response = await call_next(request)
    |                ^^^^^^^^^^^^^^^^^^^^^^^^
    |   File "C:\Users\Twazei_ceo\AppData\Roaming\Python\Python314\site-packages\starlette\middleware\base.py", line 163, in call_next
    |     raise app_exc
    |   File "C:\Users\Twazei_ceo\AppData\Roaming\Python\Python314\site-packages\starlette\middleware\base.py", line 149, in coro
    |     await self.app(scope, receive_or_disconnect, send_no_error)
    |   File "C:\Users\Twazei_ceo\AppData\Roaming\Python\Python314\site-packages\starlette\middleware\cors.py", line 93, in __call__
    |     await self.simple_response(scope, receive, send, request_headers=headers)
    |   File "C:\Users\Twazei_ceo\AppData\Roaming\Python\Python314\site-packages\starlette\middleware\cors.py", line 144, in simple_response
    |     await self.app(scope, receive, send)
    |   File "C:\Users\Twazei_ceo\AppData\Roaming\Python\Python314\site-packages\starlette\middleware\exceptions.py", line 62, in __call__
    |     await wrap_app_handling_exceptions(self.app, conn)(scope, receive, send)
    |   File "C:\Users\Twazei_ceo\AppData\Roaming\Python\Python314\site-packages\starlette\_exception_handler.py", line 62, in wrapped_app
    |     raise exc
    |   File "C:\Users\Twazei_ceo\AppData\Roaming\Python\Python314\site-packages\starlette\_exception_handler.py", line 51, in wrapped_app
    |     await app(scope, receive, sender)
    |   File "C:\Users\Twazei_ceo\AppData\Roaming\Python\Python314\site-packages\starlette\routing.py", line 715, in __call__
    |     await self.middleware_stack(scope, receive, send)
    |   File "C:\Users\Twazei_ceo\AppData\Roaming\Python\Python314\site-packages\starlette\routing.py", line 735, in app
    |     await route.handle(scope, receive, send)
    |   File "C:\Users\Twazei_ceo\AppData\Roaming\Python\Python314\site-packages\starlette\routing.py", line 288, in handle
    |     await self.app(scope, receive, send)
    |   File "C:\Users\Twazei_ceo\AppData\Roaming\Python\Python314\site-packages\starlette\routing.py", line 76, in app
    |     await wrap_app_handling_exceptions(app, request)(scope, receive, send)
    |   File "C:\Users\Twazei_ceo\AppData\Roaming\Python\Python314\site-packages\starlette\_exception_handler.py", line 62, in wrapped_app
    |     raise exc
    |   File "C:\Users\Twazei_ceo\AppData\Roaming\Python\Python314\site-packages\starlette\_exception_handler.py", line 51, in wrapped_app
    |     await app(scope, receive, sender)
    |   File "C:\Users\Twazei_ceo\AppData\Roaming\Python\Python314\site-packages\starlette\routing.py", line 73, in app
    |     response = await f(request)
    |                ^^^^^^^^^^^^^^^^
    |   File "C:\Python314\Lib\site-packages\fastapi\routing.py", line 301, in app
    |     raw_response = await run_endpoint_function(
    |                    ^^^^^^^^^^^^^^^^^^^^^^^^^^^^
    |     ...<3 lines>...
    |     )
    |     ^
    |   File "C:\Python314\Lib\site-packages\fastapi\routing.py", line 212, in run_endpoint_function
    |     return await dependant.call(**values)
    |            ^^^^^^^^^^^^^^^^^^^^^^^^^^^^^^
    |   File "E:\Huffathul Hifaaz_asl\services\core-backend\app\routers\auth.py", line 106, in login
    |     user_query = await db.execute(select(User).where(User.email == target_email))
    |                  ^^^^^^^^^^^^^^^^^^^^^^^^^^^^^^^^^^^^^^^^^^^^^^^^^^^^^^^^^^^^^^^^
    |   File "C:\Users\Twazei_ceo\AppData\Roaming\Python\Python314\site-packages\sqlalchemy\ext\asyncio\session.py", line 448, in execute
    |     result = await greenlet_spawn(
    |              ^^^^^^^^^^^^^^^^^^^^^
    |     ...<6 lines>...
    |     )
    |     ^
    |   File "C:\Users\Twazei_ceo\AppData\Roaming\Python\Python314\site-packages\sqlalchemy\util\_concurrency_py3k.py", line 201, in greenlet_spawn
    |     result = context.throw(*sys.exc_info())
    |   File "C:\Users\Twazei_ceo\AppData\Roaming\Python\Python314\site-packages\sqlalchemy\orm\session.py", line 2373, in execute
    |     return self._execute_internal(
    |            ~~~~~~~~~~~~~~~~~~~~~~^
    |         statement,
    |         ^^^^^^^^^^
    |     ...<4 lines>...
    |         _add_event=_add_event,
    |         ^^^^^^^^^^^^^^^^^^^^^^
    |     )
    |     ^
    |   File "C:\Users\Twazei_ceo\AppData\Roaming\Python\Python314\site-packages\sqlalchemy\orm\session.py", line 2261, in _execute_internal
    |     conn = self._connection_for_bind(bind)
    |   File "C:\Users\Twazei_ceo\AppData\Roaming\Python\Python314\site-packages\sqlalchemy\orm\session.py", line 2113, in _connection_for_bind
    |     return trans._connection_for_bind(engine, execution_options)
    |            ~~~~~~~~~~~~~~~~~~~~~~~~~~^^^^^^^^^^^^^^^^^^^^^^^^^^^
    |   File "<string>", line 2, in _connection_for_bind
    |   File "C:\Users\Twazei_ceo\AppData\Roaming\Python\Python314\site-packages\sqlalchemy\orm\state_changes.py", line 137, in _go
    |     ret_value = fn(self, *arg, **kw)
    |   File "C:\Users\Twazei_ceo\AppData\Roaming\Python\Python314\site-packages\sqlalchemy\orm\session.py", line 1191, in _connection_for_bind
    |     conn = bind.connect()
    |   File "C:\Users\Twazei_ceo\AppData\Roaming\Python\Python314\site-packages\sqlalchemy\engine\base.py", line 3295, in connect
    |     return self._connection_cls(self)
    |            ~~~~~~~~~~~~~~~~~~~~^^^^^^
    |   File "C:\Users\Twazei_ceo\AppData\Roaming\Python\Python314\site-packages\sqlalchemy\engine\base.py", line 144, in __init__
    |     self._dbapi_connection = engine.raw_connection()
    |                              ~~~~~~~~~~~~~~~~~~~~~^^
    |   File "C:\Users\Twazei_ceo\AppData\Roaming\Python\Python314\site-packages\sqlalchemy\engine\base.py", line 3319, in raw_connection
    |     return self.pool.connect()
    |            ~~~~~~~~~~~~~~~~~^^
    |   File "C:\Users\Twazei_ceo\AppData\Roaming\Python\Python314\site-packages\sqlalchemy\pool\base.py", line 448, in connect
    |     return _ConnectionFairy._checkout(self)
    |            ~~~~~~~~~~~~~~~~~~~~~~~~~~^^^^^^
    |   File "C:\Users\Twazei_ceo\AppData\Roaming\Python\Python314\site-packages\sqlalchemy\pool\base.py", line 1272, in _checkout
    |     fairy = _ConnectionRecord.checkout(pool)
    |   File "C:\Users\Twazei_ceo\AppData\Roaming\Python\Python314\site-packages\sqlalchemy\pool\base.py", line 712, in checkout
    |     rec = pool._do_get()
    |   File "C:\Users\Twazei_ceo\AppData\Roaming\Python\Python314\site-packages\sqlalchemy\pool\impl.py", line 178, in _do_get
    |     with util.safe_reraise():
    |          ~~~~~~~~~~~~~~~~~^^
    |   File "C:\Users\Twazei_ceo\AppData\Roaming\Python\Python314\site-packages\sqlalchemy\util\langhelpers.py", line 122, in __exit__
    |     raise exc_value.with_traceback(exc_tb)
    |   File "C:\Users\Twazei_ceo\AppData\Roaming\Python\Python314\site-packages\sqlalchemy\pool\impl.py", line 176, in _do_get
    |     return self._create_connection()
    |            ~~~~~~~~~~~~~~~~~~~~~~~^^
    |   File "C:\Users\Twazei_ceo\AppData\Roaming\Python\Python314\site-packages\sqlalchemy\pool\base.py", line 389, in _create_connection
    |     return _ConnectionRecord(self)
    |   File "C:\Users\Twazei_ceo\AppData\Roaming\Python\Python314\site-packages\sqlalchemy\pool\base.py", line 674, in __init__
    |     self.__connect()
    |     ~~~~~~~~~~~~~~^^
    |   File "C:\Users\Twazei_ceo\AppData\Roaming\Python\Python314\site-packages\sqlalchemy\pool\base.py", line 900, in __connect
    |     with util.safe_reraise():
    |          ~~~~~~~~~~~~~~~~~^^
    |   File "C:\Users\Twazei_ceo\AppData\Roaming\Python\Python314\site-packages\sqlalchemy\util\langhelpers.py", line 122, in __exit__
    |     raise exc_value.with_traceback(exc_tb)
    |   File "C:\Users\Twazei_ceo\AppData\Roaming\Python\Python314\site-packages\sqlalchemy\pool\base.py", line 896, in __connect
    |     self.dbapi_connection = connection = pool._invoke_creator(self)
    |                                          ~~~~~~~~~~~~~~~~~~~~^^^^^^
    |   File "C:\Users\Twazei_ceo\AppData\Roaming\Python\Python314\site-packages\sqlalchemy\engine\create.py", line 667, in connect
    |     return dialect.connect(*cargs_tup, **cparams)
    |            ~~~~~~~~~~~~~~~^^^^^^^^^^^^^^^^^^^^^^^
    |   File "C:\Users\Twazei_ceo\AppData\Roaming\Python\Python314\site-packages\sqlalchemy\engine\default.py", line 630, in connect
    |     return self.loaded_dbapi.connect(*cargs, **cparams)  # type: ignore[no-any-return]  # NOQA: E501
    |            ~~~~~~~~~~~~~~~~~~~~~~~~~^^^^^^^^^^^^^^^^^^^
    |   File "C:\Users\Twazei_ceo\AppData\Roaming\Python\Python314\site-packages\sqlalchemy\dialects\postgresql\asyncpg.py", line 955, in connect
    |     await_only(creator_fn(*arg, **kw)),
    |     ~~~~~~~~~~^^^^^^^^^^^^^^^^^^^^^^^^
    |   File "C:\Users\Twazei_ceo\AppData\Roaming\Python\Python314\site-packages\sqlalchemy\util\_concurrency_py3k.py", line 132, in await_only
    |     return current.parent.switch(awaitable)  # type: ignore[no-any-return,attr-defined] # noqa: E501
    |            ~~~~~~~~~~~~~~~~~~~~~^^^^^^^^^^^
    |   File "C:\Users\Twazei_ceo\AppData\Roaming\Python\Python314\site-packages\sqlalchemy\util\_concurrency_py3k.py", line 196, in greenlet_spawn
    |     value = await result
    |             ^^^^^^^^^^^^
    |   File "C:\Users\Twazei_ceo\AppData\Roaming\Python\Python314\site-packages\asyncpg\connection.py", line 2443, in connect
    |     return await connect_utils._connect(
    |            ^^^^^^^^^^^^^^^^^^^^^^^^^^^^^
    |     ...<22 lines>...
    |     )
    |     ^
    |   File "C:\Users\Twazei_ceo\AppData\Roaming\Python\Python314\site-packages\asyncpg\connect_utils.py", line 1249, in _connect
    |     raise last_error or exceptions.TargetServerAttributeNotMatched(
    |     ...<2 lines>...
    |     )
    |   File "C:\Users\Twazei_ceo\AppData\Roaming\Python\Python314\site-packages\asyncpg\connect_utils.py", line 1218, in _connect
    |     conn = await _connect_addr(
    |            ^^^^^^^^^^^^^^^^^^^^
    |     ...<6 lines>...
    |     )
    |     ^
    |   File "C:\Users\Twazei_ceo\AppData\Roaming\Python\Python314\site-packages\asyncpg\connect_utils.py", line 1054, in _connect_addr
    |     return await __connect_addr(params, True, *args)
    |            ^^^^^^^^^^^^^^^^^^^^^^^^^^^^^^^^^^^^^^^^^
    |   File "C:\Users\Twazei_ceo\AppData\Roaming\Python\Python314\site-packages\asyncpg\connect_utils.py", line 1099, in __connect_addr
    |     tr, pr = await connector
    |              ^^^^^^^^^^^^^^^
    |   File "C:\Users\Twazei_ceo\AppData\Roaming\Python\Python314\site-packages\asyncpg\connect_utils.py", line 969, in _create_ssl_connection
    |     tr, pr = await loop.create_connection(
    |              ^^^^^^^^^^^^^^^^^^^^^^^^^^^^^
    |     ...<2 lines>...
    |         host, port)
    |         ^^^^^^^^^^^
    |   File "C:\Python314\Lib\asyncio\base_events.py", line 1173, in create_connection
    |     raise exceptions[0]
    |   File "C:\Python314\Lib\asyncio\base_events.py", line 1143, in create_connection
    |     sock = await self._connect_sock(
    |            ^^^^^^^^^^^^^^^^^^^^^^^^^
    |         exceptions, addrinfo, laddr_infos)
    |         ^^^^^^^^^^^^^^^^^^^^^^^^^^^^^^^^^^
    |   File "C:\Python314\Lib\asyncio\base_events.py", line 1042, in _connect_sock
    |     await self.sock_connect(sock, address)
    |   File "C:\Python314\Lib\asyncio\proactor_events.py", line 728, in sock_connect
    |     return await self._proactor.connect(sock, address)
    |            ^^^^^^^^^^^^^^^^^^^^^^^^^^^^^^^^^^^^^^^^^^^
    |   File "C:\Python314\Lib\asyncio\windows_events.py", line 804, in _poll
    |     value = callback(transferred, key, ov)
    |   File "C:\Python314\Lib\asyncio\windows_events.py", line 600, in finish_connect
    |     ov.getresult()
    |     ~~~~~~~~~~~~^^
    | ConnectionRefusedError: [WinError 1225] The remote computer refused the network connection
    +------------------------------------

During handling of the above exception, another exception occurred:

Traceback (most recent call last):
  File "C:\Users\Twazei_ceo\AppData\Roaming\Python\Python314\site-packages\starlette\middleware\errors.py", line 165, in __call__
    await self.app(scope, receive, _send)
  File "C:\Users\Twazei_ceo\AppData\Roaming\Python\Python314\site-packages\starlette\middleware\base.py", line 185, in __call__
    with collapse_excgroups():
         ~~~~~~~~~~~~~~~~~~^^
  File "C:\Python314\Lib\contextlib.py", line 162, in __exit__
    self.gen.throw(value)
    ~~~~~~~~~~~~~~^^^^^^^
  File "C:\Users\Twazei_ceo\AppData\Roaming\Python\Python314\site-packages\starlette\_utils.py", line 83, in collapse_excgroups
    raise exc
  File "C:\Users\Twazei_ceo\AppData\Roaming\Python\Python314\site-packages\starlette\middleware\base.py", line 187, in __call__
    response = await self.dispatch_func(request, call_next)
               ^^^^^^^^^^^^^^^^^^^^^^^^^^^^^^^^^^^^^^^^^^^^
  File "E:\Huffathul Hifaaz_asl\services\core-backend\app\main.py", line 102, in log_request_performance
    response = await call_next(request)
               ^^^^^^^^^^^^^^^^^^^^^^^^
  File "C:\Users\Twazei_ceo\AppData\Roaming\Python\Python314\site-packages\starlette\middleware\base.py", line 163, in call_next
    raise app_exc
  File "C:\Users\Twazei_ceo\AppData\Roaming\Python\Python314\site-packages\starlette\middleware\base.py", line 149, in coro
    await self.app(scope, receive_or_disconnect, send_no_error)
  File "C:\Users\Twazei_ceo\AppData\Roaming\Python\Python314\site-packages\starlette\middleware\cors.py", line 93, in __call__
    await self.simple_response(scope, receive, send, request_headers=headers)
  File "C:\Users\Twazei_ceo\AppData\Roaming\Python\Python314\site-packages\starlette\middleware\cors.py", line 144, in simple_response
    await self.app(scope, receive, send)
  File "C:\Users\Twazei_ceo\AppData\Roaming\Python\Python314\site-packages\starlette\middleware\exceptions.py", line 62, in __call__
    await wrap_app_handling_exceptions(self.app, conn)(scope, receive, send)
  File "C:\Users\Twazei_ceo\AppData\Roaming\Python\Python314\site-packages\starlette\_exception_handler.py", line 62, in wrapped_app
    raise exc
  File "C:\Users\Twazei_ceo\AppData\Roaming\Python\Python314\site-packages\starlette\_exception_handler.py", line 51, in wrapped_app
    await app(scope, receive, sender)
  File "C:\Users\Twazei_ceo\AppData\Roaming\Python\Python314\site-packages\starlette\routing.py", line 715, in __call__
    await self.middleware_stack(scope, receive, send)
  File "C:\Users\Twazei_ceo\AppData\Roaming\Python\Python314\site-packages\starlette\routing.py", line 735, in app
    await route.handle(scope, receive, send)
  File "C:\Users\Twazei_ceo\AppData\Roaming\Python\Python314\site-packages\starlette\routing.py", line 288, in handle
    await self.app(scope, receive, send)
  File "C:\Users\Twazei_ceo\AppData\Roaming\Python\Python314\site-packages\starlette\routing.py", line 76, in app
    await wrap_app_handling_exceptions(app, request)(scope, receive, send)
  File "C:\Users\Twazei_ceo\AppData\Roaming\Python\Python314\site-packages\starlette\_exception_handler.py", line 62, in wrapped_app
    raise exc
  File "C:\Users\Twazei_ceo\AppData\Roaming\Python\Python314\site-packages\starlette\_exception_handler.py", line 51, in wrapped_app
    await app(scope, receive, sender)
  File "C:\Users\Twazei_ceo\AppData\Roaming\Python\Python314\site-packages\starlette\routing.py", line 73, in app
    response = await f(request)
               ^^^^^^^^^^^^^^^^
  File "C:\Python314\Lib\site-packages\fastapi\routing.py", line 301, in app
    raw_response = await run_endpoint_function(
                   ^^^^^^^^^^^^^^^^^^^^^^^^^^^^
    ...<3 lines>...
    )
    ^
  File "C:\Python314\Lib\site-packages\fastapi\routing.py", line 212, in run_endpoint_function
    return await dependant.call(**values)
           ^^^^^^^^^^^^^^^^^^^^^^^^^^^^^^
  File "E:\Huffathul Hifaaz_asl\services\core-backend\app\routers\auth.py", line 106, in login
    user_query = await db.execute(select(User).where(User.email == target_email))
                 ^^^^^^^^^^^^^^^^^^^^^^^^^^^^^^^^^^^^^^^^^^^^^^^^^^^^^^^^^^^^^^^^
  File "C:\Users\Twazei_ceo\AppData\Roaming\Python\Python314\site-packages\sqlalchemy\ext\asyncio\session.py", line 448, in execute
    result = await greenlet_spawn(
             ^^^^^^^^^^^^^^^^^^^^^
    ...<6 lines>...
    )
    ^
  File "C:\Users\Twazei_ceo\AppData\Roaming\Python\Python314\site-packages\sqlalchemy\util\_concurrency_py3k.py", line 201, in greenlet_spawn
    result = context.throw(*sys.exc_info())
  File "C:\Users\Twazei_ceo\AppData\Roaming\Python\Python314\site-packages\sqlalchemy\orm\session.py", line 2373, in execute
    return self._execute_internal(
           ~~~~~~~~~~~~~~~~~~~~~~^
        statement,
        ^^^^^^^^^^
    ...<4 lines>...
        _add_event=_add_event,
        ^^^^^^^^^^^^^^^^^^^^^^
    )
    ^
  File "C:\Users\Twazei_ceo\AppData\Roaming\Python\Python314\site-packages\sqlalchemy\orm\session.py", line 2261, in _execute_internal
    conn = self._connection_for_bind(bind)
  File "C:\Users\Twazei_ceo\AppData\Roaming\Python\Python314\site-packages\sqlalchemy\orm\session.py", line 2113, in _connection_for_bind
    return trans._connection_for_bind(engine, execution_options)
           ~~~~~~~~~~~~~~~~~~~~~~~~~~^^^^^^^^^^^^^^^^^^^^^^^^^^^
  File "<string>", line 2, in _connection_for_bind
  File "C:\Users\Twazei_ceo\AppData\Roaming\Python\Python314\site-packages\sqlalchemy\orm\state_changes.py", line 137, in _go
    ret_value = fn(self, *arg, **kw)
  File "C:\Users\Twazei_ceo\AppData\Roaming\Python\Python314\site-packages\sqlalchemy\orm\session.py", line 1191, in _connection_for_bind
    conn = bind.connect()
  File "C:\Users\Twazei_ceo\AppData\Roaming\Python\Python314\site-packages\sqlalchemy\engine\base.py", line 3295, in connect
    return self._connection_cls(self)
           ~~~~~~~~~~~~~~~~~~~~^^^^^^
  File "C:\Users\Twazei_ceo\AppData\Roaming\Python\Python314\site-packages\sqlalchemy\engine\base.py", line 144, in __init__
    self._dbapi_connection = engine.raw_connection()
                             ~~~~~~~~~~~~~~~~~~~~~^^
  File "C:\Users\Twazei_ceo\AppData\Roaming\Python\Python314\site-packages\sqlalchemy\engine\base.py", line 3319, in raw_connection
    return self.pool.connect()
           ~~~~~~~~~~~~~~~~~^^
  File "C:\Users\Twazei_ceo\AppData\Roaming\Python\Python314\site-packages\sqlalchemy\pool\base.py", line 448, in connect
    return _ConnectionFairy._checkout(self)
           ~~~~~~~~~~~~~~~~~~~~~~~~~~^^^^^^
  File "C:\Users\Twazei_ceo\AppData\Roaming\Python\Python314\site-packages\sqlalchemy\pool\base.py", line 1272, in _checkout
    fairy = _ConnectionRecord.checkout(pool)
  File "C:\Users\Twazei_ceo\AppData\Roaming\Python\Python314\site-packages\sqlalchemy\pool\base.py", line 712, in checkout
    rec = pool._do_get()
  File "C:\Users\Twazei_ceo\AppData\Roaming\Python\Python314\site-packages\sqlalchemy\pool\impl.py", line 178, in _do_get
    with util.safe_reraise():
         ~~~~~~~~~~~~~~~~~^^
  File "C:\Users\Twazei_ceo\AppData\Roaming\Python\Python314\site-packages\sqlalchemy\util\langhelpers.py", line 122, in __exit__
    raise exc_value.with_traceback(exc_tb)
  File "C:\Users\Twazei_ceo\AppData\Roaming\Python\Python314\site-packages\sqlalchemy\pool\impl.py", line 176, in _do_get
    return self._create_connection()
           ~~~~~~~~~~~~~~~~~~~~~~~^^
  File "C:\Users\Twazei_ceo\AppData\Roaming\Python\Python314\site-packages\sqlalchemy\pool\base.py", line 389, in _create_connection
    return _ConnectionRecord(self)
  File "C:\Users\Twazei_ceo\AppData\Roaming\Python\Python314\site-packages\sqlalchemy\pool\base.py", line 674, in __init__
    self.__connect()
    ~~~~~~~~~~~~~~^^
  File "C:\Users\Twazei_ceo\AppData\Roaming\Python\Python314\site-packages\sqlalchemy\pool\base.py", line 900, in __connect
    with util.safe_reraise():
         ~~~~~~~~~~~~~~~~~^^
  File "C:\Users\Twazei_ceo\AppData\Roaming\Python\Python314\site-packages\sqlalchemy\util\langhelpers.py", line 122, in __exit__
    raise exc_value.with_traceback(exc_tb)
  File "C:\Users\Twazei_ceo\AppData\Roaming\Python\Python314\site-packages\sqlalchemy\pool\base.py", line 896, in __connect
    self.dbapi_connection = connection = pool._invoke_creator(self)
                                         ~~~~~~~~~~~~~~~~~~~~^^^^^^
  File "C:\Users\Twazei_ceo\AppData\Roaming\Python\Python314\site-packages\sqlalchemy\engine\create.py", line 667, in connect
    return dialect.connect(*cargs_tup, **cparams)
           ~~~~~~~~~~~~~~~^^^^^^^^^^^^^^^^^^^^^^^
  File "C:\Users\Twazei_ceo\AppData\Roaming\Python\Python314\site-packages\sqlalchemy\engine\default.py", line 630, in connect
    return self.loaded_dbapi.connect(*cargs, **cparams)  # type: ignore[no-any-return]  # NOQA: E501
           ~~~~~~~~~~~~~~~~~~~~~~~~~^^^^^^^^^^^^^^^^^^^
  File "C:\Users\Twazei_ceo\AppData\Roaming\Python\Python314\site-packages\sqlalchemy\dialects\postgresql\asyncpg.py", line 955, in connect
    await_only(creator_fn(*arg, **kw)),
    ~~~~~~~~~~^^^^^^^^^^^^^^^^^^^^^^^^
  File "C:\Users\Twazei_ceo\AppData\Roaming\Python\Python314\site-packages\sqlalchemy\util\_concurrency_py3k.py", line 132, in await_only
    return current.parent.switch(awaitable)  # type: ignore[no-any-return,attr-defined] # noqa: E501
           ~~~~~~~~~~~~~~~~~~~~~^^^^^^^^^^^
  File "C:\Users\Twazei_ceo\AppData\Roaming\Python\Python314\site-packages\sqlalchemy\util\_concurrency_py3k.py", line 196, in greenlet_spawn
    value = await result
            ^^^^^^^^^^^^
  File "C:\Users\Twazei_ceo\AppData\Roaming\Python\Python314\site-packages\asyncpg\connection.py", line 2443, in connect
    return await connect_utils._connect(
           ^^^^^^^^^^^^^^^^^^^^^^^^^^^^^
    ...<22 lines>...
    )
    ^
  File "C:\Users\Twazei_ceo\AppData\Roaming\Python\Python314\site-packages\asyncpg\connect_utils.py", line 1249, in _connect
    raise last_error or exceptions.TargetServerAttributeNotMatched(
    ...<2 lines>...
    )
  File "C:\Users\Twazei_ceo\AppData\Roaming\Python\Python314\site-packages\asyncpg\connect_utils.py", line 1218, in _connect
    conn = await _connect_addr(
           ^^^^^^^^^^^^^^^^^^^^
    ...<6 lines>...
    )
    ^
  File "C:\Users\Twazei_ceo\AppData\Roaming\Python\Python314\site-packages\asyncpg\connect_utils.py", line 1054, in _connect_addr
    return await __connect_addr(params, True, *args)
           ^^^^^^^^^^^^^^^^^^^^^^^^^^^^^^^^^^^^^^^^^
  File "C:\Users\Twazei_ceo\AppData\Roaming\Python\Python314\site-packages\asyncpg\connect_utils.py", line 1099, in __connect_addr
    tr, pr = await connector
             ^^^^^^^^^^^^^^^
  File "C:\Users\Twazei_ceo\AppData\Roaming\Python\Python314\site-packages\asyncpg\connect_utils.py", line 969, in _create_ssl_connection
    tr, pr = await loop.create_connection(
             ^^^^^^^^^^^^^^^^^^^^^^^^^^^^^
    ...<2 lines>...
        host, port)
        ^^^^^^^^^^^
  File "C:\Python314\Lib\asyncio\base_events.py", line 1173, in create_connection
    raise exceptions[0]
  File "C:\Python314\Lib\asyncio\base_events.py", line 1143, in create_connection
    sock = await self._connect_sock(
           ^^^^^^^^^^^^^^^^^^^^^^^^^
        exceptions, addrinfo, laddr_infos)
        ^^^^^^^^^^^^^^^^^^^^^^^^^^^^^^^^^^
  File "C:\Python314\Lib\asyncio\base_events.py", line 1042, in _connect_sock
    await self.sock_connect(sock, address)
  File "C:\Python314\Lib\asyncio\proactor_events.py", line 728, in sock_connect
    return await self._proactor.connect(sock, address)
           ^^^^^^^^^^^^^^^^^^^^^^^^^^^^^^^^^^^^^^^^^^^
  File "C:\Python314\Lib\asyncio\windows_events.py", line 804, in _poll
    value = callback(transferred, key, ov)
  File "C:\Python314\Lib\asyncio\windows_events.py", line 600, in finish_connect
    ov.getresult()
    ~~~~~~~~~~~~^^
ConnectionRefusedError: [WinError 1225] The remote computer refused the network connection
ERROR:    Exception in ASGI application
  + Exception Group Traceback (most recent call last):
  |   File "C:\Users\Twazei_ceo\AppData\Roaming\Python\Python314\site-packages\starlette\_utils.py", line 77, in collapse_excgroups
  |     yield
  |   File "C:\Users\Twazei_ceo\AppData\Roaming\Python\Python314\site-packages\starlette\middleware\base.py", line 186, in __call__
  |     async with anyio.create_task_group() as task_group:
  |                ~~~~~~~~~~~~~~~~~~~~~~~^^
  |   File "C:\Python314\Lib\site-packages\anyio\_backends\_asyncio.py", line 815, in __aexit__
  |     raise BaseExceptionGroup(
  |         "unhandled errors in a TaskGroup", self._exceptions
  |     ) from None
  | ExceptionGroup: unhandled errors in a TaskGroup (1 sub-exception)
  +-+---------------- 1 ----------------
    | Traceback (most recent call last):
    |   File "C:\Python314\Lib\site-packages\uvicorn\protocols\http\httptools_impl.py", line 401, in run_asgi
    |     result = await app(  # type: ignore[func-returns-value]
    |              ^^^^^^^^^^^^^^^^^^^^^^^^^^^^^^^^^^^^^^^^^^^^^^
    |         self.scope, self.receive, self.send
    |         ^^^^^^^^^^^^^^^^^^^^^^^^^^^^^^^^^^^
    |     )
    |     ^
    |   File "C:\Python314\Lib\site-packages\uvicorn\middleware\proxy_headers.py", line 70, in __call__
    |     return await self.app(scope, receive, send)
    |            ^^^^^^^^^^^^^^^^^^^^^^^^^^^^^^^^^^^^
    |   File "C:\Python314\Lib\site-packages\fastapi\applications.py", line 1054, in __call__
    |     await super().__call__(scope, receive, send)
    |   File "C:\Users\Twazei_ceo\AppData\Roaming\Python\Python314\site-packages\starlette\applications.py", line 113, in __call__
    |     await self.middleware_stack(scope, receive, send)
    |   File "C:\Users\Twazei_ceo\AppData\Roaming\Python\Python314\site-packages\starlette\middleware\errors.py", line 187, in __call__
    |     raise exc
    |   File "C:\Users\Twazei_ceo\AppData\Roaming\Python\Python314\site-packages\starlette\middleware\errors.py", line 165, in __call__
    |     await self.app(scope, receive, _send)
    |   File "C:\Users\Twazei_ceo\AppData\Roaming\Python\Python314\site-packages\starlette\middleware\base.py", line 185, in __call__
    |     with collapse_excgroups():
    |          ~~~~~~~~~~~~~~~~~~^^
    |   File "C:\Python314\Lib\contextlib.py", line 162, in __exit__
    |     self.gen.throw(value)
    |     ~~~~~~~~~~~~~~^^^^^^^
    |   File "C:\Users\Twazei_ceo\AppData\Roaming\Python\Python314\site-packages\starlette\_utils.py", line 83, in collapse_excgroups
    |     raise exc
    |   File "C:\Users\Twazei_ceo\AppData\Roaming\Python\Python314\site-packages\starlette\middleware\base.py", line 187, in __call__
    |     response = await self.dispatch_func(request, call_next)
    |                ^^^^^^^^^^^^^^^^^^^^^^^^^^^^^^^^^^^^^^^^^^^^
    |   File "E:\Huffathul Hifaaz_asl\services\core-backend\app\main.py", line 102, in log_request_performance
    |     response = await call_next(request)
    |                ^^^^^^^^^^^^^^^^^^^^^^^^
    |   File "C:\Users\Twazei_ceo\AppData\Roaming\Python\Python314\site-packages\starlette\middleware\base.py", line 163, in call_next
    |     raise app_exc
    |   File "C:\Users\Twazei_ceo\AppData\Roaming\Python\Python314\site-packages\starlette\middleware\base.py", line 149, in coro
    |     await self.app(scope, receive_or_disconnect, send_no_error)
    |   File "C:\Users\Twazei_ceo\AppData\Roaming\Python\Python314\site-packages\starlette\middleware\cors.py", line 93, in __call__
    |     await self.simple_response(scope, receive, send, request_headers=headers)
    |   File "C:\Users\Twazei_ceo\AppData\Roaming\Python\Python314\site-packages\starlette\middleware\cors.py", line 144, in simple_response
    |     await self.app(scope, receive, send)
    |   File "C:\Users\Twazei_ceo\AppData\Roaming\Python\Python314\site-packages\starlette\middleware\exceptions.py", line 62, in __call__
    |     await wrap_app_handling_exceptions(self.app, conn)(scope, receive, send)
    |   File "C:\Users\Twazei_ceo\AppData\Roaming\Python\Python314\site-packages\starlette\_exception_handler.py", line 62, in wrapped_app
    |     raise exc
    |   File "C:\Users\Twazei_ceo\AppData\Roaming\Python\Python314\site-packages\starlette\_exception_handler.py", line 51, in wrapped_app
    |     await app(scope, receive, sender)
    |   File "C:\Users\Twazei_ceo\AppData\Roaming\Python\Python314\site-packages\starlette\routing.py", line 715, in __call__
    |     await self.middleware_stack(scope, receive, send)
    |   File "C:\Users\Twazei_ceo\AppData\Roaming\Python\Python314\site-packages\starlette\routing.py", line 735, in app
    |     await route.handle(scope, receive, send)
    |   File "C:\Users\Twazei_ceo\AppData\Roaming\Python\Python314\site-packages\starlette\routing.py", line 288, in handle
    |     await self.app(scope, receive, send)
    |   File "C:\Users\Twazei_ceo\AppData\Roaming\Python\Python314\site-packages\starlette\routing.py", line 76, in app
    |     await wrap_app_handling_exceptions(app, request)(scope, receive, send)
    |   File "C:\Users\Twazei_ceo\AppData\Roaming\Python\Python314\site-packages\starlette\_exception_handler.py", line 62, in wrapped_app
    |     raise exc
    |   File "C:\Users\Twazei_ceo\AppData\Roaming\Python\Python314\site-packages\starlette\_exception_handler.py", line 51, in wrapped_app
    |     await app(scope, receive, sender)
    |   File "C:\Users\Twazei_ceo\AppData\Roaming\Python\Python314\site-packages\starlette\routing.py", line 73, in app
    |     response = await f(request)
    |                ^^^^^^^^^^^^^^^^
    |   File "C:\Python314\Lib\site-packages\fastapi\routing.py", line 301, in app
    |     raw_response = await run_endpoint_function(
    |                    ^^^^^^^^^^^^^^^^^^^^^^^^^^^^
    |     ...<3 lines>...
    |     )
    |     ^
    |   File "C:\Python314\Lib\site-packages\fastapi\routing.py", line 212, in run_endpoint_function
    |     return await dependant.call(**values)
    |            ^^^^^^^^^^^^^^^^^^^^^^^^^^^^^^
    |   File "E:\Huffathul Hifaaz_asl\services\core-backend\app\routers\auth.py", line 106, in login
    |     user_query = await db.execute(select(User).where(User.email == target_email))
    |                  ^^^^^^^^^^^^^^^^^^^^^^^^^^^^^^^^^^^^^^^^^^^^^^^^^^^^^^^^^^^^^^^^
    |   File "C:\Users\Twazei_ceo\AppData\Roaming\Python\Python314\site-packages\sqlalchemy\ext\asyncio\session.py", line 448, in execute
    |     result = await greenlet_spawn(
    |              ^^^^^^^^^^^^^^^^^^^^^
    |     ...<6 lines>...
    |     )
    |     ^
    |   File "C:\Users\Twazei_ceo\AppData\Roaming\Python\Python314\site-packages\sqlalchemy\util\_concurrency_py3k.py", line 201, in greenlet_spawn
    |     result = context.throw(*sys.exc_info())
    |   File "C:\Users\Twazei_ceo\AppData\Roaming\Python\Python314\site-packages\sqlalchemy\orm\session.py", line 2373, in execute
    |     return self._execute_internal(
    |            ~~~~~~~~~~~~~~~~~~~~~~^
    |         statement,
    |         ^^^^^^^^^^
    |     ...<4 lines>...
    |         _add_event=_add_event,
    |         ^^^^^^^^^^^^^^^^^^^^^^
    |     )
    |     ^
    |   File "C:\Users\Twazei_ceo\AppData\Roaming\Python\Python314\site-packages\sqlalchemy\orm\session.py", line 2261, in _execute_internal
    |     conn = self._connection_for_bind(bind)
    |   File "C:\Users\Twazei_ceo\AppData\Roaming\Python\Python314\site-packages\sqlalchemy\orm\session.py", line 2113, in _connection_for_bind
    |     return trans._connection_for_bind(engine, execution_options)
    |            ~~~~~~~~~~~~~~~~~~~~~~~~~~^^^^^^^^^^^^^^^^^^^^^^^^^^^
    |   File "<string>", line 2, in _connection_for_bind
    |   File "C:\Users\Twazei_ceo\AppData\Roaming\Python\Python314\site-packages\sqlalchemy\orm\state_changes.py", line 137, in _go
    |     ret_value = fn(self, *arg, **kw)
    |   File "C:\Users\Twazei_ceo\AppData\Roaming\Python\Python314\site-packages\sqlalchemy\orm\session.py", line 1191, in _connection_for_bind
    |     conn = bind.connect()
    |   File "C:\Users\Twazei_ceo\AppData\Roaming\Python\Python314\site-packages\sqlalchemy\engine\base.py", line 3295, in connect
    |     return self._connection_cls(self)
    |            ~~~~~~~~~~~~~~~~~~~~^^^^^^
    |   File "C:\Users\Twazei_ceo\AppData\Roaming\Python\Python314\site-packages\sqlalchemy\engine\base.py", line 144, in __init__
    |     self._dbapi_connection = engine.raw_connection()
    |                              ~~~~~~~~~~~~~~~~~~~~~^^
    |   File "C:\Users\Twazei_ceo\AppData\Roaming\Python\Python314\site-packages\sqlalchemy\engine\base.py", line 3319, in raw_connection
    |     return self.pool.connect()
    |            ~~~~~~~~~~~~~~~~~^^
    |   File "C:\Users\Twazei_ceo\AppData\Roaming\Python\Python314\site-packages\sqlalchemy\pool\base.py", line 448, in connect
    |     return _ConnectionFairy._checkout(self)
    |            ~~~~~~~~~~~~~~~~~~~~~~~~~~^^^^^^
    |   File "C:\Users\Twazei_ceo\AppData\Roaming\Python\Python314\site-packages\sqlalchemy\pool\base.py", line 1272, in _checkout
    |     fairy = _ConnectionRecord.checkout(pool)
    |   File "C:\Users\Twazei_ceo\AppData\Roaming\Python\Python314\site-packages\sqlalchemy\pool\base.py", line 712, in checkout
    |     rec = pool._do_get()
    |   File "C:\Users\Twazei_ceo\AppData\Roaming\Python\Python314\site-packages\sqlalchemy\pool\impl.py", line 178, in _do_get
    |     with util.safe_reraise():
    |          ~~~~~~~~~~~~~~~~~^^
    |   File "C:\Users\Twazei_ceo\AppData\Roaming\Python\Python314\site-packages\sqlalchemy\util\langhelpers.py", line 122, in __exit__
    |     raise exc_value.with_traceback(exc_tb)
    |   File "C:\Users\Twazei_ceo\AppData\Roaming\Python\Python314\site-packages\sqlalchemy\pool\impl.py", line 176, in _do_get
    |     return self._create_connection()
    |            ~~~~~~~~~~~~~~~~~~~~~~~^^
    |   File "C:\Users\Twazei_ceo\AppData\Roaming\Python\Python314\site-packages\sqlalchemy\pool\base.py", line 389, in _create_connection
    |     return _ConnectionRecord(self)
    |   File "C:\Users\Twazei_ceo\AppData\Roaming\Python\Python314\site-packages\sqlalchemy\pool\base.py", line 674, in __init__
    |     self.__connect()
    |     ~~~~~~~~~~~~~~^^
    |   File "C:\Users\Twazei_ceo\AppData\Roaming\Python\Python314\site-packages\sqlalchemy\pool\base.py", line 900, in __connect
    |     with util.safe_reraise():
    |          ~~~~~~~~~~~~~~~~~^^
    |   File "C:\Users\Twazei_ceo\AppData\Roaming\Python\Python314\site-packages\sqlalchemy\util\langhelpers.py", line 122, in __exit__
    |     raise exc_value.with_traceback(exc_tb)
    |   File "C:\Users\Twazei_ceo\AppData\Roaming\Python\Python314\site-packages\sqlalchemy\pool\base.py", line 896, in __connect
    |     self.dbapi_connection = connection = pool._invoke_creator(self)
    |                                          ~~~~~~~~~~~~~~~~~~~~^^^^^^
    |   File "C:\Users\Twazei_ceo\AppData\Roaming\Python\Python314\site-packages\sqlalchemy\engine\create.py", line 667, in connect
    |     return dialect.connect(*cargs_tup, **cparams)
    |            ~~~~~~~~~~~~~~~^^^^^^^^^^^^^^^^^^^^^^^
    |   File "C:\Users\Twazei_ceo\AppData\Roaming\Python\Python314\site-packages\sqlalchemy\engine\default.py", line 630, in connect
    |     return self.loaded_dbapi.connect(*cargs, **cparams)  # type: ignore[no-any-return]  # NOQA: E501
    |            ~~~~~~~~~~~~~~~~~~~~~~~~~^^^^^^^^^^^^^^^^^^^
    |   File "C:\Users\Twazei_ceo\AppData\Roaming\Python\Python314\site-packages\sqlalchemy\dialects\postgresql\asyncpg.py", line 955, in connect
    |     await_only(creator_fn(*arg, **kw)),
    |     ~~~~~~~~~~^^^^^^^^^^^^^^^^^^^^^^^^
    |   File "C:\Users\Twazei_ceo\AppData\Roaming\Python\Python314\site-packages\sqlalchemy\util\_concurrency_py3k.py", line 132, in await_only
    |     return current.parent.switch(awaitable)  # type: ignore[no-any-return,attr-defined] # noqa: E501
    |            ~~~~~~~~~~~~~~~~~~~~~^^^^^^^^^^^
    |   File "C:\Users\Twazei_ceo\AppData\Roaming\Python\Python314\site-packages\sqlalchemy\util\_concurrency_py3k.py", line 196, in greenlet_spawn
    |     value = await result
    |             ^^^^^^^^^^^^
    |   File "C:\Users\Twazei_ceo\AppData\Roaming\Python\Python314\site-packages\asyncpg\connection.py", line 2443, in connect
    |     return await connect_utils._connect(
    |            ^^^^^^^^^^^^^^^^^^^^^^^^^^^^^
    |     ...<22 lines>...
    |     )
    |     ^
    |   File "C:\Users\Twazei_ceo\AppData\Roaming\Python\Python314\site-packages\asyncpg\connect_utils.py", line 1249, in _connect
    |     raise last_error or exceptions.TargetServerAttributeNotMatched(
    |     ...<2 lines>...
    |     )
    |   File "C:\Users\Twazei_ceo\AppData\Roaming\Python\Python314\site-packages\asyncpg\connect_utils.py", line 1218, in _connect
    |     conn = await _connect_addr(
    |            ^^^^^^^^^^^^^^^^^^^^
    |     ...<6 lines>...
    |     )
    |     ^
    |   File "C:\Users\Twazei_ceo\AppData\Roaming\Python\Python314\site-packages\asyncpg\connect_utils.py", line 1054, in _connect_addr
    |     return await __connect_addr(params, True, *args)
    |            ^^^^^^^^^^^^^^^^^^^^^^^^^^^^^^^^^^^^^^^^^
    |   File "C:\Users\Twazei_ceo\AppData\Roaming\Python\Python314\site-packages\asyncpg\connect_utils.py", line 1099, in __connect_addr
    |     tr, pr = await connector
    |              ^^^^^^^^^^^^^^^
    |   File "C:\Users\Twazei_ceo\AppData\Roaming\Python\Python314\site-packages\asyncpg\connect_utils.py", line 969, in _create_ssl_connection
    |     tr, pr = await loop.create_connection(
    |              ^^^^^^^^^^^^^^^^^^^^^^^^^^^^^
    |     ...<2 lines>...
    |         host, port)
    |         ^^^^^^^^^^^
    |   File "C:\Python314\Lib\asyncio\base_events.py", line 1173, in create_connection
    |     raise exceptions[0]
    |   File "C:\Python314\Lib\asyncio\base_events.py", line 1143, in create_connection
    |     sock = await self._connect_sock(
    |            ^^^^^^^^^^^^^^^^^^^^^^^^^
    |         exceptions, addrinfo, laddr_infos)
    |         ^^^^^^^^^^^^^^^^^^^^^^^^^^^^^^^^^^
    |   File "C:\Python314\Lib\asyncio\base_events.py", line 1042, in _connect_sock
    |     await self.sock_connect(sock, address)
    |   File "C:\Python314\Lib\asyncio\proactor_events.py", line 728, in sock_connect
    |     return await self._proactor.connect(sock, address)
    |            ^^^^^^^^^^^^^^^^^^^^^^^^^^^^^^^^^^^^^^^^^^^
    |   File "C:\Python314\Lib\asyncio\windows_events.py", line 804, in _poll
    |     value = callback(transferred, key, ov)
    |   File "C:\Python314\Lib\asyncio\windows_events.py", line 600, in finish_connect
    |     ov.getresult()
    |     ~~~~~~~~~~~~^^
    | ConnectionRefusedError: [WinError 1225] The remote computer refused the network connection
    +------------------------------------

During handling of the above exception, another exception occurred:

Traceback (most recent call last):
  File "C:\Python314\Lib\site-packages\uvicorn\protocols\http\httptools_impl.py", line 401, in run_asgi
    result = await app(  # type: ignore[func-returns-value]
             ^^^^^^^^^^^^^^^^^^^^^^^^^^^^^^^^^^^^^^^^^^^^^^
        self.scope, self.receive, self.send
        ^^^^^^^^^^^^^^^^^^^^^^^^^^^^^^^^^^^
    )
    ^
  File "C:\Python314\Lib\site-packages\uvicorn\middleware\proxy_headers.py", line 70, in __call__
    return await self.app(scope, receive, send)
           ^^^^^^^^^^^^^^^^^^^^^^^^^^^^^^^^^^^^
  File "C:\Python314\Lib\site-packages\fastapi\applications.py", line 1054, in __call__
    await super().__call__(scope, receive, send)
  File "C:\Users\Twazei_ceo\AppData\Roaming\Python\Python314\site-packages\starlette\applications.py", line 113, in __call__
    await self.middleware_stack(scope, receive, send)
  File "C:\Users\Twazei_ceo\AppData\Roaming\Python\Python314\site-packages\starlette\middleware\errors.py", line 187, in __call__
    raise exc
  File "C:\Users\Twazei_ceo\AppData\Roaming\Python\Python314\site-packages\starlette\middleware\errors.py", line 165, in __call__
    await self.app(scope, receive, _send)
  File "C:\Users\Twazei_ceo\AppData\Roaming\Python\Python314\site-packages\starlette\middleware\base.py", line 185, in __call__
    with collapse_excgroups():
         ~~~~~~~~~~~~~~~~~~^^
  File "C:\Python314\Lib\contextlib.py", line 162, in __exit__
    self.gen.throw(value)
    ~~~~~~~~~~~~~~^^^^^^^
  File "C:\Users\Twazei_ceo\AppData\Roaming\Python\Python314\site-packages\starlette\_utils.py", line 83, in collapse_excgroups
    raise exc
  File "C:\Users\Twazei_ceo\AppData\Roaming\Python\Python314\site-packages\starlette\middleware\base.py", line 187, in __call__
    response = await self.dispatch_func(request, call_next)
               ^^^^^^^^^^^^^^^^^^^^^^^^^^^^^^^^^^^^^^^^^^^^
  File "E:\Huffathul Hifaaz_asl\services\core-backend\app\main.py", line 102, in log_request_performance
    response = await call_next(request)
               ^^^^^^^^^^^^^^^^^^^^^^^^
  File "C:\Users\Twazei_ceo\AppData\Roaming\Python\Python314\site-packages\starlette\middleware\base.py", line 163, in call_next
    raise app_exc
  File "C:\Users\Twazei_ceo\AppData\Roaming\Python\Python314\site-packages\starlette\middleware\base.py", line 149, in coro
    await self.app(scope, receive_or_disconnect, send_no_error)
  File "C:\Users\Twazei_ceo\AppData\Roaming\Python\Python314\site-packages\starlette\middleware\cors.py", line 93, in __call__
    await self.simple_response(scope, receive, send, request_headers=headers)
  File "C:\Users\Twazei_ceo\AppData\Roaming\Python\Python314\site-packages\starlette\middleware\cors.py", line 144, in simple_response
    await self.app(scope, receive, send)
  File "C:\Users\Twazei_ceo\AppData\Roaming\Python\Python314\site-packages\starlette\middleware\exceptions.py", line 62, in __call__
    await wrap_app_handling_exceptions(self.app, conn)(scope, receive, send)
  File "C:\Users\Twazei_ceo\AppData\Roaming\Python\Python314\site-packages\starlette\_exception_handler.py", line 62, in wrapped_app
    raise exc
  File "C:\Users\Twazei_ceo\AppData\Roaming\Python\Python314\site-packages\starlette\_exception_handler.py", line 51, in wrapped_app
    await app(scope, receive, sender)
  File "C:\Users\Twazei_ceo\AppData\Roaming\Python\Python314\site-packages\starlette\routing.py", line 715, in __call__
    await self.middleware_stack(scope, receive, send)
  File "C:\Users\Twazei_ceo\AppData\Roaming\Python\Python314\site-packages\starlette\routing.py", line 735, in app
    await route.handle(scope, receive, send)
  File "C:\Users\Twazei_ceo\AppData\Roaming\Python\Python314\site-packages\starlette\routing.py", line 288, in handle
    await self.app(scope, receive, send)
  File "C:\Users\Twazei_ceo\AppData\Roaming\Python\Python314\site-packages\starlette\routing.py", line 76, in app
    await wrap_app_handling_exceptions(app, request)(scope, receive, send)
  File "C:\Users\Twazei_ceo\AppData\Roaming\Python\Python314\site-packages\starlette\_exception_handler.py", line 62, in wrapped_app
    raise exc
  File "C:\Users\Twazei_ceo\AppData\Roaming\Python\Python314\site-packages\starlette\_exception_handler.py", line 51, in wrapped_app
    await app(scope, receive, sender)
  File "C:\Users\Twazei_ceo\AppData\Roaming\Python\Python314\site-packages\starlette\routing.py", line 73, in app
    response = await f(request)
               ^^^^^^^^^^^^^^^^
  File "C:\Python314\Lib\site-packages\fastapi\routing.py", line 301, in app
    raw_response = await run_endpoint_function(
                   ^^^^^^^^^^^^^^^^^^^^^^^^^^^^
    ...<3 lines>...
    )
    ^
  File "C:\Python314\Lib\site-packages\fastapi\routing.py", line 212, in run_endpoint_function
    return await dependant.call(**values)
           ^^^^^^^^^^^^^^^^^^^^^^^^^^^^^^
  File "E:\Huffathul Hifaaz_asl\services\core-backend\app\routers\auth.py", line 106, in login
    user_query = await db.execute(select(User).where(User.email == target_email))
                 ^^^^^^^^^^^^^^^^^^^^^^^^^^^^^^^^^^^^^^^^^^^^^^^^^^^^^^^^^^^^^^^^
  File "C:\Users\Twazei_ceo\AppData\Roaming\Python\Python314\site-packages\sqlalchemy\ext\asyncio\session.py", line 448, in execute
    result = await greenlet_spawn(
             ^^^^^^^^^^^^^^^^^^^^^
    ...<6 lines>...
    )
    ^
  File "C:\Users\Twazei_ceo\AppData\Roaming\Python\Python314\site-packages\sqlalchemy\util\_concurrency_py3k.py", line 201, in greenlet_spawn
    result = context.throw(*sys.exc_info())
  File "C:\Users\Twazei_ceo\AppData\Roaming\Python\Python314\site-packages\sqlalchemy\orm\session.py", line 2373, in execute
    return self._execute_internal(
           ~~~~~~~~~~~~~~~~~~~~~~^
        statement,
        ^^^^^^^^^^
    ...<4 lines>...
        _add_event=_add_event,
        ^^^^^^^^^^^^^^^^^^^^^^
    )
    ^
  File "C:\Users\Twazei_ceo\AppData\Roaming\Python\Python314\site-packages\sqlalchemy\orm\session.py", line 2261, in _execute_internal
    conn = self._connection_for_bind(bind)
  File "C:\Users\Twazei_ceo\AppData\Roaming\Python\Python314\site-packages\sqlalchemy\orm\session.py", line 2113, in _connection_for_bind
    return trans._connection_for_bind(engine, execution_options)
           ~~~~~~~~~~~~~~~~~~~~~~~~~~^^^^^^^^^^^^^^^^^^^^^^^^^^^
  File "<string>", line 2, in _connection_for_bind
  File "C:\Users\Twazei_ceo\AppData\Roaming\Python\Python314\site-packages\sqlalchemy\orm\state_changes.py", line 137, in _go
    ret_value = fn(self, *arg, **kw)
  File "C:\Users\Twazei_ceo\AppData\Roaming\Python\Python314\site-packages\sqlalchemy\orm\session.py", line 1191, in _connection_for_bind
    conn = bind.connect()
  File "C:\Users\Twazei_ceo\AppData\Roaming\Python\Python314\site-packages\sqlalchemy\engine\base.py", line 3295, in connect
    return self._connection_cls(self)
           ~~~~~~~~~~~~~~~~~~~~^^^^^^
  File "C:\Users\Twazei_ceo\AppData\Roaming\Python\Python314\site-packages\sqlalchemy\engine\base.py", line 144, in __init__
    self._dbapi_connection = engine.raw_connection()
                             ~~~~~~~~~~~~~~~~~~~~~^^
  File "C:\Users\Twazei_ceo\AppData\Roaming\Python\Python314\site-packages\sqlalchemy\engine\base.py", line 3319, in raw_connection
    return self.pool.connect()
           ~~~~~~~~~~~~~~~~~^^
  File "C:\Users\Twazei_ceo\AppData\Roaming\Python\Python314\site-packages\sqlalchemy\pool\base.py", line 448, in connect
    return _ConnectionFairy._checkout(self)
           ~~~~~~~~~~~~~~~~~~~~~~~~~~^^^^^^
  File "C:\Users\Twazei_ceo\AppData\Roaming\Python\Python314\site-packages\sqlalchemy\pool\base.py", line 1272, in _checkout
    fairy = _ConnectionRecord.checkout(pool)
  File "C:\Users\Twazei_ceo\AppData\Roaming\Python\Python314\site-packages\sqlalchemy\pool\base.py", line 712, in checkout
    rec = pool._do_get()
  File "C:\Users\Twazei_ceo\AppData\Roaming\Python\Python314\site-packages\sqlalchemy\pool\impl.py", line 178, in _do_get
    with util.safe_reraise():
         ~~~~~~~~~~~~~~~~~^^
  File "C:\Users\Twazei_ceo\AppData\Roaming\Python\Python314\site-packages\sqlalchemy\util\langhelpers.py", line 122, in __exit__
    raise exc_value.with_traceback(exc_tb)
  File "C:\Users\Twazei_ceo\AppData\Roaming\Python\Python314\site-packages\sqlalchemy\pool\impl.py", line 176, in _do_get
    return self._create_connection()
           ~~~~~~~~~~~~~~~~~~~~~~~^^
  File "C:\Users\Twazei_ceo\AppData\Roaming\Python\Python314\site-packages\sqlalchemy\pool\base.py", line 389, in _create_connection
    return _ConnectionRecord(self)
  File "C:\Users\Twazei_ceo\AppData\Roaming\Python\Python314\site-packages\sqlalchemy\pool\base.py", line 674, in __init__
    self.__connect()
    ~~~~~~~~~~~~~~^^
  File "C:\Users\Twazei_ceo\AppData\Roaming\Python\Python314\site-packages\sqlalchemy\pool\base.py", line 900, in __connect
    with util.safe_reraise():
         ~~~~~~~~~~~~~~~~~^^
  File "C:\Users\Twazei_ceo\AppData\Roaming\Python\Python314\site-packages\sqlalchemy\util\langhelpers.py", line 122, in __exit__
    raise exc_value.with_traceback(exc_tb)
  File "C:\Users\Twazei_ceo\AppData\Roaming\Python\Python314\site-packages\sqlalchemy\pool\base.py", line 896, in __connect
    self.dbapi_connection = connection = pool._invoke_creator(self)
                                         ~~~~~~~~~~~~~~~~~~~~^^^^^^
  File "C:\Users\Twazei_ceo\AppData\Roaming\Python\Python314\site-packages\sqlalchemy\engine\create.py", line 667, in connect
    return dialect.connect(*cargs_tup, **cparams)
           ~~~~~~~~~~~~~~~^^^^^^^^^^^^^^^^^^^^^^^
  File "C:\Users\Twazei_ceo\AppData\Roaming\Python\Python314\site-packages\sqlalchemy\engine\default.py", line 630, in connect
    return self.loaded_dbapi.connect(*cargs, **cparams)  # type: ignore[no-any-return]  # NOQA: E501
           ~~~~~~~~~~~~~~~~~~~~~~~~~^^^^^^^^^^^^^^^^^^^
  File "C:\Users\Twazei_ceo\AppData\Roaming\Python\Python314\site-packages\sqlalchemy\dialects\postgresql\asyncpg.py", line 955, in connect
    await_only(creator_fn(*arg, **kw)),
    ~~~~~~~~~~^^^^^^^^^^^^^^^^^^^^^^^^
  File "C:\Users\Twazei_ceo\AppData\Roaming\Python\Python314\site-packages\sqlalchemy\util\_concurrency_py3k.py", line 132, in await_only
    return current.parent.switch(awaitable)  # type: ignore[no-any-return,attr-defined] # noqa: E501
           ~~~~~~~~~~~~~~~~~~~~~^^^^^^^^^^^
  File "C:\Users\Twazei_ceo\AppData\Roaming\Python\Python314\site-packages\sqlalchemy\util\_concurrency_py3k.py", line 196, in greenlet_spawn
    value = await result
            ^^^^^^^^^^^^
  File "C:\Users\Twazei_ceo\AppData\Roaming\Python\Python314\site-packages\asyncpg\connection.py", line 2443, in connect
    return await connect_utils._connect(
           ^^^^^^^^^^^^^^^^^^^^^^^^^^^^^
    ...<22 lines>...
    )
    ^
  File "C:\Users\Twazei_ceo\AppData\Roaming\Python\Python314\site-packages\asyncpg\connect_utils.py", line 1249, in _connect
    raise last_error or exceptions.TargetServerAttributeNotMatched(
    ...<2 lines>...
    )
  File "C:\Users\Twazei_ceo\AppData\Roaming\Python\Python314\site-packages\asyncpg\connect_utils.py", line 1218, in _connect
    conn = await _connect_addr(
           ^^^^^^^^^^^^^^^^^^^^
    ...<6 lines>...
    )
    ^
  File "C:\Users\Twazei_ceo\AppData\Roaming\Python\Python314\site-packages\asyncpg\connect_utils.py", line 1054, in _connect_addr
    return await __connect_addr(params, True, *args)
           ^^^^^^^^^^^^^^^^^^^^^^^^^^^^^^^^^^^^^^^^^
  File "C:\Users\Twazei_ceo\AppData\Roaming\Python\Python314\site-packages\asyncpg\connect_utils.py", line 1099, in __connect_addr
    tr, pr = await connector
             ^^^^^^^^^^^^^^^
  File "C:\Users\Twazei_ceo\AppData\Roaming\Python\Python314\site-packages\asyncpg\connect_utils.py", line 969, in _create_ssl_connection
    tr, pr = await loop.create_connection(
             ^^^^^^^^^^^^^^^^^^^^^^^^^^^^^
    ...<2 lines>...
        host, port)
        ^^^^^^^^^^^
  File "C:\Python314\Lib\asyncio\base_events.py", line 1173, in create_connection
    raise exceptions[0]
  File "C:\Python314\Lib\asyncio\base_events.py", line 1143, in create_connection
    sock = await self._connect_sock(
           ^^^^^^^^^^^^^^^^^^^^^^^^^
        exceptions, addrinfo, laddr_infos)
        ^^^^^^^^^^^^^^^^^^^^^^^^^^^^^^^^^^
  File "C:\Python314\Lib\asyncio\base_events.py", line 1042, in _connect_sock
    await self.sock_connect(sock, address)
  File "C:\Python314\Lib\asyncio\proactor_events.py", line 728, in sock_connect
    return await self._proactor.connect(sock, address)
           ^^^^^^^^^^^^^^^^^^^^^^^^^^^^^^^^^^^^^^^^^^^
  File "C:\Python314\Lib\asyncio\windows_events.py", line 804, in _poll
    value = callback(transferred, key, ov)
  File "C:\Python314\Lib\asyncio\windows_events.py", line 600, in finish_connect
    ov.getresult()
    ~~~~~~~~~~~~^^
ConnectionRefusedError: [WinError 1225] The remote computer refused the network connection
